,pokedex_number,name,type_1,type_2,hp,attack,defense,sp_attack,sp_defense,speed,base_stat_total,height_m,weight_kg,base_experience,abilities,hidden_ability,generation,is_legendary,is_mythical,is_baby,color,shape,egg_groups,habitat,growth_rate,capture_rate,base_happiness,genus,evolution_chain_id,flavor_text,sprite_url,hp_norm,atk_norm,def_norm,sp_atk_norm,sp_def_norm,speed_norm
0,1,Bulbasaur,Grass,Poison,45,49,49,65,65,45,318,0.7,6.9,64.0,"['overgrow', 'chlorophyll']",chlorophyll,generation-1,,,False,green,quadruped,monster|plant,grassland,medium-slow,45,70,Seed Pokémon,1,A strange seed was planted on its back at birth. The plant sprouts and grows with this POKéMON.,https://raw.githubusercontent.com/PokeAPI/sprites/master/sprites/pokemon/1.png,0.1732283464566929,0.2378378378378378,0.1795918367346938,0.2669902912621359,0.1956521739130435,0.2051282051282051
1,2,Ivysaur,Grass,Poison,60,62,63,80,80,60,405,1.0,13.0,142.0,"['overgrow', 'chlorophyll']",chlorophyll,generation-1,,,False,green,quadruped,monster|plant,grassland,medium-slow,45,70,Seed Pokémon,1,"When the bulb on its back grows large, it appears to lose the ability to stand on its hind legs.",https://raw.githubusercontent.com/PokeAPI/sprites/master/sprites/pokemon/2.png,0.2322834645669291,0.3081081081081081,0.236734693877551,0.3398058252427184,0.2608695652173913,0.282051282051282
2,3,Venusaur,Grass,Poison,80,82,83,100,100,80,525,2.0,100.0,236.0,"['overgrow', 'chlorophyll']",chlorophyll,generation-1,,,False,green,quadruped,monster|plant,grassland,medium-slow,45,70,Seed Pokémon,1,The plant blooms when it is absorbing solar energy. It stays on the move to seek sunlight.,https://raw.githubusercontent.com/PokeAPI/sprites/master/sprites/pokemon/3.png,0.3110236220472441,0.4162162162162162,0.3183673469387755,0.4368932038834951,0.3478260869565217,0.3846153846153846
3,4,Charmander,Fire,None,39,52,43,60,50,65,309,0.6,8.5,62.0,"['blaze', 'solar-power']",solar-power,generation-1,,,False,red,upright,monster|dragon,mountain,medium-slow,45,70,Lizard Pokémon,2,"Obviously prefers hot places. When it rains, steam is said to spout from the tip of its tail.",https://raw.githubusercontent.com/PokeAPI/sprites/master/sprites/pokemon/4.png,0.1496062992125984,0.254054054054054,0.1551020408163265,0.2427184466019417,0.1304347826086956,0.3076923076923077
4,5,Charmeleon,Fire,None,58,64,58,80,65,80,405,1.1,19.0,142.0,"['blaze', 'solar-power']",solar-power,generation-1,,,False,red,upright,monster|dragon,mountain,medium-slow,45,70,Flame Pokémon,2,"When it swings its burning tail, it elevates the temperature to unbearably high levels.",https://raw.githubusercontent.com/PokeAPI/sprites/master/sprites/pokemon/5.png,0.2244094488188976,0.3189189189189189,0.2163265306122449,0.3398058252427184,0.1956521739130435,0.3846153846153846
5,6,Charizard,Fire,Flying,78,84,78,109,85,100,534,1.7,90.5,240.0,"['blaze', 'solar-power']",solar-power,generation-1,,,False,red,upright,monster|dragon,mountain,medium-slow,45,70,Flame Pokémon,2,Spits fire that is hot enough to melt boulders. Known to cause forest fires unintentionally.,https://raw.githubusercontent.com/PokeAPI/sprites/master/sprites/pokemon/6.png,0.3031496062992126,0.427027027027027,0.2979591836734694,0.4805825242718446,0.2826086956521739,0.4871794871794871
6,7,Squirtle,Water,None,44,48,65,50,64,43,314,0.5,9.0,63.0,"['torrent', 'rain-dish']",rain-dish,generation-1,,,False,blue,upright,monster|water1,waters-edge,medium-slow,45,70,Tiny Turtle Pokémon,3,"After birth, its back swells and hardens into a shell. Powerfully sprays foam from its mouth.",https://raw.githubusercontent.com/PokeAPI/sprites/master/sprites/pokemon/7.png,0.1692913385826771,0.2324324324324324,0.2448979591836734,0.1941747572815534,0.1913043478260869,0.1948717948717948
7,8,Wartortle,Water,None,59,63,80,65,80,58,405,1.0,22.5,142.0,"['torrent', 'rain-dish']",rain-dish,generation-1,,,False,blue,upright,monster|water1,waters-edge,medium-slow,45,70,Turtle Pokémon,3,"Often hides in water to stalk unwary prey. For swimming fast, it moves its ears to maintain balance.",https://raw.githubusercontent.com/PokeAPI/sprites/master/sprites/pokemon/8.png,0.2283464566929134,0.3135135135135135,0.3061224489795918,0.2669902912621359,0.2608695652173913,0.2717948717948718
8,9,Blastoise,Water,None,79,83,100,85,105,78,530,1.6,85.5,239.0,"['torrent', 'rain-dish']",rain-dish,generation-1,,,False,blue,upright,monster|water1,waters-edge,medium-slow,45,70,Shellfish Pokémon,3,A brutal POKéMON with pressurized water jets on its shell. They are used for high speed tackles.,https://raw.githubusercontent.com/PokeAPI/sprites/master/sprites/pokemon/9.png,0.3070866141732283,0.4216216216216216,0.3877551020408163,0.3640776699029126,0.3695652173913043,0.3743589743589743
9,10,Caterpie,Bug,None,45,30,35,20,20,45,195,0.3,2.9,39.0,"['shield-dust', 'run-away']",run-away,generation-1,,,False,green,armor,bug,forest,medium,255,70,Worm Pokémon,4,Its short feet are tipped with suction pads that enable it to tirelessly climb slopes and walls.,https://raw.githubusercontent.com/PokeAPI/sprites/master/sprites/pokemon/10.png,0.1732283464566929,0.1351351351351351,0.1224489795918367,0.0485436893203883,0.0,0.2051282051282051
10,11,Metapod,Bug,None,50,20,55,25,25,30,205,0.7,9.9,72.0,['shed-skin'],,generation-1,,,False,green,squiggle,bug,forest,medium,120,70,Cocoon Pokémon,4,"This POKéMON is vulnerable to attack while its shell is soft, exposing its weak and tender body.",https://raw.githubusercontent.com/PokeAPI/sprites/master/sprites/pokemon/11.png,0.1929133858267716,0.081081081081081,0.2040816326530612,0.0728155339805825,0.0217391304347826,0.1282051282051282
11,12,Butterfree,Bug,Flying,60,45,50,90,80,70,395,1.1,32.0,178.0,"['compound-eyes', 'tinted-lens']",tinted-lens,generation-1,,,False,white,bug-wings,bug,forest,medium,45,70,Butterfly Pokémon,4,"In battle, it flaps its wings at high speed to release highly toxic dust into the air.",https://raw.githubusercontent.com/PokeAPI/sprites/master/sprites/pokemon/12.png,0.2322834645669291,0.2162162162162162,0.1836734693877551,0.3883495145631068,0.2608695652173913,0.3333333333333333
12,13,Weedle,Bug,Poison,40,35,30,20,20,50,195,0.3,3.2,39.0,"['shield-dust', 'run-away']",run-away,generation-1,,,False,brown,armor,bug,forest,medium,255,70,Hairy Bug Pokémon,5,"Often found in forests, eating leaves. It has a sharp venomous stinger on its head.",https://raw.githubusercontent.com/PokeAPI/sprites/master/sprites/pokemon/13.png,0.1535433070866141,0.1621621621621621,0.1020408163265306,0.0485436893203883,0.0,0.2307692307692307
13,14,Kakuna,Bug,Poison,45,25,50,25,25,35,205,0.6,10.0,72.0,['shed-skin'],,generation-1,,,False,yellow,squiggle,bug,forest,medium,120,70,Cocoon Pokémon,5,"Almost incapable of moving, this POKéMON can only harden its shell to protect itself from predators.",https://raw.githubusercontent.com/PokeAPI/sprites/master/sprites/pokemon/14.png,0.1732283464566929,0.1081081081081081,0.1836734693877551,0.0728155339805825,0.0217391304347826,0.1538461538461538
14,15,Beedrill,Bug,Poison,65,90,40,45,80,75,395,1.0,29.5,178.0,"['swarm', 'sniper']",sniper,generation-1,,,False,yellow,bug-wings,bug,forest,medium,45,70,Poison Bee Pokémon,5,It has three poisonous stingers on its forelegs and its tail. They are used to jab its enemy repeatedly.,https://raw.githubusercontent.com/PokeAPI/sprites/master/sprites/pokemon/15.png,0.2519685039370078,0.4594594594594595,0.1428571428571428,0.1699029126213592,0.2608695652173913,0.358974358974359
15,16,Pidgey,Normal,Flying,40,45,40,35,35,56,251,0.3,1.8,50.0,"['keen-eye', 'tangled-feet', 'big-pecks']",big-pecks,generation-1,,,False,brown,wings,flying,forest,medium-slow,255,70,Tiny Bird Pokémon,6,A common sight in forests and woods. It flaps its wings at ground level to kick up blinding sand.,https://raw.githubusercontent.com/PokeAPI/sprites/master/sprites/pokemon/16.png,0.1535433070866141,0.2162162162162162,0.1428571428571428,0.1213592233009708,0.0652173913043478,0.2615384615384615
16,17,Pidgeotto,Normal,Flying,63,60,55,50,50,71,349,1.1,30.0,122.0,"['keen-eye', 'tangled-feet', 'big-pecks']",big-pecks,generation-1,,,False,brown,wings,flying,forest,medium-slow,120,70,Bird Pokémon,6,"Very protective of its sprawling territorial area, this POKéMON will fiercely peck at any intruder.",https://raw.githubusercontent.com/PokeAPI/sprites/master/sprites/pokemon/17.png,0.2440944881889764,0.2972972972972973,0.2040816326530612,0.1941747572815534,0.1304347826086956,0.3384615384615385
17,18,Pidgeot,Normal,Flying,83,80,75,70,70,101,479,1.5,39.5,216.0,"['keen-eye', 'tangled-feet', 'big-pecks']",big-pecks,generation-1,,,False,brown,wings,flying,forest,medium-slow,45,70,Bird Pokémon,6,"When hunting, it skims the surface of water at high speed to pick off unwary prey such as MAGIKARP.",https://raw.githubusercontent.com/PokeAPI/sprites/master/sprites/pokemon/18.png,0.3228346456692913,0.4054054054054054,0.2857142857142857,0.2912621359223301,0.217391304347826,0.4923076923076923
18,19,Rattata,Normal,None,30,56,35,25,35,72,253,0.3,3.5,51.0,"['run-away', 'guts', 'hustle']",hustle,generation-1,,,False,purple,quadruped,ground,grassland,medium,255,70,Mouse Pokémon,7,"Bites anything when it attacks. Small and very quick, it is a common sight in many places.",https://raw.githubusercontent.com/PokeAPI/sprites/master/sprites/pokemon/19.png,0.1141732283464567,0.2756756756756757,0.1224489795918367,0.0728155339805825,0.0652173913043478,0.3435897435897436
19,20,Raticate,Normal,None,55,81,60,50,70,97,413,0.7,18.5,145.0,"['run-away', 'guts', 'hustle']",hustle,generation-1,,,False,brown,quadruped,ground,grassland,medium,127,70,Mouse Pokémon,7,It uses its whis­ kers to maintain its balance. It apparently slows down if they are cut off.,https://raw.githubusercontent.com/PokeAPI/sprites/master/sprites/pokemon/20.png,0.2125984251968504,0.4108108108108108,0.2244897959183673,0.1941747572815534,0.217391304347826,0.4717948717948718
20,21,Spearow,Normal,Flying,40,60,30,31,31,70,262,0.3,2.0,52.0,"['keen-eye', 'sniper']",sniper,generation-1,,,False,brown,wings,flying,rough-terrain,medium,255,70,Tiny Bird Pokémon,8,"It flaps its small wings busily to fly. Using its beak, it searches in grass for prey.",https://raw.githubusercontent.com/PokeAPI/sprites/master/sprites/pokemon/21.png,0.1535433070866141,0.2972972972972973,0.1020408163265306,0.1019417475728155,0.0478260869565217,0.3333333333333333
21,22,Fearow,Normal,Flying,65,90,65,61,61,100,442,1.2,38.0,155.0,"['keen-eye', 'sniper']",sniper,generation-1,,,False,brown,wings,flying,rough-terrain,medium,90,70,Beak Pokémon,8,"With its huge and magnificent wings, it can keep aloft without ever having to land for rest.",https://raw.githubusercontent.com/PokeAPI/sprites/master/sprites/pokemon/22.png,0.2519685039370078,0.4594594594594595,0.2448979591836734,0.2475728155339805,0.1782608695652174,0.4871794871794871
22,23,Ekans,Poison,None,35,60,44,40,54,55,288,2.0,6.9,58.0,"['intimidate', 'shed-skin', 'unnerve']",unnerve,generation-1,,,False,purple,squiggle,ground|dragon,grassland,medium,255,70,Snake Pokémon,9,"Moves silently and stealthily. Eats the eggs of birds, such as PIDGEY and SPEAROW, whole.",https://raw.githubusercontent.com/PokeAPI/sprites/master/sprites/pokemon/23.png,0.1338582677165354,0.2972972972972973,0.1591836734693877,0.145631067961165,0.1478260869565217,0.2564102564102564
23,24,Arbok,Poison,None,60,95,69,65,79,80,448,3.5,65.0,157.0,"['intimidate', 'shed-skin', 'unnerve']",unnerve,generation-1,,,False,purple,squiggle,ground|dragon,grassland,medium,90,70,Cobra Pokémon,9,It is rumored that the ferocious warning markings on its belly differ from area to area.,https://raw.githubusercontent.com/PokeAPI/sprites/master/sprites/pokemon/24.png,0.2322834645669291,0.4864864864864865,0.2612244897959184,0.2669902912621359,0.2565217391304348,0.3846153846153846
24,25,Pikachu,Electric,None,35,55,40,50,50,90,320,0.4,6.0,112.0,"['static', 'lightning-rod']",lightning-rod,generation-1,,,False,yellow,quadruped,ground|fairy,forest,medium,190,70,Mouse Pokémon,10,"When several of these POKéMON gather, their electricity could build and cause lightning storms.",https://raw.githubusercontent.com/PokeAPI/sprites/master/sprites/pokemon/25.png,0.1338582677165354,0.2702702702702703,0.1428571428571428,0.1941747572815534,0.1304347826086956,0.4358974358974359
25,26,Raichu,Electric,None,60,90,55,90,80,110,485,0.8,30.0,218.0,"['static', 'lightning-rod']",lightning-rod,generation-1,,,False,yellow,upright,ground|fairy,forest,medium,75,70,Mouse Pokémon,10,Its long tail serves as a ground to protect itself from its own high-voltage power.,https://raw.githubusercontent.com/PokeAPI/sprites/master/sprites/pokemon/26.png,0.2322834645669291,0.4594594594594595,0.2040816326530612,0.3883495145631068,0.2608695652173913,0.5384615384615384
26,27,Sandshrew,Ground,None,50,75,85,20,30,40,300,0.6,12.0,60.0,"['sand-veil', 'sand-rush']",sand-rush,generation-1,,,False,yellow,upright,ground,rough-terrain,medium,255,70,Mouse Pokémon,11,Burrows deep underground in arid locations far from water. It only emerges to hunt for food.,https://raw.githubusercontent.com/PokeAPI/sprites/master/sprites/pokemon/27.png,0.1929133858267716,0.3783783783783784,0.3265306122448979,0.0485436893203883,0.0434782608695652,0.1794871794871795
27,28,Sandslash,Ground,None,75,100,110,45,55,65,450,1.0,29.5,158.0,"['sand-veil', 'sand-rush']",sand-rush,generation-1,,,False,yellow,upright,ground,rough-terrain,medium,90,70,Mouse Pokémon,11,Curls up into a spiny ball when threatened. It can roll while curled up to attack or escape.,https://raw.githubusercontent.com/PokeAPI/sprites/master/sprites/pokemon/28.png,0.2913385826771653,0.5135135135135135,0.4285714285714285,0.1699029126213592,0.1521739130434782,0.3076923076923077
28,29,Nidoran-F,Poison,None,55,47,52,40,40,41,275,0.4,7.0,55.0,"['poison-point', 'rivalry', 'hustle']",hustle,generation-1,,,False,blue,quadruped,monster|ground,grassland,medium-slow,235,70,Poison Pin Pokémon,12,"Although small, its venomous barbs render this POKéMON dangerous. The female has smaller horns.",https://raw.githubusercontent.com/PokeAPI/sprites/master/sprites/pokemon/29.png,0.2125984251968504,0.227027027027027,0.1918367346938775,0.145631067961165,0.0869565217391304,0.1846153846153846
29,30,Nidorina,Poison,None,70,62,67,55,55,56,365,0.8,20.0,128.0,"['poison-point', 'rivalry', 'hustle']",hustle,generation-1,,,False,blue,quadruped,no-eggs,grassland,medium-slow,120,70,Poison Pin Pokémon,12,The female's horn develops slowly. Prefers physical attacks such as clawing and biting.,https://raw.githubusercontent.com/PokeAPI/sprites/master/sprites/pokemon/30.png,0.2716535433070866,0.3081081081081081,0.2530612244897959,0.2184466019417475,0.1521739130434782,0.2615384615384615
30,31,Nidoqueen,Poison,Ground,90,92,87,75,85,76,505,1.3,60.0,227.0,"['poison-point', 'rivalry', 'sheer-force']",sheer-force,generation-1,,,False,blue,upright,no-eggs,grassland,medium-slow,45,70,Drill Pokémon,12,Its hard scales provide strong protection. It uses its hefty bulk to execute powerful moves.,https://raw.githubusercontent.com/PokeAPI/sprites/master/sprites/pokemon/31.png,0.3503937007874015,0.4702702702702703,0.3346938775510204,0.3155339805825243,0.2826086956521739,0.3641025641025641
31,32,Nidoran-M,Poison,None,46,57,40,40,40,50,273,0.5,9.0,55.0,"['poison-point', 'rivalry', 'hustle']",hustle,generation-1,,,False,purple,quadruped,monster|ground,grassland,medium-slow,235,70,Poison Pin Pokémon,13,"Stiffens its ears to sense danger. The larger its horns, the more powerful its secreted venom.",https://raw.githubusercontent.com/PokeAPI/sprites/master/sprites/pokemon/32.png,0.1771653543307086,0.2810810810810811,0.1428571428571428,0.145631067961165,0.0869565217391304,0.2307692307692307
32,33,Nidorino,Poison,None,61,72,57,55,55,65,365,0.9,19.5,128.0,"['poison-point', 'rivalry', 'hustle']",hustle,generation-1,,,False,purple,quadruped,monster|ground,grassland,medium-slow,120,70,Poison Pin Pokémon,13,An aggressive POKéMON that is quick to attack. The horn on its head secretes a powerful venom.,https://raw.githubusercontent.com/PokeAPI/sprites/master/sprites/pokemon/33.png,0.2362204724409448,0.3621621621621622,0.2122448979591836,0.2184466019417475,0.1521739130434782,0.3076923076923077
33,34,Nidoking,Poison,Ground,81,102,77,85,75,85,505,1.4,62.0,227.0,"['poison-point', 'rivalry', 'sheer-force']",sheer-force,generation-1,,,False,purple,upright,monster|ground,grassland,medium-slow,45,70,Drill Pokémon,13,"It uses its powerful tail in battle to smash, constrict, then break the prey's bones.",https://raw.githubusercontent.com/PokeAPI/sprites/master/sprites/pokemon/34.png,0.3149606299212598,0.5243243243243243,0.2938775510204082,0.3640776699029126,0.2391304347826087,0.4102564102564102
34,35,Clefairy,Fairy,None,70,45,48,60,65,35,323,0.6,7.5,113.0,"['cute-charm', 'magic-guard', 'friend-guard']",friend-guard,generation-1,,,False,pink,upright,fairy,mountain,fast,150,140,Fairy Pokémon,14,Its magical and cute appeal has many admirers. It is rare and found only in certain areas.,https://raw.githubusercontent.com/PokeAPI/sprites/master/sprites/pokemon/35.png,0.2716535433070866,0.2162162162162162,0.1755102040816326,0.2427184466019417,0.1956521739130435,0.1538461538461538
35,36,Clefable,Fairy,None,95,70,73,95,90,60,483,1.3,40.0,217.0,"['cute-charm', 'magic-guard', 'unaware']",unaware,generation-1,,,False,pink,upright,fairy,mountain,fast,25,140,Fairy Pokémon,14,A timid fairy POKéMON that is rarely seen. It will run and hide the moment it senses people.,https://raw.githubusercontent.com/PokeAPI/sprites/master/sprites/pokemon/36.png,0.3700787401574803,0.3513513513513513,0.2775510204081632,0.4126213592233009,0.3043478260869565,0.282051282051282
36,37,Vulpix,Fire,None,38,41,40,50,65,65,299,0.6,9.9,60.0,"['flash-fire', 'drought']",drought,generation-1,,,False,brown,quadruped,ground,grassland,medium,190,70,Fox Pokémon,15,"At the time of birth, it has just one tail. The tail splits from its tip as it grows older.",https://raw.githubusercontent.com/PokeAPI/sprites/master/sprites/pokemon/37.png,0.1456692913385826,0.1945945945945946,0.1428571428571428,0.1941747572815534,0.1956521739130435,0.3076923076923077
37,38,Ninetales,Fire,None,73,76,75,81,100,100,505,1.1,19.9,177.0,"['flash-fire', 'drought']",drought,generation-1,,,False,yellow,quadruped,ground,grassland,medium,75,70,Fox Pokémon,15,Very smart and very vengeful. Grabbing one of its many tails could result in a 1000-year curse.,https://raw.githubusercontent.com/PokeAPI/sprites/master/sprites/pokemon/38.png,0.2834645669291338,0.3837837837837838,0.2857142857142857,0.3446601941747573,0.3478260869565217,0.4871794871794871
38,39,Jigglypuff,Normal,Fairy,115,45,20,45,25,20,270,0.5,5.5,95.0,"['cute-charm', 'competitive', 'friend-guard']",friend-guard,generation-1,,,False,pink,humanoid,fairy,grassland,fast,170,70,Balloon Pokémon,16,"When its huge eyes light up, it sings a mysteriously soothing melody that lulls its enemies to sleep.",https://raw.githubusercontent.com/PokeAPI/sprites/master/sprites/pokemon/39.png,0.4488188976377952,0.2162162162162162,0.0612244897959183,0.1699029126213592,0.0217391304347826,0.0769230769230769
39,40,Wigglytuff,Normal,Fairy,140,70,45,85,50,45,435,1.0,12.0,196.0,"['cute-charm', 'competitive', 'frisk']",frisk,generation-1,,,False,pink,humanoid,fairy,grassland,fast,50,70,Balloon Pokémon,16,"The body is soft and rubbery. When angered, it will suck in air and inflate itself to an enormous size.",https://raw.githubusercontent.com/PokeAPI/sprites/master/sprites/pokemon/40.png,0.547244094488189,0.3513513513513513,0.1632653061224489,0.3640776699029126,0.1304347826086956,0.2051282051282051
40,41,Zubat,Poison,Flying,40,45,35,30,40,55,245,0.8,7.5,49.0,"['inner-focus', 'infiltrator']",infiltrator,generation-1,,,False,purple,wings,flying,cave,medium,255,70,Bat Pokémon,17,Forms colonies in perpetually dark places. Uses ultrasonic waves to identify and approach targets.,https://raw.githubusercontent.com/PokeAPI/sprites/master/sprites/pokemon/41.png,0.1535433070866141,0.2162162162162162,0.1224489795918367,0.0970873786407767,0.0869565217391304,0.2564102564102564
41,42,Golbat,Poison,Flying,75,80,70,65,75,90,455,1.6,55.0,159.0,"['inner-focus', 'infiltrator']",infiltrator,generation-1,,,False,purple,wings,flying,cave,medium,90,70,Bat Pokémon,17,"Once it strikes, it will not stop draining energy from the victim even if it gets too heavy to fly.",https://raw.githubusercontent.com/PokeAPI/sprites/master/sprites/pokemon/42.png,0.2913385826771653,0.4054054054054054,0.2653061224489796,0.2669902912621359,0.2391304347826087,0.4358974358974359
42,43,Oddish,Grass,Poison,45,50,55,75,65,30,320,0.5,5.4,64.0,"['chlorophyll', 'run-away']",run-away,generation-1,,,False,blue,legs,plant,grassland,medium-slow,255,70,Weed Pokémon,18,"During the day, it keeps its face buried in the ground. At night, it wanders around sowing its seeds.",https://raw.githubusercontent.com/PokeAPI/sprites/master/sprites/pokemon/43.png,0.1732283464566929,0.2432432432432432,0.2040816326530612,0.3155339805825243,0.1956521739130435,0.1282051282051282
43,44,Gloom,Grass,Poison,60,65,70,85,75,40,395,0.8,8.6,138.0,"['chlorophyll', 'stench']",stench,generation-1,,,False,blue,humanoid,plant,grassland,medium-slow,120,70,Weed Pokémon,18,The fluid that oozes from its mouth isn't drool. It is a nectar that is used to attract prey.,https://raw.githubusercontent.com/PokeAPI/sprites/master/sprites/pokemon/44.png,0.2322834645669291,0.3243243243243243,0.2653061224489796,0.3640776699029126,0.2391304347826087,0.1794871794871795
44,45,Vileplume,Grass,Poison,75,80,85,110,90,50,490,1.2,18.6,221.0,"['chlorophyll', 'effect-spore']",effect-spore,generation-1,,,False,red,humanoid,plant,grassland,medium-slow,45,70,Flower Pokémon,18,"It has the world’s largest petals. With every step, the petals shake out heavy clouds of toxic pollen.",https://raw.githubusercontent.com/PokeAPI/sprites/master/sprites/pokemon/45.png,0.2913385826771653,0.4054054054054054,0.3265306122448979,0.4854368932038835,0.3043478260869565,0.2307692307692307
45,46,Paras,Bug,Grass,35,70,55,45,55,25,285,0.3,5.4,57.0,"['effect-spore', 'dry-skin', 'damp']",damp,generation-1,,,False,red,armor,bug|plant,forest,medium,190,70,Mushroom Pokémon,19,Burrows to suck tree roots. The mushrooms on its back grow by draw­ ing nutrients from the bug host.,https://raw.githubusercontent.com/PokeAPI/sprites/master/sprites/pokemon/46.png,0.1338582677165354,0.3513513513513513,0.2040816326530612,0.1699029126213592,0.1521739130434782,0.1025641025641025
46,47,Parasect,Bug,Grass,60,95,80,60,80,30,405,1.0,29.5,142.0,"['effect-spore', 'dry-skin', 'damp']",damp,generation-1,,,False,red,armor,bug|plant,forest,medium,75,70,Mushroom Pokémon,19,A host-parasite pair in which the parasite mushroom has taken over the host bug. Prefers damp places.,https://raw.githubusercontent.com/PokeAPI/sprites/master/sprites/pokemon/47.png,0.2322834645669291,0.4864864864864865,0.3061224489795918,0.2427184466019417,0.2608695652173913,0.1282051282051282
47,48,Venonat,Bug,Poison,60,55,50,40,55,45,305,1.0,30.0,61.0,"['compound-eyes', 'tinted-lens', 'run-away']",run-away,generation-1,,,False,purple,humanoid,bug,forest,medium,190,70,Insect Pokémon,20,Lives in the shadows of tall trees where it eats insects. It is attracted by light at night.,https://raw.githubusercontent.com/PokeAPI/sprites/master/sprites/pokemon/48.png,0.2322834645669291,0.2702702702702703,0.1836734693877551,0.145631067961165,0.1521739130434782,0.2051282051282051
48,49,Venomoth,Bug,Poison,70,65,60,90,75,90,450,1.5,12.5,158.0,"['shield-dust', 'tinted-lens', 'wonder-skin']",wonder-skin,generation-1,,,False,purple,bug-wings,bug,forest,medium,75,70,Poison Moth Pokémon,20,The dustlike scales covering its wings are color-coded to indicate the kinds of poison it has.,https://raw.githubusercontent.com/PokeAPI/sprites/master/sprites/pokemon/49.png,0.2716535433070866,0.3243243243243243,0.2244897959183673,0.3883495145631068,0.2391304347826087,0.4358974358974359
49,50,Diglett,Ground,None,10,55,25,35,45,95,265,0.2,0.8,53.0,"['sand-veil', 'arena-trap', 'sand-force']",sand-force,generation-1,,,False,brown,blob,ground,cave,medium,255,70,Mole Pokémon,21,Lives about one yard underground where it feeds on plant roots. It sometimes appears above ground.,https://raw.githubusercontent.com/PokeAPI/sprites/master/sprites/pokemon/50.png,0.0354330708661417,0.2702702702702703,0.0816326530612244,0.1213592233009708,0.108695652173913,0.4615384615384615
50,51,Dugtrio,Ground,None,35,100,50,50,70,120,425,0.7,33.3,149.0,"['sand-veil', 'arena-trap', 'sand-force']",sand-force,generation-1,,,False,brown,heads,ground,cave,medium,50,70,Mole Pokémon,21,A team of DIGLETT triplets. It triggers huge earthquakes by burrowing 60 miles underground.,https://raw.githubusercontent.com/PokeAPI/sprites/master/sprites/pokemon/51.png,0.1338582677165354,0.5135135135135135,0.1836734693877551,0.1941747572815534,0.217391304347826,0.5897435897435898
51,52,Meowth,Normal,None,40,45,35,40,40,90,290,0.4,4.2,58.0,"['pickup', 'technician', 'unnerve']",unnerve,generation-1,,,False,yellow,quadruped,ground,urban,medium,255,70,Scratch Cat Pokémon,22,It washes its face regularly to keep the coin on its forehead spotless. It doesn’t get along with Galarian Meowth.,https://raw.githubusercontent.com/PokeAPI/sprites/master/sprites/pokemon/52.png,0.1535433070866141,0.2162162162162162,0.1224489795918367,0.145631067961165,0.0869565217391304,0.4358974358974359
52,53,Persian,Normal,None,65,70,60,65,65,115,440,1.0,32.0,154.0,"['limber', 'technician', 'unnerve']",unnerve,generation-1,,,False,yellow,quadruped,ground,urban,medium,90,70,Classy Cat Pokémon,22,"Although its fur has many admirers, it is tough to raise as a pet because of its fickle meanness.",https://raw.githubusercontent.com/PokeAPI/sprites/master/sprites/pokemon/53.png,0.2519685039370078,0.3513513513513513,0.2244897959183673,0.2669902912621359,0.1956521739130435,0.5641025641025641
53,54,Psyduck,Water,None,50,52,48,65,50,55,320,0.8,19.6,64.0,"['damp', 'cloud-nine', 'swift-swim']",swift-swim,generation-1,,,False,yellow,upright,water1|ground,waters-edge,medium,190,70,Duck Pokémon,23,"While lulling its enemies with its vacant look, this wily POKéMON will use psychokinetic powers.",https://raw.githubusercontent.com/PokeAPI/sprites/master/sprites/pokemon/54.png,0.1929133858267716,0.254054054054054,0.1755102040816326,0.2669902912621359,0.1304347826086956,0.2564102564102564
54,55,Golduck,Water,None,80,82,78,95,80,85,500,1.7,76.6,175.0,"['damp', 'cloud-nine', 'swift-swim']",swift-swim,generation-1,,,False,blue,upright,water1|ground,waters-edge,medium,75,70,Duck Pokémon,23,"Often seen swim­ ming elegantly by lake shores. It is often mistaken for the Japanese monster, Kappa.",https://raw.githubusercontent.com/PokeAPI/sprites/master/sprites/pokemon/55.png,0.3110236220472441,0.4162162162162162,0.2979591836734694,0.4126213592233009,0.2608695652173913,0.4102564102564102
55,56,Mankey,Fighting,None,40,80,35,35,45,70,305,0.5,28.0,61.0,"['vital-spirit', 'anger-point', 'defiant']",defiant,generation-1,,,False,brown,upright,ground,mountain,medium,190,70,Pig Monkey Pokémon,24,Extremely quick to anger. It could be docile one moment then thrashing away the next instant.,https://raw.githubusercontent.com/PokeAPI/sprites/master/sprites/pokemon/56.png,0.1535433070866141,0.4054054054054054,0.1224489795918367,0.1213592233009708,0.108695652173913,0.3333333333333333
56,57,Primeape,Fighting,None,65,105,60,60,70,95,455,1.0,32.0,159.0,"['vital-spirit', 'anger-point', 'defiant']",defiant,generation-1,,,False,brown,upright,ground,mountain,medium,75,70,Pig Monkey Pokémon,24,Always furious and tenacious to boot. It will not abandon chasing its quarry until it is caught.,https://raw.githubusercontent.com/PokeAPI/sprites/master/sprites/pokemon/57.png,0.2519685039370078,0.5405405405405406,0.2244897959183673,0.2427184466019417,0.217391304347826,0.4615384615384615
57,58,Growlithe,Fire,None,55,70,45,70,50,60,350,0.7,19.0,70.0,"['intimidate', 'flash-fire', 'justified']",justified,generation-1,,,False,brown,quadruped,ground,grassland,slow,190,70,Puppy Pokémon,25,Very protective of its territory. It will bark and bite to repel intruders from its space.,https://raw.githubusercontent.com/PokeAPI/sprites/master/sprites/pokemon/58.png,0.2125984251968504,0.3513513513513513,0.1632653061224489,0.2912621359223301,0.1304347826086956,0.282051282051282
58,59,Arcanine,Fire,None,90,110,80,100,80,95,555,1.9,155.0,194.0,"['intimidate', 'flash-fire', 'justified']",justified,generation-1,,,False,brown,quadruped,ground,grassland,slow,75,70,Legendary Pokémon,25,A POKéMON that has been admired since the past for its beauty. It runs agilely as if on wings.,https://raw.githubusercontent.com/PokeAPI/sprites/master/sprites/pokemon/59.png,0.3503937007874015,0.5675675675675675,0.3061224489795918,0.4368932038834951,0.2608695652173913,0.4615384615384615
59,60,Poliwag,Water,None,40,50,40,40,40,90,300,0.6,12.4,60.0,"['water-absorb', 'damp', 'swift-swim']",swift-swim,generation-1,,,False,blue,legs,water1,waters-edge,medium-slow,255,70,Tadpole Pokémon,26,Its newly grown legs prevent it from running. It appears to prefer swimming than trying to stand.,https://raw.githubusercontent.com/PokeAPI/sprites/master/sprites/pokemon/60.png,0.1535433070866141,0.2432432432432432,0.1428571428571428,0.145631067961165,0.0869565217391304,0.4358974358974359
60,61,Poliwhirl,Water,None,65,65,65,50,50,90,385,1.0,20.0,135.0,"['water-absorb', 'damp', 'swift-swim']",swift-swim,generation-1,,,False,blue,humanoid,water1,waters-edge,medium-slow,120,70,Tadpole Pokémon,26,"Capable of living in or out of water. When out of water, it sweats to keep its body slimy.",https://raw.githubusercontent.com/PokeAPI/sprites/master/sprites/pokemon/61.png,0.2519685039370078,0.3243243243243243,0.2448979591836734,0.1941747572815534,0.1304347826086956,0.4358974358974359
61,62,Poliwrath,Water,Fighting,90,95,95,70,90,70,510,1.3,54.0,230.0,"['water-absorb', 'damp', 'swift-swim']",swift-swim,generation-1,,,False,blue,humanoid,water1,waters-edge,medium-slow,45,70,Tadpole Pokémon,26,An adept swimmer at both the front crawl and breast stroke. Easily overtakes the best human swimmers.,https://raw.githubusercontent.com/PokeAPI/sprites/master/sprites/pokemon/62.png,0.3503937007874015,0.4864864864864865,0.3673469387755102,0.2912621359223301,0.3043478260869565,0.3333333333333333
62,63,Abra,Psychic,None,25,20,15,105,55,90,310,0.9,19.5,62.0,"['synchronize', 'inner-focus', 'magic-guard']",magic-guard,generation-1,,,False,brown,upright,humanshape,urban,medium-slow,200,70,Psi Pokémon,27,"Using its ability to read minds, it will identify impending danger and TELEPORT to safety.",https://raw.githubusercontent.com/PokeAPI/sprites/master/sprites/pokemon/63.png,0.0944881889763779,0.081081081081081,0.0408163265306122,0.4611650485436893,0.1521739130434782,0.4358974358974359
63,64,Kadabra,Psychic,None,40,35,30,120,70,105,400,1.3,56.5,140.0,"['synchronize', 'inner-focus', 'magic-guard']",magic-guard,generation-1,,,False,brown,upright,humanshape,urban,medium-slow,100,70,Psi Pokémon,27,It emits special alpha waves from its body that induce headaches just by being close by.,https://raw.githubusercontent.com/PokeAPI/sprites/master/sprites/pokemon/64.png,0.1535433070866141,0.1621621621621621,0.1020408163265306,0.5339805825242718,0.217391304347826,0.5128205128205128
64,65,Alakazam,Psychic,None,55,50,45,135,95,120,500,1.5,48.0,225.0,"['synchronize', 'inner-focus', 'magic-guard']",magic-guard,generation-1,,,False,brown,humanoid,humanshape,urban,medium-slow,50,70,Psi Pokémon,27,"Its brain can out­ perform a super­ computer. Its intelligence quotient is said to be 5,000.",https://raw.githubusercontent.com/PokeAPI/sprites/master/sprites/pokemon/65.png,0.2125984251968504,0.2432432432432432,0.1632653061224489,0.6067961165048543,0.3260869565217391,0.5897435897435898
65,66,Machop,Fighting,None,70,80,50,35,35,35,305,0.8,19.5,61.0,"['guts', 'no-guard', 'steadfast']",steadfast,generation-1,,,False,gray,upright,humanshape,mountain,medium-slow,180,70,Superpower Pokémon,28,Loves to build its muscles. It trains in all styles of martial arts to become even stronger.,https://raw.githubusercontent.com/PokeAPI/sprites/master/sprites/pokemon/66.png,0.2716535433070866,0.4054054054054054,0.1836734693877551,0.1213592233009708,0.0652173913043478,0.1538461538461538
66,67,Machoke,Fighting,None,80,100,70,50,60,45,405,1.5,70.5,142.0,"['guts', 'no-guard', 'steadfast']",steadfast,generation-1,,,False,gray,humanoid,humanshape,mountain,medium-slow,90,70,Superpower Pokémon,28,"Its muscular body is so powerful, it must wear a power save belt to be able to regulate its motions.",https://raw.githubusercontent.com/PokeAPI/sprites/master/sprites/pokemon/67.png,0.3110236220472441,0.5135135135135135,0.2653061224489796,0.1941747572815534,0.1739130434782608,0.2051282051282051
67,68,Machamp,Fighting,None,90,130,80,65,85,55,505,1.6,130.0,227.0,"['guts', 'no-guard', 'steadfast']",steadfast,generation-1,,,False,gray,humanoid,humanshape,mountain,medium-slow,45,70,Superpower Pokémon,28,"Using its heavy muscles, it throws powerful punches that can send the victim clear over the horizon.",https://raw.githubusercontent.com/PokeAPI/sprites/master/sprites/pokemon/68.png,0.3503937007874015,0.6756756756756757,0.3061224489795918,0.2669902912621359,0.2826086956521739,0.2564102564102564
68,69,Bellsprout,Grass,Poison,50,75,35,70,30,40,300,0.7,4.0,60.0,"['chlorophyll', 'gluttony']",gluttony,generation-1,,,False,green,humanoid,plant,forest,medium-slow,255,70,Flower Pokémon,29,A carnivorous POKéMON that traps and eats bugs. It uses its root feet to soak up needed moisture.,https://raw.githubusercontent.com/PokeAPI/sprites/master/sprites/pokemon/69.png,0.1929133858267716,0.3783783783783784,0.1224489795918367,0.2912621359223301,0.0434782608695652,0.1794871794871795
69,70,Weepinbell,Grass,Poison,65,90,50,85,45,55,390,1.0,6.4,137.0,"['chlorophyll', 'gluttony']",gluttony,generation-1,,,False,green,blob,plant,forest,medium-slow,120,70,Flycatcher Pokémon,29,It spits out POISONPOWDER to immobilize the enemy and then finishes it with a spray of ACID.,https://raw.githubusercontent.com/PokeAPI/sprites/master/sprites/pokemon/70.png,0.2519685039370078,0.4594594594594595,0.1836734693877551,0.3640776699029126,0.108695652173913,0.2564102564102564
70,71,Victreebel,Grass,Poison,80,105,65,100,70,70,490,1.7,15.5,221.0,"['chlorophyll', 'gluttony']",gluttony,generation-1,,,False,green,blob,plant,forest,medium-slow,45,70,Flycatcher Pokémon,29,"Said to live in huge colonies deep in jungles, although no one has ever returned from there.",https://raw.githubusercontent.com/PokeAPI/sprites/master/sprites/pokemon/71.png,0.3110236220472441,0.5405405405405406,0.2448979591836734,0.4368932038834951,0.217391304347826,0.3333333333333333
71,72,Tentacool,Water,Poison,40,40,35,50,100,70,335,0.9,45.5,67.0,"['clear-body', 'liquid-ooze', 'rain-dish']",rain-dish,generation-1,,,False,blue,tentacles,water3,sea,slow,190,70,Jellyfish Pokémon,30,Drifts in shallow seas. Anglers who hook them by accident are often punished by its stinging acid.,https://raw.githubusercontent.com/PokeAPI/sprites/master/sprites/pokemon/72.png,0.1535433070866141,0.1891891891891892,0.1224489795918367,0.1941747572815534,0.3478260869565217,0.3333333333333333
72,73,Tentacruel,Water,Poison,80,70,65,80,120,100,515,1.6,55.0,180.0,"['clear-body', 'liquid-ooze', 'rain-dish']",rain-dish,generation-1,,,False,blue,tentacles,water3,sea,slow,60,70,Jellyfish Pokémon,30,"The tentacles are normally kept short. On hunts, they are extended to ensnare and immobilize prey.",https://raw.githubusercontent.com/PokeAPI/sprites/master/sprites/pokemon/73.png,0.3110236220472441,0.3513513513513513,0.2448979591836734,0.3398058252427184,0.4347826086956521,0.4871794871794871
73,74,Geodude,Rock,Ground,40,80,100,30,30,20,300,0.4,20.0,60.0,"['rock-head', 'sturdy', 'sand-veil']",sand-veil,generation-1,,,False,brown,arms,mineral,mountain,medium-slow,255,70,Rock Pokémon,31,"Found in fields and mountains. Mistaking them for boulders, people often step or trip on them.",https://raw.githubusercontent.com/PokeAPI/sprites/master/sprites/pokemon/74.png,0.1535433070866141,0.4054054054054054,0.3877551020408163,0.0970873786407767,0.0434782608695652,0.0769230769230769
74,75,Graveler,Rock,Ground,55,95,115,45,45,35,390,1.0,105.0,137.0,"['rock-head', 'sturdy', 'sand-veil']",sand-veil,generation-1,,,False,brown,humanoid,mineral,mountain,medium-slow,120,70,Rock Pokémon,31,Rolls down slopes to move. It rolls over any obstacle without slowing or changing its direction.,https://raw.githubusercontent.com/PokeAPI/sprites/master/sprites/pokemon/75.png,0.2125984251968504,0.4864864864864865,0.4489795918367347,0.1699029126213592,0.108695652173913,0.1538461538461538
75,76,Golem,Rock,Ground,80,120,130,55,65,45,495,1.4,300.0,223.0,"['rock-head', 'sturdy', 'sand-veil']",sand-veil,generation-1,,,False,brown,humanoid,mineral,mountain,medium-slow,45,70,Megaton Pokémon,31,Its boulder-like body is extremely hard. It can easily withstand dynamite blasts without damage.,https://raw.githubusercontent.com/PokeAPI/sprites/master/sprites/pokemon/76.png,0.3110236220472441,0.6216216216216216,0.5102040816326531,0.2184466019417475,0.1956521739130435,0.2051282051282051
76,77,Ponyta,Fire,None,50,85,55,65,65,90,410,1.0,30.0,82.0,"['run-away', 'flash-fire', 'flame-body']",flame-body,generation-1,,,False,yellow,quadruped,ground,grassland,medium,190,70,Fire Horse Pokémon,32,Its hooves are 10 times harder than diamonds. It can trample anything completely flat in little time.,https://raw.githubusercontent.com/PokeAPI/sprites/master/sprites/pokemon/77.png,0.1929133858267716,0.4324324324324324,0.2040816326530612,0.2669902912621359,0.1956521739130435,0.4358974358974359
77,78,Rapidash,Fire,None,65,100,70,80,80,105,500,1.7,95.0,175.0,"['run-away', 'flash-fire', 'flame-body']",flame-body,generation-1,,,False,yellow,quadruped,ground,grassland,medium,60,70,Fire Horse Pokémon,32,"Very competitive, this POKéMON will chase anything that moves fast in the hopes of racing it.",https://raw.githubusercontent.com/PokeAPI/sprites/master/sprites/pokemon/78.png,0.2519685039370078,0.5135135135135135,0.2653061224489796,0.3398058252427184,0.2608695652173913,0.5128205128205128
78,79,Slowpoke,Water,Psychic,90,65,65,40,40,15,315,1.2,36.0,63.0,"['oblivious', 'own-tempo', 'regenerator']",regenerator,generation-1,,,False,pink,quadruped,monster|water1,waters-edge,medium,190,70,Dopey Pokémon,33,Incredibly slow and dopey. It takes 5 seconds for it to feel pain when under attack.,https://raw.githubusercontent.com/PokeAPI/sprites/master/sprites/pokemon/79.png,0.3503937007874015,0.3243243243243243,0.2448979591836734,0.145631067961165,0.0869565217391304,0.0512820512820512
79,80,Slowbro,Water,Psychic,95,75,110,100,80,30,490,1.6,78.5,172.0,"['oblivious', 'own-tempo', 'regenerator']",regenerator,generation-1,,,False,pink,upright,monster|water1,waters-edge,medium,75,70,Hermit Crab Pokémon,33,The SHELLDER that is latched onto SLOWPOKE's tail is said to feed on the host's left over scraps.,https://raw.githubusercontent.com/PokeAPI/sprites/master/sprites/pokemon/80.png,0.3700787401574803,0.3783783783783784,0.4285714285714285,0.4368932038834951,0.2608695652173913,0.1282051282051282
80,81,Magnemite,Electric,Steel,25,35,70,95,55,45,325,0.3,6.0,65.0,"['magnet-pull', 'sturdy', 'analytic']",analytic,generation-1,,,False,gray,arms,mineral,rough-terrain,medium,190,70,Magnet Pokémon,34,Uses anti-gravity to stay suspended. Appears without warning and uses THUNDER WAVE and similar moves.,https://raw.githubusercontent.com/PokeAPI/sprites/master/sprites/pokemon/81.png,0.0944881889763779,0.1621621621621621,0.2653061224489796,0.4126213592233009,0.1521739130434782,0.2051282051282051
81,82,Magneton,Electric,Steel,50,60,95,120,70,70,465,1.0,60.0,163.0,"['magnet-pull', 'sturdy', 'analytic']",analytic,generation-1,,,False,gray,heads,mineral,rough-terrain,medium,60,70,Magnet Pokémon,34,Formed by several MAGNEMITEs linked together. They frequently appear when sunspots flare up.,https://raw.githubusercontent.com/PokeAPI/sprites/master/sprites/pokemon/82.png,0.1929133858267716,0.2972972972972973,0.3673469387755102,0.5339805825242718,0.217391304347826,0.3333333333333333
82,83,Farfetchd,Normal,Flying,52,90,55,58,62,60,377,0.8,15.0,132.0,"['keen-eye', 'inner-focus', 'defiant']",defiant,generation-1,,,False,brown,wings,flying|ground,grassland,medium,45,70,Wild Duck Pokémon,35,The sprig of green onions it holds is its weapon. It is used much like a metal sword.,https://raw.githubusercontent.com/PokeAPI/sprites/master/sprites/pokemon/83.png,0.2007874015748031,0.4594594594594595,0.2040816326530612,0.233009708737864,0.1826086956521739,0.282051282051282
83,84,Doduo,Normal,Flying,35,85,45,35,35,75,310,1.4,39.2,62.0,"['run-away', 'early-bird', 'tangled-feet']",tangled-feet,generation-1,,,False,brown,legs,flying,grassland,medium,190,70,Twin Bird Pokémon,36,A bird that makes up for its poor flying with its fast foot speed. Leaves giant footprints.,https://raw.githubusercontent.com/PokeAPI/sprites/master/sprites/pokemon/84.png,0.1338582677165354,0.4324324324324324,0.1632653061224489,0.1213592233009708,0.0652173913043478,0.358974358974359
84,85,Dodrio,Normal,Flying,60,110,70,60,60,110,470,1.8,85.2,165.0,"['run-away', 'early-bird', 'tangled-feet']",tangled-feet,generation-1,,,False,brown,legs,flying,grassland,medium,45,70,Triple Bird Pokémon,36,"Uses its three brains to execute complex plans. While two heads sleep, one head stays awake.",https://raw.githubusercontent.com/PokeAPI/sprites/master/sprites/pokemon/85.png,0.2322834645669291,0.5675675675675675,0.2653061224489796,0.2427184466019417,0.1739130434782608,0.5384615384615384
85,86,Seel,Water,None,65,45,55,45,70,45,325,1.1,90.0,65.0,"['thick-fat', 'hydration', 'ice-body']",ice-body,generation-1,,,False,white,fish,water1|ground,sea,medium,190,70,Sea Lion Pokémon,37,The protruding horn on its head is very hard. It is used for bashing through thick ice.,https://raw.githubusercontent.com/PokeAPI/sprites/master/sprites/pokemon/86.png,0.2519685039370078,0.2162162162162162,0.2040816326530612,0.1699029126213592,0.217391304347826,0.2051282051282051
86,87,Dewgong,Water,Ice,90,70,80,70,95,70,475,1.7,120.0,166.0,"['thick-fat', 'hydration', 'ice-body']",ice-body,generation-1,,,False,white,fish,water1|ground,sea,medium,75,70,Sea Lion Pokémon,37,Stores thermal energy in its body. Swims at a steady 8 knots even in intensely cold waters.,https://raw.githubusercontent.com/PokeAPI/sprites/master/sprites/pokemon/87.png,0.3503937007874015,0.3513513513513513,0.3061224489795918,0.2912621359223301,0.3260869565217391,0.3333333333333333
87,88,Grimer,Poison,None,80,80,50,40,50,25,325,0.9,30.0,65.0,"['stench', 'sticky-hold', 'poison-touch']",poison-touch,generation-1,,,False,purple,arms,indeterminate,urban,medium,190,70,Sludge Pokémon,38,Appears in filthy areas. Thrives by sucking up polluted sludge that is pumped out of factories.,https://raw.githubusercontent.com/PokeAPI/sprites/master/sprites/pokemon/88.png,0.3110236220472441,0.4054054054054054,0.1836734693877551,0.145631067961165,0.1304347826086956,0.1025641025641025
88,89,Muk,Poison,None,105,105,75,65,100,50,500,1.2,30.0,175.0,"['stench', 'sticky-hold', 'poison-touch']",poison-touch,generation-1,,,False,purple,arms,indeterminate,urban,medium,75,70,Sludge Pokémon,38,"Thickly covered with a filthy, vile sludge. It is so toxic, even its footprints contain poison.",https://raw.githubusercontent.com/PokeAPI/sprites/master/sprites/pokemon/89.png,0.4094488188976378,0.5405405405405406,0.2857142857142857,0.2669902912621359,0.3478260869565217,0.2307692307692307
89,90,Shellder,Water,None,30,65,100,45,25,40,305,0.3,4.0,61.0,"['shell-armor', 'skill-link', 'overcoat']",overcoat,generation-1,,,False,purple,ball,water3,sea,slow,190,70,Bivalve Pokémon,39,Its hard shell repels any kind of attack. It is vulnerable only when its shell is open.,https://raw.githubusercontent.com/PokeAPI/sprites/master/sprites/pokemon/90.png,0.1141732283464567,0.3243243243243243,0.3877551020408163,0.1699029126213592,0.0217391304347826,0.1794871794871795
90,91,Cloyster,Water,Ice,50,95,180,85,45,70,525,1.5,132.5,184.0,"['shell-armor', 'skill-link', 'overcoat']",overcoat,generation-1,,,False,purple,ball,water3,sea,slow,60,70,Bivalve Pokémon,39,"When attacked, it launches its horns in quick volleys. Its innards have never been seen.",https://raw.githubusercontent.com/PokeAPI/sprites/master/sprites/pokemon/91.png,0.1929133858267716,0.4864864864864865,0.7142857142857143,0.3640776699029126,0.108695652173913,0.3333333333333333
91,92,Gastly,Ghost,Poison,30,35,30,100,35,80,310,1.3,0.1,62.0,['levitate'],,generation-1,,,False,purple,ball,indeterminate,cave,medium-slow,190,70,Gas Pokémon,40,"Almost invisible, this gaseous POKéMON cloaks the target and puts it to sleep without notice.",https://raw.githubusercontent.com/PokeAPI/sprites/master/sprites/pokemon/92.png,0.1141732283464567,0.1621621621621621,0.1020408163265306,0.4368932038834951,0.0652173913043478,0.3846153846153846
92,93,Haunter,Ghost,Poison,45,50,45,115,55,95,405,1.6,0.1,142.0,['levitate'],,generation-1,,,False,purple,arms,indeterminate,cave,medium-slow,90,70,Gas Pokémon,40,"Because of its ability to slip through block walls, it is said to be from an­ other dimension.",https://raw.githubusercontent.com/PokeAPI/sprites/master/sprites/pokemon/93.png,0.1732283464566929,0.2432432432432432,0.1632653061224489,0.5097087378640777,0.1521739130434782,0.4615384615384615
93,94,Gengar,Ghost,Poison,60,65,60,130,75,110,500,1.5,40.5,225.0,['cursed-body'],,generation-1,,,False,purple,upright,indeterminate,cave,medium-slow,45,70,Shadow Pokémon,40,"Under a full moon, this POKéMON likes to mimic the shadows of people and laugh at their fright.",https://raw.githubusercontent.com/PokeAPI/sprites/master/sprites/pokemon/94.png,0.2322834645669291,0.3243243243243243,0.2244897959183673,0.5825242718446602,0.2391304347826087,0.5384615384615384
94,95,Onix,Rock,Ground,35,45,160,30,45,70,385,8.8,210.0,77.0,"['rock-head', 'sturdy', 'weak-armor']",weak-armor,generation-1,,,False,gray,squiggle,mineral,cave,medium,45,70,Rock Snake Pokémon,41,"As it grows, the stone portions of its body harden to become similar to a diamond, but colored black.",https://raw.githubusercontent.com/PokeAPI/sprites/master/sprites/pokemon/95.png,0.1338582677165354,0.2162162162162162,0.6326530612244898,0.0970873786407767,0.108695652173913,0.3333333333333333
95,96,Drowzee,Psychic,None,60,48,45,43,90,42,328,1.0,32.4,66.0,"['insomnia', 'forewarn', 'inner-focus']",inner-focus,generation-1,,,False,yellow,humanoid,humanshape,grassland,medium,190,70,Hypnosis Pokémon,42,Puts enemies to sleep then eats their dreams. Occasionally gets sick from eating bad dreams.,https://raw.githubusercontent.com/PokeAPI/sprites/master/sprites/pokemon/96.png,0.2322834645669291,0.2324324324324324,0.1632653061224489,0.1601941747572815,0.3043478260869565,0.1897435897435897
96,97,Hypno,Psychic,None,85,73,70,73,115,67,483,1.6,75.6,169.0,"['insomnia', 'forewarn', 'inner-focus']",inner-focus,generation-1,,,False,yellow,humanoid,humanshape,grassland,medium,75,70,Hypnosis Pokémon,42,"When it locks eyes with an enemy, it will use a mix of PSI moves such as HYPNOSIS and CONFUSION.",https://raw.githubusercontent.com/PokeAPI/sprites/master/sprites/pokemon/97.png,0.3307086614173228,0.3675675675675676,0.2653061224489796,0.3058252427184466,0.4130434782608695,0.3179487179487179
97,98,Krabby,Water,None,30,105,90,25,25,50,325,0.4,6.5,65.0,"['hyper-cutter', 'shell-armor', 'sheer-force']",sheer-force,generation-1,,,False,red,armor,water3,waters-edge,medium,225,70,River Crab Pokémon,43,"Its pincers are not only powerful weapons, they are used for balance when walking sideways.",https://raw.githubusercontent.com/PokeAPI/sprites/master/sprites/pokemon/98.png,0.1141732283464567,0.5405405405405406,0.3469387755102041,0.0728155339805825,0.0217391304347826,0.2307692307692307
98,99,Kingler,Water,None,55,130,115,50,50,75,475,1.3,60.0,166.0,"['hyper-cutter', 'shell-armor', 'sheer-force']",sheer-force,generation-1,,,False,red,armor,water3,waters-edge,medium,60,70,Pincer Pokémon,43,"The large pincer has 10000 hp of crushing power. However, its huge size makes it unwieldy to use.",https://raw.githubusercontent.com/PokeAPI/sprites/master/sprites/pokemon/99.png,0.2125984251968504,0.6756756756756757,0.4489795918367347,0.1941747572815534,0.1304347826086956,0.358974358974359
99,100,Voltorb,Electric,None,40,30,50,55,55,100,330,0.5,10.4,66.0,"['soundproof', 'static', 'aftermath']",aftermath,generation-1,,,False,red,ball,mineral,urban,medium,190,70,Ball Pokémon,44,"Usually found in power plants. Easily mistaken for a POKé BALL, they have zapped many people.",https://raw.githubusercontent.com/PokeAPI/sprites/master/sprites/pokemon/100.png,0.1535433070866141,0.1351351351351351,0.1836734693877551,0.2184466019417475,0.1521739130434782,0.4871794871794871
100,101,Electrode,Electric,None,60,50,70,80,80,150,490,1.2,66.6,172.0,"['soundproof', 'static', 'aftermath']",aftermath,generation-1,,,False,red,ball,mineral,urban,medium,60,70,Ball Pokémon,44,It stores electric energy under very high pressure. It often explodes with little or no provocation.,https://raw.githubusercontent.com/PokeAPI/sprites/master/sprites/pokemon/101.png,0.2322834645669291,0.2432432432432432,0.2653061224489796,0.3398058252427184,0.2608695652173913,0.7435897435897436
101,102,Exeggcute,Grass,Psychic,60,40,80,60,45,40,325,0.4,2.5,65.0,"['chlorophyll', 'harvest']",harvest,generation-1,,,False,pink,heads,plant,forest,slow,90,70,Egg Pokémon,45,"Often mistaken for eggs. When disturbed, they quickly gather and attack in swarms.",https://raw.githubusercontent.com/PokeAPI/sprites/master/sprites/pokemon/102.png,0.2322834645669291,0.1891891891891892,0.3061224489795918,0.2427184466019417,0.108695652173913,0.1794871794871795
102,103,Exeggutor,Grass,Psychic,95,95,85,125,75,55,530,2.0,120.0,186.0,"['chlorophyll', 'harvest']",harvest,generation-1,,,False,yellow,legs,plant,forest,slow,45,70,Coconut Pokémon,45,"Legend has it that on rare occasions, one of its heads will drop off and continue on as an EXEGGCUTE.",https://raw.githubusercontent.com/PokeAPI/sprites/master/sprites/pokemon/103.png,0.3700787401574803,0.4864864864864865,0.3265306122448979,0.558252427184466,0.2391304347826087,0.2564102564102564
103,104,Cubone,Ground,None,50,50,95,40,50,35,320,0.4,6.5,64.0,"['rock-head', 'lightning-rod', 'battle-armor']",battle-armor,generation-1,,,False,brown,upright,monster,mountain,medium,190,70,Lonely Pokémon,46,"Because it never removes its skull helmet, no one has ever seen this POKéMON's real face.",https://raw.githubusercontent.com/PokeAPI/sprites/master/sprites/pokemon/104.png,0.1929133858267716,0.2432432432432432,0.3673469387755102,0.145631067961165,0.1304347826086956,0.1538461538461538
104,105,Marowak,Ground,None,60,80,110,50,80,45,425,1.0,45.0,149.0,"['rock-head', 'lightning-rod', 'battle-armor']",battle-armor,generation-1,,,False,brown,upright,monster,mountain,medium,75,70,Bone Keeper Pokémon,46,The bone it holds is its key weapon. It throws the bone skillfully like a boomerang to KO targets.,https://raw.githubusercontent.com/PokeAPI/sprites/master/sprites/pokemon/105.png,0.2322834645669291,0.4054054054054054,0.4285714285714285,0.1941747572815534,0.2608695652173913,0.2051282051282051
105,106,Hitmonlee,Fighting,None,50,120,53,35,110,87,455,1.5,49.8,159.0,"['limber', 'reckless', 'unburden']",unburden,generation-1,,,False,brown,humanoid,humanshape,urban,medium,45,70,Kicking Pokémon,47,"When in a hurry, its legs lengthen progressively. It runs smoothly with extra long, loping strides.",https://raw.githubusercontent.com/PokeAPI/sprites/master/sprites/pokemon/106.png,0.1929133858267716,0.6216216216216216,0.1959183673469387,0.1213592233009708,0.391304347826087,0.4205128205128205
106,107,Hitmonchan,Fighting,None,50,105,79,35,110,76,455,1.4,50.2,159.0,"['keen-eye', 'iron-fist', 'inner-focus']",inner-focus,generation-1,,,False,brown,humanoid,humanshape,urban,medium,45,70,Punching Pokémon,47,"While apparently doing nothing, it fires punches in lightning fast volleys that are impossible to see.",https://raw.githubusercontent.com/PokeAPI/sprites/master/sprites/pokemon/107.png,0.1929133858267716,0.5405405405405406,0.3020408163265306,0.1213592233009708,0.391304347826087,0.3641025641025641
107,108,Lickitung,Normal,None,90,55,75,60,75,30,385,1.2,65.5,77.0,"['own-tempo', 'oblivious', 'cloud-nine']",cloud-nine,generation-1,,,False,pink,upright,monster,grassland,medium,45,70,Licking Pokémon,48,Its tongue can be extended like a chameleon's. It leaves a tingling sensation when it licks enemies.,https://raw.githubusercontent.com/PokeAPI/sprites/master/sprites/pokemon/108.png,0.3503937007874015,0.2702702702702703,0.2857142857142857,0.2427184466019417,0.2391304347826087,0.1282051282051282
108,109,Koffing,Poison,None,40,65,95,60,45,35,340,0.6,1.0,68.0,"['levitate', 'neutralizing-gas', 'stench']",stench,generation-1,,,False,purple,ball,indeterminate,urban,medium,190,70,Poison Gas Pokémon,49,"Because it stores several kinds of toxic gases in its body, it is prone to exploding without warning.",https://raw.githubusercontent.com/PokeAPI/sprites/master/sprites/pokemon/109.png,0.1535433070866141,0.3243243243243243,0.3673469387755102,0.2427184466019417,0.108695652173913,0.1538461538461538
109,110,Weezing,Poison,None,65,90,120,85,70,60,490,1.2,9.5,172.0,"['levitate', 'neutralizing-gas', 'stench']",stench,generation-1,,,False,purple,heads,indeterminate,urban,medium,60,70,Poison Gas Pokémon,49,"Where two kinds of poison gases meet, 2 KOFFINGs can fuse into a WEEZING over many years.",https://raw.githubusercontent.com/PokeAPI/sprites/master/sprites/pokemon/110.png,0.2519685039370078,0.4594594594594595,0.4693877551020408,0.3640776699029126,0.217391304347826,0.282051282051282
110,111,Rhyhorn,Ground,Rock,80,85,95,30,30,25,345,1.0,115.0,69.0,"['lightning-rod', 'rock-head', 'reckless']",reckless,generation-1,,,False,gray,quadruped,monster|ground,rough-terrain,slow,120,70,Spikes Pokémon,50,"A POKéMON with a one-track mind. Once it charges,  it won't stop running until it falls asleep.",https://raw.githubusercontent.com/PokeAPI/sprites/master/sprites/pokemon/111.png,0.3110236220472441,0.4324324324324324,0.3673469387755102,0.0970873786407767,0.0434782608695652,0.1025641025641025
111,112,Rhydon,Ground,Rock,105,130,120,45,45,40,485,1.9,120.0,170.0,"['lightning-rod', 'rock-head', 'reckless']",reckless,generation-1,,,False,gray,upright,monster|ground,rough-terrain,slow,60,70,Drill Pokémon,50,"Protected by an armor-like hide, it is capable of living in molten lava of 3,600 degrees.",https://raw.githubusercontent.com/PokeAPI/sprites/master/sprites/pokemon/112.png,0.4094488188976378,0.6756756756756757,0.4693877551020408,0.1699029126213592,0.108695652173913,0.1794871794871795
112,113,Chansey,Normal,None,250,5,5,35,105,50,450,1.1,34.6,395.0,"['natural-cure', 'serene-grace', 'healer']",healer,generation-1,,,False,pink,upright,fairy,urban,fast,30,140,Egg Pokémon,51,A rare and elusive POKéMON that is said to bring happiness to those who manage to get it.,https://raw.githubusercontent.com/PokeAPI/sprites/master/sprites/pokemon/113.png,0.9803149606299212,0.0,0.0,0.1213592233009708,0.3695652173913043,0.2307692307692307
113,114,Tangela,Grass,None,65,55,115,100,40,60,435,1.0,35.0,87.0,"['chlorophyll', 'leaf-guard', 'regenerator']",regenerator,generation-1,,,False,blue,legs,plant,grassland,medium,45,70,Vine Pokémon,52,The whole body is swathed with wide vines that are similar to sea­ weed. Its vines shake as it walks.,https://raw.githubusercontent.com/PokeAPI/sprites/master/sprites/pokemon/114.png,0.2519685039370078,0.2702702702702703,0.4489795918367347,0.4368932038834951,0.0869565217391304,0.282051282051282
114,115,Kangaskhan,Normal,None,105,95,80,40,80,90,490,2.2,80.0,172.0,"['early-bird', 'scrappy', 'inner-focus']",inner-focus,generation-1,,,False,brown,upright,monster,grassland,medium,45,70,Parent Pokémon,53,The infant rarely ventures out of its mother's protective pouch until it is 3 years old.,https://raw.githubusercontent.com/PokeAPI/sprites/master/sprites/pokemon/115.png,0.4094488188976378,0.4864864864864865,0.3061224489795918,0.145631067961165,0.2608695652173913,0.4358974358974359
115,116,Horsea,Water,None,30,40,70,70,25,60,295,0.4,8.0,59.0,"['swift-swim', 'sniper', 'damp']",damp,generation-1,,,False,blue,blob,water1|dragon,sea,medium,225,70,Dragon Pokémon,54,Known to shoot down flying bugs with precision blasts of ink from the surface of the water.,https://raw.githubusercontent.com/PokeAPI/sprites/master/sprites/pokemon/116.png,0.1141732283464567,0.1891891891891892,0.2653061224489796,0.2912621359223301,0.0217391304347826,0.282051282051282
116,117,Seadra,Water,None,55,65,95,95,45,85,440,1.2,25.0,154.0,"['poison-point', 'sniper', 'damp']",damp,generation-1,,,False,blue,blob,water1|dragon,sea,medium,75,70,Dragon Pokémon,54,Capable of swim­ ming backwards by rapidly flapping its wing-like pectoral fins and stout tail.,https://raw.githubusercontent.com/PokeAPI/sprites/master/sprites/pokemon/117.png,0.2125984251968504,0.3243243243243243,0.3673469387755102,0.4126213592233009,0.108695652173913,0.4102564102564102
117,118,Goldeen,Water,None,45,67,60,35,50,63,320,0.6,15.0,64.0,"['swift-swim', 'water-veil', 'lightning-rod']",lightning-rod,generation-1,,,False,red,fish,water2,waters-edge,medium,225,70,Goldfish Pokémon,55,"Its tail fin billows like an elegant ballroom dress, giving it the nickname of the Water Queen.",https://raw.githubusercontent.com/PokeAPI/sprites/master/sprites/pokemon/118.png,0.1732283464566929,0.3351351351351351,0.2244897959183673,0.1213592233009708,0.1304347826086956,0.2974358974358974
118,119,Seaking,Water,None,80,92,65,65,80,68,450,1.3,39.0,158.0,"['swift-swim', 'water-veil', 'lightning-rod']",lightning-rod,generation-1,,,False,red,fish,water2,waters-edge,medium,60,70,Goldfish Pokémon,55,"In the autumn spawning season, they can be seen swimming powerfully up rivers and creeks.",https://raw.githubusercontent.com/PokeAPI/sprites/master/sprites/pokemon/119.png,0.3110236220472441,0.4702702702702703,0.2448979591836734,0.2669902912621359,0.2608695652173913,0.3230769230769231
119,120,Staryu,Water,None,30,45,55,70,55,85,340,0.8,34.5,68.0,"['illuminate', 'natural-cure', 'analytic']",analytic,generation-1,,,False,brown,blob,water3,sea,slow,225,70,Star Shape Pokémon,56,"If its body is torn, it can grow back if the red core remains. The core flashes at midnight.",https://raw.githubusercontent.com/PokeAPI/sprites/master/sprites/pokemon/120.png,0.1141732283464567,0.2162162162162162,0.2040816326530612,0.2912621359223301,0.1521739130434782,0.4102564102564102
120,121,Starmie,Water,Psychic,60,75,85,100,85,115,520,1.1,80.0,182.0,"['illuminate', 'natural-cure', 'analytic']",analytic,generation-1,,,False,purple,blob,water3,sea,slow,60,70,Mysterious Pokémon,56,Its central core glows with the seven colors of the rainbow. Some people value the core as a gem.,https://raw.githubusercontent.com/PokeAPI/sprites/master/sprites/pokemon/121.png,0.2322834645669291,0.3783783783783784,0.3265306122448979,0.4368932038834951,0.2826086956521739,0.5641025641025641
121,122,Mr-Mime,Psychic,Fairy,40,45,65,100,120,90,460,1.3,54.5,161.0,"['soundproof', 'filter', 'technician']",technician,generation-1,,,False,pink,humanoid,humanshape,urban,medium,45,70,Barrier Pokémon,57,"If interrupted while it is miming, it will slap around the offender with its broad hands.",https://raw.githubusercontent.com/PokeAPI/sprites/master/sprites/pokemon/122.png,0.1535433070866141,0.2162162162162162,0.2448979591836734,0.4368932038834951,0.4347826086956521,0.4358974358974359
122,123,Scyther,Bug,Flying,70,110,80,55,80,105,500,1.5,56.0,100.0,"['swarm', 'technician', 'steadfast']",steadfast,generation-1,,,False,green,bug-wings,bug,grassland,medium,45,70,Mantis Pokémon,58,"With ninja-like agility and speed, it can create the illusion that there is more than one.",https://raw.githubusercontent.com/PokeAPI/sprites/master/sprites/pokemon/123.png,0.2716535433070866,0.5675675675675675,0.3061224489795918,0.2184466019417475,0.2608695652173913,0.5128205128205128
123,124,Jynx,Ice,Psychic,65,50,35,115,95,95,455,1.4,40.6,159.0,"['oblivious', 'forewarn', 'dry-skin']",dry-skin,generation-1,,,False,red,humanoid,humanshape,urban,medium,45,70,Human Shape Pokémon,59,It seductively wiggles its hips as it walks. It can cause people to dance in unison with it.,https://raw.githubusercontent.com/PokeAPI/sprites/master/sprites/pokemon/124.png,0.2519685039370078,0.2432432432432432,0.1224489795918367,0.5097087378640777,0.3260869565217391,0.4615384615384615
124,125,Electabuzz,Electric,None,65,83,57,95,85,105,490,1.1,30.0,172.0,"['static', 'vital-spirit']",vital-spirit,generation-1,,,False,yellow,upright,humanshape,grassland,medium,45,70,Electric Pokémon,60,"Normally found near power plants, they can wander away and cause major blackouts in cities.",https://raw.githubusercontent.com/PokeAPI/sprites/master/sprites/pokemon/125.png,0.2519685039370078,0.4216216216216216,0.2122448979591836,0.4126213592233009,0.2826086956521739,0.5128205128205128
125,126,Magmar,Fire,None,65,95,57,100,85,93,495,1.3,44.5,173.0,"['flame-body', 'vital-spirit']",vital-spirit,generation-1,,,False,red,upright,humanshape,mountain,medium,45,70,Spitfire Pokémon,61,Its body always burns with an orange glow that enables it to hide perfectly among flames.,https://raw.githubusercontent.com/PokeAPI/sprites/master/sprites/pokemon/126.png,0.2519685039370078,0.4864864864864865,0.2122448979591836,0.4368932038834951,0.2826086956521739,0.4512820512820513
126,127,Pinsir,Bug,None,65,125,100,55,70,85,500,1.5,55.0,175.0,"['hyper-cutter', 'mold-breaker', 'moxie']",moxie,generation-1,,,False,brown,humanoid,bug,forest,slow,45,70,Stag Beetle Pokémon,62,"If it fails to crush the victim in its pincers, it will swing it around and toss it hard.",https://raw.githubusercontent.com/PokeAPI/sprites/master/sprites/pokemon/127.png,0.2519685039370078,0.6486486486486487,0.3877551020408163,0.2184466019417475,0.217391304347826,0.4102564102564102
127,128,Tauros,Normal,None,75,100,95,40,70,110,490,1.4,88.4,172.0,"['intimidate', 'anger-point', 'sheer-force']",sheer-force,generation-1,,,False,brown,quadruped,ground,grassland,slow,45,70,Wild Bull Pokémon,63,"When it targets an enemy, it charges furiously while whipping its body with its long tails.",https://raw.githubusercontent.com/PokeAPI/sprites/master/sprites/pokemon/128.png,0.2913385826771653,0.5135135135135135,0.3673469387755102,0.145631067961165,0.217391304347826,0.5384615384615384
128,129,Magikarp,Water,None,20,10,55,15,20,80,200,0.9,10.0,40.0,"['swift-swim', 'rattled']",rattled,generation-1,,,False,red,fish,water2|dragon,waters-edge,slow,255,70,Fish Pokémon,64,"In the distant past, it was somewhat stronger than the horribly weak descendants that exist today.",https://raw.githubusercontent.com/PokeAPI/sprites/master/sprites/pokemon/129.png,0.0748031496062992,0.027027027027027,0.2040816326530612,0.0242718446601941,0.0,0.3846153846153846
129,130,Gyarados,Water,Flying,95,125,79,60,100,81,540,6.5,235.0,189.0,"['intimidate', 'moxie']",moxie,generation-1,,,False,blue,squiggle,water2|dragon,waters-edge,slow,45,70,Atrocious Pokémon,64,"Once it begins to rampage, a GYARADOS will burn everything down, even in a harsh storm.",https://raw.githubusercontent.com/PokeAPI/sprites/master/sprites/pokemon/130.png,0.3700787401574803,0.6486486486486487,0.3020408163265306,0.2427184466019417,0.3478260869565217,0.3897435897435897
130,131,Lapras,Water,Ice,130,85,80,85,95,60,535,2.5,220.0,187.0,"['water-absorb', 'shell-armor', 'hydration']",hydration,generation-1,,,False,blue,fish,monster|water1,sea,slow,45,70,Transport Pokémon,65,A POKéMON that has been over­ hunted almost to extinction. It can ferry people across the water.,https://raw.githubusercontent.com/PokeAPI/sprites/master/sprites/pokemon/131.png,0.5078740157480315,0.4324324324324324,0.3061224489795918,0.3640776699029126,0.3260869565217391,0.282051282051282
131,132,Ditto,Normal,None,48,48,48,48,48,48,288,0.3,4.0,101.0,"['limber', 'imposter']",imposter,generation-1,,,False,purple,ball,ditto,urban,medium,35,70,Transform Pokémon,66,Capable of copying an enemy's genetic code to instantly transform itself into a duplicate of the enemy.,https://raw.githubusercontent.com/PokeAPI/sprites/master/sprites/pokemon/132.png,0.1850393700787401,0.2324324324324324,0.1755102040816326,0.1844660194174757,0.1217391304347826,0.2205128205128205
132,133,Eevee,Normal,None,55,55,50,45,65,55,325,0.3,6.5,65.0,"['run-away', 'adaptability', 'anticipation']",anticipation,generation-1,,,False,brown,quadruped,ground,urban,medium,45,70,Evolution Pokémon,67,Its genetic code is irregular. It may mutate if it is exposed to radiation from element STONEs.,https://raw.githubusercontent.com/PokeAPI/sprites/master/sprites/pokemon/133.png,0.2125984251968504,0.2702702702702703,0.1836734693877551,0.1699029126213592,0.1956521739130435,0.2564102564102564
133,134,Vaporeon,Water,None,130,65,60,110,95,65,525,1.0,29.0,184.0,"['water-absorb', 'hydration']",hydration,generation-1,,,False,blue,quadruped,ground,urban,medium,45,70,Bubble Jet Pokémon,67,Lives close to water. Its long tail is ridged with a fin which is often mistaken for a mermaid's.,https://raw.githubusercontent.com/PokeAPI/sprites/master/sprites/pokemon/134.png,0.5078740157480315,0.3243243243243243,0.2244897959183673,0.4854368932038835,0.3260869565217391,0.3076923076923077
134,135,Jolteon,Electric,None,65,65,60,110,95,130,525,0.8,24.5,184.0,"['volt-absorb', 'quick-feet']",quick-feet,generation-1,,,False,yellow,quadruped,ground,urban,medium,45,70,Lightning Pokémon,67,It accumulates negative ions in the atmosphere to blast out 10000- volt lightning bolts.,https://raw.githubusercontent.com/PokeAPI/sprites/master/sprites/pokemon/135.png,0.2519685039370078,0.3243243243243243,0.2244897959183673,0.4854368932038835,0.3260869565217391,0.6410256410256411
135,136,Flareon,Fire,None,65,130,60,95,110,65,525,0.9,25.0,184.0,"['flash-fire', 'guts']",guts,generation-1,,,False,red,quadruped,ground,urban,medium,45,70,Flame Pokémon,67,"When storing thermal energy in its body, its temperature could soar to over 1600 degrees.",https://raw.githubusercontent.com/PokeAPI/sprites/master/sprites/pokemon/136.png,0.2519685039370078,0.6756756756756757,0.2244897959183673,0.4126213592233009,0.391304347826087,0.3076923076923077
136,137,Porygon,Normal,None,65,60,70,85,75,40,395,0.8,36.5,79.0,"['trace', 'download', 'analytic']",analytic,generation-1,,,False,pink,legs,mineral,urban,medium,45,70,Virtual Pokémon,68,A POKéMON that consists entirely of programming code. Capable of moving freely in cyberspace.,https://raw.githubusercontent.com/PokeAPI/sprites/master/sprites/pokemon/137.png,0.2519685039370078,0.2972972972972973,0.2653061224489796,0.3640776699029126,0.2391304347826087,0.1794871794871795
137,138,Omanyte,Rock,Water,35,40,100,90,55,35,355,0.4,7.5,71.0,"['swift-swim', 'shell-armor', 'weak-armor']",weak-armor,generation-1,,,False,blue,tentacles,water1|water3,sea,medium,45,70,Spiral Pokémon,69,"Although long extinct, in rare cases, it can be genetically resurrected from fossils.",https://raw.githubusercontent.com/PokeAPI/sprites/master/sprites/pokemon/138.png,0.1338582677165354,0.1891891891891892,0.3877551020408163,0.3883495145631068,0.1521739130434782,0.1538461538461538
138,139,Omastar,Rock,Water,70,60,125,115,70,55,495,1.0,35.0,173.0,"['swift-swim', 'shell-armor', 'weak-armor']",weak-armor,generation-1,,,False,blue,tentacles,water1|water3,sea,medium,45,70,Spiral Pokémon,69,A prehistoric POKéMON that died out when its heavy shell made it impossible to catch prey.,https://raw.githubusercontent.com/PokeAPI/sprites/master/sprites/pokemon/139.png,0.2716535433070866,0.2972972972972973,0.4897959183673469,0.5097087378640777,0.217391304347826,0.2564102564102564
139,140,Kabuto,Rock,Water,30,80,90,55,45,55,355,0.5,11.5,71.0,"['swift-swim', 'battle-armor', 'weak-armor']",weak-armor,generation-1,,,False,brown,armor,water1|water3,sea,medium,45,70,Shellfish Pokémon,70,A POKéMON that was resurrected from a fossil found in what was once the ocean floor eons ago.,https://raw.githubusercontent.com/PokeAPI/sprites/master/sprites/pokemon/140.png,0.1141732283464567,0.4054054054054054,0.3469387755102041,0.2184466019417475,0.108695652173913,0.2564102564102564
140,141,Kabutops,Rock,Water,60,115,105,65,70,80,495,1.3,40.5,173.0,"['swift-swim', 'battle-armor', 'weak-armor']",weak-armor,generation-1,,,False,brown,upright,water1|water3,sea,medium,45,70,Shellfish Pokémon,70,Its sleek shape is perfect for swim­ ming. It slashes prey with its claws and drains the body fluids.,https://raw.githubusercontent.com/PokeAPI/sprites/master/sprites/pokemon/141.png,0.2322834645669291,0.5945945945945946,0.4081632653061224,0.2669902912621359,0.217391304347826,0.3846153846153846
141,142,Aerodactyl,Rock,Flying,80,105,65,60,75,130,515,1.8,59.0,180.0,"['rock-head', 'pressure', 'unnerve']",unnerve,generation-1,,,False,purple,wings,flying,mountain,slow,45,70,Fossil Pokémon,71,A Pokémon that roamed the skies in the dinosaur era. Its teeth are like saw blades.,https://raw.githubusercontent.com/PokeAPI/sprites/master/sprites/pokemon/142.png,0.3110236220472441,0.5405405405405406,0.2448979591836734,0.2427184466019417,0.2391304347826087,0.6410256410256411
142,143,Snorlax,Normal,None,160,110,65,65,110,30,540,2.1,460.0,189.0,"['immunity', 'thick-fat', 'gluttony']",gluttony,generation-1,,,False,black,humanoid,monster,mountain,slow,25,70,Sleeping Pokémon,72,"Very lazy. Just eats and sleeps. As its rotund bulk builds, it becomes steadily more slothful.",https://raw.githubusercontent.com/PokeAPI/sprites/master/sprites/pokemon/143.png,0.6259842519685039,0.5675675675675675,0.2448979591836734,0.2669902912621359,0.391304347826087,0.1282051282051282
143,144,Articuno,Ice,Flying,90,85,100,95,125,85,580,1.7,55.4,261.0,"['pressure', 'snow-cloak']",snow-cloak,generation-1,,,False,blue,wings,no-eggs,rare,slow,3,35,Freeze Pokémon,73,A legendary bird POKéMON that is said to appear to doomed people who are lost in icy mountains.,https://raw.githubusercontent.com/PokeAPI/sprites/master/sprites/pokemon/144.png,0.3503937007874015,0.4324324324324324,0.3877551020408163,0.4126213592233009,0.4565217391304347,0.4102564102564102
144,145,Zapdos,Electric,Flying,90,90,85,125,90,100,580,1.6,52.6,261.0,"['pressure', 'static']",static,generation-1,,,False,yellow,wings,no-eggs,rare,slow,3,35,Electric Pokémon,74,A legendary bird POKéMON that is said to appear from clouds while dropping enormous lightning bolts.,https://raw.githubusercontent.com/PokeAPI/sprites/master/sprites/pokemon/145.png,0.3503937007874015,0.4594594594594595,0.3265306122448979,0.558252427184466,0.3043478260869565,0.4871794871794871
145,146,Moltres,Fire,Flying,90,100,90,125,85,90,580,2.0,60.0,261.0,"['pressure', 'flame-body']",flame-body,generation-1,,,False,yellow,wings,no-eggs,rare,slow,3,35,Flame Pokémon,75,Known as the legendary bird of fire. Every flap of its wings creates a dazzling flash of flames.,https://raw.githubusercontent.com/PokeAPI/sprites/master/sprites/pokemon/146.png,0.3503937007874015,0.5135135135135135,0.3469387755102041,0.558252427184466,0.2826086956521739,0.4358974358974359
146,147,Dratini,Dragon,None,41,64,45,50,50,50,300,1.8,3.3,60.0,"['shed-skin', 'marvel-scale']",marvel-scale,generation-1,,,False,blue,squiggle,water1|dragon,waters-edge,slow,45,35,Dragon Pokémon,76,Long considered a mythical POKéMON until recently when a small colony was found living underwater.,https://raw.githubusercontent.com/PokeAPI/sprites/master/sprites/pokemon/147.png,0.1574803149606299,0.3189189189189189,0.1632653061224489,0.1941747572815534,0.1304347826086956,0.2307692307692307
147,148,Dragonair,Dragon,None,61,84,65,70,70,70,420,4.0,16.5,147.0,"['shed-skin', 'marvel-scale']",marvel-scale,generation-1,,,False,blue,squiggle,water1|dragon,waters-edge,slow,45,35,Dragon Pokémon,76,A mystical POKéMON that exudes a gentle aura. Has the ability to change climate conditions.,https://raw.githubusercontent.com/PokeAPI/sprites/master/sprites/pokemon/148.png,0.2362204724409448,0.427027027027027,0.2448979591836734,0.2912621359223301,0.217391304347826,0.3333333333333333
148,149,Dragonite,Dragon,Flying,91,134,95,100,100,80,600,2.2,210.0,270.0,"['inner-focus', 'multiscale']",multiscale,generation-1,,,False,brown,upright,water1|dragon,waters-edge,slow,45,35,Dragon Pokémon,76,An extremely rarely seen marine POKéMON. Its intelligence is said to match that of humans.,https://raw.githubusercontent.com/PokeAPI/sprites/master/sprites/pokemon/149.png,0.3543307086614173,0.6972972972972973,0.3673469387755102,0.4368932038834951,0.3478260869565217,0.3846153846153846
149,150,Mewtwo,Psychic,None,106,110,90,154,90,130,680,2.0,122.0,306.0,"['pressure', 'unnerve']",unnerve,generation-1,,,False,purple,upright,no-eggs,rare,slow,3,0,Genetic Pokémon,77,It was created by a scientist after years of horrific gene splicing and DNA engineering experiments.,https://raw.githubusercontent.com/PokeAPI/sprites/master/sprites/pokemon/150.png,0.4133858267716535,0.5675675675675675,0.3469387755102041,0.6990291262135923,0.3043478260869565,0.6410256410256411
150,151,Mew,Psychic,None,100,100,100,100,100,100,600,0.4,4.0,270.0,['synchronize'],,generation-1,,,False,pink,upright,no-eggs,rare,medium-slow,45,100,New Species Pokémon,78,So rare that it is still said to be a mirage by many experts. Only a few people have seen it worldwide.,https://raw.githubusercontent.com/PokeAPI/sprites/master/sprites/pokemon/151.png,0.389763779527559,0.5135135135135135,0.3877551020408163,0.4368932038834951,0.3478260869565217,0.4871794871794871
151,152,Chikorita,Grass,None,45,49,65,49,65,45,318,0.9,6.4,64.0,"['overgrow', 'leaf-guard']",leaf-guard,generation-2,,,False,green,quadruped,monster|plant,grassland,medium-slow,45,70,Leaf Pokémon,79,A sweet aroma gently wafts from the leaf on its head. It is docile and loves to soak up the sun's rays.,https://raw.githubusercontent.com/PokeAPI/sprites/master/sprites/pokemon/152.png,0.1732283464566929,0.2378378378378378,0.2448979591836734,0.1893203883495145,0.1956521739130435,0.2051282051282051
152,153,Bayleef,Grass,None,60,62,80,63,80,60,405,1.2,15.8,142.0,"['overgrow', 'leaf-guard']",leaf-guard,generation-2,,,False,green,quadruped,monster|plant,grassland,medium-slow,45,70,Leaf Pokémon,79,"The scent of spices comes from around its neck. Somehow, sniffing it makes you want to fight.",https://raw.githubusercontent.com/PokeAPI/sprites/master/sprites/pokemon/153.png,0.2322834645669291,0.3081081081081081,0.3061224489795918,0.2572815533980582,0.2608695652173913,0.282051282051282
153,154,Meganium,Grass,None,80,82,100,83,100,80,525,1.8,100.5,236.0,"['overgrow', 'leaf-guard']",leaf-guard,generation-2,,,False,green,quadruped,monster|plant,grassland,medium-slow,45,70,Herb Pokémon,79,The aroma that rises from its petals contains a substance that calms aggressive feelings.,https://raw.githubusercontent.com/PokeAPI/sprites/master/sprites/pokemon/154.png,0.3110236220472441,0.4162162162162162,0.3877551020408163,0.3543689320388349,0.3478260869565217,0.3846153846153846
154,155,Cyndaquil,Fire,None,39,52,43,60,50,65,309,0.5,7.9,62.0,"['blaze', 'flash-fire']",flash-fire,generation-2,,,False,yellow,humanoid,ground,grassland,medium-slow,45,70,Fire Mouse Pokémon,80,"It has a timid nature. If it is startled, the flames on its back burn more vigorously.",https://raw.githubusercontent.com/PokeAPI/sprites/master/sprites/pokemon/155.png,0.1496062992125984,0.254054054054054,0.1551020408163265,0.2427184466019417,0.1304347826086956,0.3076923076923077
155,156,Quilava,Fire,None,58,64,58,80,65,80,405,0.9,19.0,142.0,"['blaze', 'flash-fire']",flash-fire,generation-2,,,False,yellow,quadruped,ground,grassland,medium-slow,45,70,Volcano Pokémon,80,Be careful if it turns its back during battle. It means that it will attack with the fire on its back.,https://raw.githubusercontent.com/PokeAPI/sprites/master/sprites/pokemon/156.png,0.2244094488188976,0.3189189189189189,0.2163265306122449,0.3398058252427184,0.1956521739130435,0.3846153846153846
156,157,Typhlosion,Fire,None,78,84,78,109,85,100,534,1.7,79.5,240.0,"['blaze', 'flash-fire']",flash-fire,generation-2,,,False,yellow,quadruped,ground,grassland,medium-slow,45,70,Volcano Pokémon,80,"If its rage peaks, it becomes so hot that anything that touches it will instantly go up in flames.",https://raw.githubusercontent.com/PokeAPI/sprites/master/sprites/pokemon/157.png,0.3031496062992126,0.427027027027027,0.2979591836734694,0.4805825242718446,0.2826086956521739,0.4871794871794871
157,158,Totodile,Water,None,50,65,64,44,48,43,314,0.6,9.5,63.0,"['torrent', 'sheer-force']",sheer-force,generation-2,,,False,blue,upright,monster|water1,waters-edge,medium-slow,45,70,Big Jaw Pokémon,81,Its well-developed jaws are powerful and capable of crushing anything. Even its trainer must be careful.,https://raw.githubusercontent.com/PokeAPI/sprites/master/sprites/pokemon/158.png,0.1929133858267716,0.3243243243243243,0.2408163265306122,0.1650485436893204,0.1217391304347826,0.1948717948717948
158,159,Croconaw,Water,None,65,80,80,59,63,58,405,1.1,25.0,142.0,"['torrent', 'sheer-force']",sheer-force,generation-2,,,False,blue,upright,monster|water1,waters-edge,medium-slow,45,70,Big Jaw Pokémon,81,"If it loses a fang, a new one grows back in its place. There are always 48 fangs lining its mouth.",https://raw.githubusercontent.com/PokeAPI/sprites/master/sprites/pokemon/159.png,0.2519685039370078,0.4054054054054054,0.3061224489795918,0.2378640776699029,0.1869565217391304,0.2717948717948718
159,160,Feraligatr,Water,None,85,105,100,79,83,78,530,2.3,88.8,239.0,"['torrent', 'sheer-force']",sheer-force,generation-2,,,False,blue,upright,monster|water1,waters-edge,medium-slow,45,70,Big Jaw Pokémon,81,"When it bites with its massive and powerful jaws, it shakes its head and savagely tears its victim up.",https://raw.githubusercontent.com/PokeAPI/sprites/master/sprites/pokemon/160.png,0.3307086614173228,0.5405405405405406,0.3877551020408163,0.3349514563106796,0.2739130434782608,0.3743589743589743
160,161,Sentret,Normal,None,35,46,34,35,45,20,215,0.8,6.0,43.0,"['run-away', 'keen-eye', 'frisk']",frisk,generation-2,,,False,brown,quadruped,ground,grassland,medium,255,70,Scout Pokémon,82,"A very cautious POKéMON, it raises itself up using its tail to get a better view of its surroundings.",https://raw.githubusercontent.com/PokeAPI/sprites/master/sprites/pokemon/161.png,0.1338582677165354,0.2216216216216216,0.1183673469387755,0.1213592233009708,0.108695652173913,0.0769230769230769
161,162,Furret,Normal,None,85,76,64,45,55,90,415,1.8,32.5,145.0,"['run-away', 'keen-eye', 'frisk']",frisk,generation-2,,,False,brown,quadruped,ground,grassland,medium,90,70,Long Body Pokémon,82,It makes a nest to suit its long and skinny body. The nest is impossible for other POKéMON to enter.,https://raw.githubusercontent.com/PokeAPI/sprites/master/sprites/pokemon/162.png,0.3307086614173228,0.3837837837837838,0.2408163265306122,0.1699029126213592,0.1521739130434782,0.4358974358974359
162,163,Hoothoot,Normal,Flying,60,30,30,36,56,50,262,0.7,21.2,52.0,"['insomnia', 'keen-eye', 'tinted-lens']",tinted-lens,generation-2,,,False,brown,wings,flying,forest,medium,255,70,Owl Pokémon,83,"It always stands on one foot. It changes feet so fast, the movement can rarely be seen.",https://raw.githubusercontent.com/PokeAPI/sprites/master/sprites/pokemon/163.png,0.2322834645669291,0.1351351351351351,0.1020408163265306,0.1262135922330097,0.1565217391304348,0.2307692307692307
163,164,Noctowl,Normal,Flying,100,50,50,86,96,70,452,1.6,40.8,158.0,"['insomnia', 'keen-eye', 'tinted-lens']",tinted-lens,generation-2,,,False,brown,wings,flying,forest,medium,90,70,Owl Pokémon,83,Its eyes are specially adapted. They concentrate even faint light and enable it to see in the dark.,https://raw.githubusercontent.com/PokeAPI/sprites/master/sprites/pokemon/164.png,0.389763779527559,0.2432432432432432,0.1836734693877551,0.3689320388349514,0.3304347826086956,0.3333333333333333
164,165,Ledyba,Bug,Flying,40,20,30,40,80,55,265,1.0,10.8,53.0,"['swarm', 'early-bird', 'rattled']",rattled,generation-2,,,False,red,wings,bug,forest,fast,255,70,Five Star Pokémon,84,It is very timid. It will be afraid to move if it is alone. But it will be active if it is in a group.,https://raw.githubusercontent.com/PokeAPI/sprites/master/sprites/pokemon/165.png,0.1535433070866141,0.081081081081081,0.1020408163265306,0.145631067961165,0.2608695652173913,0.2564102564102564
165,166,Ledian,Bug,Flying,55,35,50,55,110,85,390,1.4,35.6,137.0,"['swarm', 'early-bird', 'iron-fist']",iron-fist,generation-2,,,False,red,wings,bug,forest,fast,90,70,Five Star Pokémon,84,"When the stars flicker in the night sky, it flutters about, scattering a glowing powder.",https://raw.githubusercontent.com/PokeAPI/sprites/master/sprites/pokemon/166.png,0.2125984251968504,0.1621621621621621,0.1836734693877551,0.2184466019417475,0.391304347826087,0.4102564102564102
166,167,Spinarak,Bug,Poison,40,60,40,40,40,30,250,0.5,8.5,50.0,"['swarm', 'insomnia', 'sniper']",sniper,generation-2,,,False,green,armor,bug,forest,fast,255,70,String Spit Pokémon,85,"It lies still in the same pose for days in its web, waiting for its unsuspecting prey to wander close.",https://raw.githubusercontent.com/PokeAPI/sprites/master/sprites/pokemon/167.png,0.1535433070866141,0.2972972972972973,0.1428571428571428,0.145631067961165,0.0869565217391304,0.1282051282051282
167,168,Ariados,Bug,Poison,70,90,70,60,70,40,400,1.1,33.5,140.0,"['swarm', 'insomnia', 'sniper']",sniper,generation-2,,,False,red,armor,bug,forest,fast,90,70,Long Leg Pokémon,85,It spins string not only from its rear but also from its mouth. It is hard to tell which end is which.,https://raw.githubusercontent.com/PokeAPI/sprites/master/sprites/pokemon/168.png,0.2716535433070866,0.4594594594594595,0.2653061224489796,0.2427184466019417,0.217391304347826,0.1794871794871795
168,169,Crobat,Poison,Flying,85,90,80,70,80,130,535,1.8,75.0,241.0,"['inner-focus', 'infiltrator']",infiltrator,generation-2,,,False,purple,bug-wings,flying,cave,medium,90,70,Bat Pokémon,17,It flies so si­ lently through the dark on its four wings that it may not be noticed even when nearby.,https://raw.githubusercontent.com/PokeAPI/sprites/master/sprites/pokemon/169.png,0.3307086614173228,0.4594594594594595,0.3061224489795918,0.2912621359223301,0.2608695652173913,0.6410256410256411
169,170,Chinchou,Water,Electric,75,38,38,56,56,67,330,0.5,12.0,66.0,"['volt-absorb', 'illuminate', 'water-absorb']",water-absorb,generation-2,,,False,blue,fish,water2,sea,slow,190,70,Angler Pokémon,86,Chinchou blink their shining antennae at one another to claim their respective turf.,https://raw.githubusercontent.com/PokeAPI/sprites/master/sprites/pokemon/170.png,0.2913385826771653,0.1783783783783784,0.1346938775510204,0.2233009708737864,0.1565217391304348,0.3179487179487179
170,171,Lanturn,Water,Electric,125,58,58,76,76,67,460,1.2,22.5,161.0,"['volt-absorb', 'illuminate', 'water-absorb']",water-absorb,generation-2,,,False,blue,fish,water2,sea,slow,75,70,Light Pokémon,86,The light it emits is so bright that it can illuminate the sea's surface from a depth of over three miles.,https://raw.githubusercontent.com/PokeAPI/sprites/master/sprites/pokemon/171.png,0.4881889763779528,0.2864864864864865,0.2163265306122449,0.3203883495145631,0.2434782608695652,0.3179487179487179
171,172,Pichu,Electric,None,20,40,15,35,35,60,205,0.3,2.0,41.0,"['static', 'lightning-rod']",lightning-rod,generation-2,,,True,yellow,quadruped,no-eggs,forest,medium,190,70,Tiny Mouse Pokémon,10,It is not yet skilled at storing electricity. It may send out a jolt if amused or startled.,https://raw.githubusercontent.com/PokeAPI/sprites/master/sprites/pokemon/172.png,0.0748031496062992,0.1891891891891892,0.0408163265306122,0.1213592233009708,0.0652173913043478,0.282051282051282
172,173,Cleffa,Fairy,None,50,25,28,45,55,15,218,0.3,3.0,44.0,"['cute-charm', 'magic-guard', 'friend-guard']",friend-guard,generation-2,,,True,pink,upright,no-eggs,mountain,fast,150,140,Star Shape Pokémon,14,"Because of its unusual, star-like silhouette, people believe that it came here on a meteor.",https://raw.githubusercontent.com/PokeAPI/sprites/master/sprites/pokemon/173.png,0.1929133858267716,0.1081081081081081,0.0938775510204081,0.1699029126213592,0.1521739130434782,0.0512820512820512
173,174,Igglybuff,Normal,Fairy,90,30,15,40,20,15,210,0.3,1.0,42.0,"['cute-charm', 'competitive', 'friend-guard']",friend-guard,generation-2,,,True,pink,humanoid,no-eggs,grassland,fast,170,70,Balloon Pokémon,16,"It has a very soft body. If it starts to roll, it will bounce all over and be impossible to stop.",https://raw.githubusercontent.com/PokeAPI/sprites/master/sprites/pokemon/174.png,0.3503937007874015,0.1351351351351351,0.0408163265306122,0.145631067961165,0.0,0.0512820512820512
174,175,Togepi,Fairy,None,35,20,65,40,65,20,245,0.3,1.5,49.0,"['hustle', 'serene-grace', 'super-luck']",super-luck,generation-2,,,True,white,humanoid,no-eggs,forest,fast,190,70,Spike Ball Pokémon,87,The shell seems to be filled with joy. It is said that it will share good luck when treated kindly.,https://raw.githubusercontent.com/PokeAPI/sprites/master/sprites/pokemon/175.png,0.1338582677165354,0.081081081081081,0.2448979591836734,0.145631067961165,0.1956521739130435,0.0769230769230769
175,176,Togetic,Fairy,Flying,55,40,85,80,105,40,405,0.6,3.2,142.0,"['hustle', 'serene-grace', 'super-luck']",super-luck,generation-2,,,False,white,humanoid,flying|fairy,forest,fast,75,70,Happiness Pokémon,87,"They say that it will appear before kindhearted, car­ ing people and shower them with happiness.",https://raw.githubusercontent.com/PokeAPI/sprites/master/sprites/pokemon/176.png,0.2125984251968504,0.1891891891891892,0.3265306122448979,0.3398058252427184,0.3695652173913043,0.1794871794871795
176,177,Natu,Psychic,Flying,40,50,45,70,45,70,320,0.2,2.0,64.0,"['synchronize', 'early-bird', 'magic-bounce']",magic-bounce,generation-2,,,False,green,wings,flying,forest,medium,190,70,Tiny Bird Pokémon,88,"Because its wings aren't yet fully grown, it has to hop to get around. It is always star­ ing at something.",https://raw.githubusercontent.com/PokeAPI/sprites/master/sprites/pokemon/177.png,0.1535433070866141,0.2432432432432432,0.1632653061224489,0.2912621359223301,0.108695652173913,0.3333333333333333
177,178,Xatu,Psychic,Flying,65,75,70,95,70,95,470,1.5,15.0,165.0,"['synchronize', 'early-bird', 'magic-bounce']",magic-bounce,generation-2,,,False,green,wings,flying,forest,medium,75,70,Mystic Pokémon,88,They say that it stays still and quiet because it is seeing both the past and future at the same time.,https://raw.githubusercontent.com/PokeAPI/sprites/master/sprites/pokemon/178.png,0.2519685039370078,0.3783783783783784,0.2653061224489796,0.4126213592233009,0.217391304347826,0.4615384615384615
178,179,Mareep,Electric,None,55,40,40,65,45,35,280,0.6,7.8,56.0,"['static', 'plus']",plus,generation-2,,,False,white,quadruped,monster|ground,grassland,medium-slow,235,70,Wool Pokémon,89,"If static elec­ tricity builds in its body, its fleece doubles in volume. Touching it will shock you.",https://raw.githubusercontent.com/PokeAPI/sprites/master/sprites/pokemon/179.png,0.2125984251968504,0.1891891891891892,0.1428571428571428,0.2669902912621359,0.108695652173913,0.1538461538461538
179,180,Flaaffy,Electric,None,70,55,55,80,60,45,365,0.8,13.3,128.0,"['static', 'plus']",plus,generation-2,,,False,pink,upright,monster|ground,grassland,medium-slow,120,70,Wool Pokémon,89,"As a result of storing too much electricity, it developed patches where even downy wool won't grow.",https://raw.githubusercontent.com/PokeAPI/sprites/master/sprites/pokemon/180.png,0.2716535433070866,0.2702702702702703,0.2040816326530612,0.3398058252427184,0.1739130434782608,0.2051282051282051
180,181,Ampharos,Electric,None,90,75,85,115,90,55,510,1.4,61.5,230.0,"['static', 'plus']",plus,generation-2,,,False,yellow,upright,monster|ground,grassland,medium-slow,45,70,Light Pokémon,89,The tail's tip shines brightly and can be seen from far away. It acts as a beacon for lost people.,https://raw.githubusercontent.com/PokeAPI/sprites/master/sprites/pokemon/181.png,0.3503937007874015,0.3783783783783784,0.3265306122448979,0.5097087378640777,0.3043478260869565,0.2564102564102564
181,182,Bellossom,Grass,None,75,80,95,90,100,50,490,0.4,5.8,221.0,"['chlorophyll', 'healer']",healer,generation-2,,,False,green,humanoid,plant,grassland,medium-slow,45,70,Flower Pokémon,18,"Plentiful in the tropics. When it dances, its petals rub together and make a pleasant ringing sound.",https://raw.githubusercontent.com/PokeAPI/sprites/master/sprites/pokemon/182.png,0.2913385826771653,0.4054054054054054,0.3673469387755102,0.3883495145631068,0.3478260869565217,0.2307692307692307
182,183,Marill,Water,Fairy,70,20,50,20,50,40,250,0.4,8.5,88.0,"['thick-fat', 'huge-power', 'sap-sipper']",sap-sipper,generation-2,,,False,blue,upright,water1|fairy,waters-edge,fast,190,70,Aqua Mouse Pokémon,90,"The tip of its tail, which con­ tains oil that is lighter than wa­ ter, lets it swim without drowning.",https://raw.githubusercontent.com/PokeAPI/sprites/master/sprites/pokemon/183.png,0.2716535433070866,0.081081081081081,0.1836734693877551,0.0485436893203883,0.1304347826086956,0.1794871794871795
183,184,Azumarill,Water,Fairy,100,50,80,60,80,50,420,0.8,28.5,189.0,"['thick-fat', 'huge-power', 'sap-sipper']",sap-sipper,generation-2,,,False,blue,upright,water1|fairy,waters-edge,fast,75,70,Aqua Rabbit Pokémon,90,It lives in water virtually all day long. Its body color and pattern act as camouflage that makes it tough for enemies to spot in water.,https://raw.githubusercontent.com/PokeAPI/sprites/master/sprites/pokemon/184.png,0.389763779527559,0.2432432432432432,0.3061224489795918,0.2427184466019417,0.2608695652173913,0.2307692307692307
184,185,Sudowoodo,Rock,None,70,100,115,30,65,30,410,1.2,38.0,144.0,"['sturdy', 'rock-head', 'rattled']",rattled,generation-2,,,False,brown,humanoid,mineral,forest,medium,65,70,Imitation Pokémon,91,"Although it always pretends to be a tree, its composi­ tion appears to be closer to a rock than a plant.",https://raw.githubusercontent.com/PokeAPI/sprites/master/sprites/pokemon/185.png,0.2716535433070866,0.5135135135135135,0.4489795918367347,0.0970873786407767,0.1956521739130435,0.1282051282051282
185,186,Politoed,Water,None,90,75,75,90,100,70,500,1.1,33.9,225.0,"['water-absorb', 'damp', 'drizzle']",drizzle,generation-2,,,False,green,humanoid,water1,waters-edge,medium-slow,45,70,Frog Pokémon,26,"If POLIWAG and POLIWHIRL hear its echoing cry, they respond by gather­ ing from far and wide.",https://raw.githubusercontent.com/PokeAPI/sprites/master/sprites/pokemon/186.png,0.3503937007874015,0.3783783783783784,0.2857142857142857,0.3883495145631068,0.3478260869565217,0.3333333333333333
186,187,Hoppip,Grass,Flying,35,35,40,35,55,50,250,0.4,0.5,50.0,"['chlorophyll', 'leaf-guard', 'infiltrator']",infiltrator,generation-2,,,False,pink,upright,fairy|plant,grassland,medium-slow,255,70,Cottonweed Pokémon,92,"To keep from being blown away by the wind, they gather in clusters. They do enjoy gentle breezes, though.",https://raw.githubusercontent.com/PokeAPI/sprites/master/sprites/pokemon/187.png,0.1338582677165354,0.1621621621621621,0.1428571428571428,0.1213592233009708,0.1521739130434782,0.2307692307692307
187,188,Skiploom,Grass,Flying,55,45,50,45,65,80,340,0.6,1.0,119.0,"['chlorophyll', 'leaf-guard', 'infiltrator']",infiltrator,generation-2,,,False,green,upright,fairy|plant,grassland,medium-slow,120,70,Cottonweed Pokémon,92,The bloom on top of its head opens and closes as the temperature fluc­ tuates up and down.,https://raw.githubusercontent.com/PokeAPI/sprites/master/sprites/pokemon/188.png,0.2125984251968504,0.2162162162162162,0.1836734693877551,0.1699029126213592,0.1956521739130435,0.3846153846153846
188,189,Jumpluff,Grass,Flying,75,55,70,55,95,110,460,0.8,3.0,207.0,"['chlorophyll', 'leaf-guard', 'infiltrator']",infiltrator,generation-2,,,False,blue,upright,fairy|plant,grassland,medium-slow,45,70,Cottonweed Pokémon,92,"Once it catches the wind, it deft­ ly controls its cotton-puff spores to float, even around the world.",https://raw.githubusercontent.com/PokeAPI/sprites/master/sprites/pokemon/189.png,0.2913385826771653,0.2702702702702703,0.2653061224489796,0.2184466019417475,0.3260869565217391,0.5384615384615384
189,190,Aipom,Normal,None,55,70,55,40,55,85,360,0.8,11.5,72.0,"['run-away', 'pickup', 'skill-link']",skill-link,generation-2,,,False,purple,upright,ground,forest,fast,45,70,Long Tail Pokémon,93,Its tail is so powerful that it can use it to grab a tree branch and hold itself up in the air.,https://raw.githubusercontent.com/PokeAPI/sprites/master/sprites/pokemon/190.png,0.2125984251968504,0.3513513513513513,0.2040816326530612,0.145631067961165,0.1521739130434782,0.4102564102564102
190,191,Sunkern,Grass,None,30,30,30,30,30,30,180,0.3,1.8,36.0,"['chlorophyll', 'solar-power', 'early-bird']",early-bird,generation-2,,,False,yellow,ball,plant,grassland,medium-slow,235,70,Seed Pokémon,94,"It may drop out of the sky suddenly. If attacked by a SPEAROW, it will violently shake its leaves.",https://raw.githubusercontent.com/PokeAPI/sprites/master/sprites/pokemon/191.png,0.1141732283464567,0.1351351351351351,0.1020408163265306,0.0970873786407767,0.0434782608695652,0.1282051282051282
191,192,Sunflora,Grass,None,75,75,55,105,85,30,425,0.8,8.5,149.0,"['chlorophyll', 'solar-power', 'early-bird']",early-bird,generation-2,,,False,yellow,humanoid,plant,grassland,medium-slow,120,70,Sun Pokémon,94,"It converts sun­ light into energy. In the darkness after sunset, it closes its petals and becomes still.",https://raw.githubusercontent.com/PokeAPI/sprites/master/sprites/pokemon/192.png,0.2913385826771653,0.3783783783783784,0.2040816326530612,0.4611650485436893,0.2826086956521739,0.1282051282051282
192,193,Yanma,Bug,Flying,65,65,45,75,45,95,390,1.2,38.0,78.0,"['speed-boost', 'compound-eyes', 'frisk']",frisk,generation-2,,,False,red,bug-wings,bug,forest,medium,75,70,Clear Wing Pokémon,95,"If it flaps its wings really fast, it can generate shock waves that will shatter win­ dows in the area.",https://raw.githubusercontent.com/PokeAPI/sprites/master/sprites/pokemon/193.png,0.2519685039370078,0.3243243243243243,0.1632653061224489,0.3155339805825243,0.108695652173913,0.4615384615384615
193,194,Wooper,Water,Ground,55,45,45,25,25,15,210,0.4,8.5,42.0,"['damp', 'water-absorb', 'unaware']",unaware,generation-2,,,False,blue,legs,water1|ground,waters-edge,medium,255,70,Water Fish Pokémon,96,This POKéMON lives in cold water. It will leave the water to search for food when it gets cold outside.,https://raw.githubusercontent.com/PokeAPI/sprites/master/sprites/pokemon/194.png,0.2125984251968504,0.2162162162162162,0.1632653061224489,0.0728155339805825,0.0217391304347826,0.0512820512820512
194,195,Quagsire,Water,Ground,95,85,85,65,65,35,430,1.4,75.0,151.0,"['damp', 'water-absorb', 'unaware']",unaware,generation-2,,,False,blue,upright,water1|ground,waters-edge,medium,90,70,Water Fish Pokémon,96,"This carefree POKéMON has an easy-going nature. While swimming, it always bumps into boat hulls.",https://raw.githubusercontent.com/PokeAPI/sprites/master/sprites/pokemon/195.png,0.3700787401574803,0.4324324324324324,0.3265306122448979,0.2669902912621359,0.1956521739130435,0.1538461538461538
195,196,Espeon,Psychic,None,65,65,60,130,95,110,525,0.9,26.5,184.0,"['synchronize', 'magic-bounce']",magic-bounce,generation-2,,,False,purple,quadruped,ground,urban,medium,45,70,Sun Pokémon,67,It uses the fine hair that covers its body to sense air currents and predict its ene­ my's actions.,https://raw.githubusercontent.com/PokeAPI/sprites/master/sprites/pokemon/196.png,0.2519685039370078,0.3243243243243243,0.2244897959183673,0.5825242718446602,0.3260869565217391,0.5384615384615384
196,197,Umbreon,Dark,None,95,65,110,60,130,65,525,1.0,27.0,184.0,"['synchronize', 'inner-focus']",inner-focus,generation-2,,,False,black,quadruped,ground,urban,medium,45,35,Moonlight Pokémon,67,"When agitated, this POKéMON pro­ tects itself by spraying poisonous sweat from its pores.",https://raw.githubusercontent.com/PokeAPI/sprites/master/sprites/pokemon/197.png,0.3700787401574803,0.3243243243243243,0.4285714285714285,0.2427184466019417,0.4782608695652174,0.3076923076923077
197,198,Murkrow,Dark,Flying,60,85,42,85,42,91,405,0.5,2.1,81.0,"['insomnia', 'super-luck', 'prankster']",prankster,generation-2,,,False,black,wings,flying,forest,medium-slow,30,35,Darkness Pokémon,97,"Feared and loathed by many, it is believed to bring misfortune to all those who see it at night.",https://raw.githubusercontent.com/PokeAPI/sprites/master/sprites/pokemon/198.png,0.2322834645669291,0.4324324324324324,0.1510204081632653,0.3640776699029126,0.0956521739130434,0.441025641025641
198,199,Slowking,Water,Psychic,95,75,80,100,110,30,490,2.0,79.5,172.0,"['oblivious', 'own-tempo', 'regenerator']",regenerator,generation-2,,,False,pink,upright,monster|water1,waters-edge,medium,70,70,Royal Pokémon,33,"It has incredible intellect and in­ tuition. Whatever the situation, it remains calm and collected.",https://raw.githubusercontent.com/PokeAPI/sprites/master/sprites/pokemon/199.png,0.3700787401574803,0.3783783783783784,0.3061224489795918,0.4368932038834951,0.391304347826087,0.1282051282051282
199,200,Misdreavus,Ghost,None,60,60,60,85,85,85,435,0.7,1.0,87.0,['levitate'],,generation-2,,,False,gray,ball,indeterminate,cave,fast,45,35,Screech Pokémon,98,It likes playing mischievous tricks such as screaming and wailing to startle people at night.,https://raw.githubusercontent.com/PokeAPI/sprites/master/sprites/pokemon/200.png,0.2322834645669291,0.2972972972972973,0.2244897959183673,0.3640776699029126,0.2826086956521739,0.4102564102564102
200,201,Unown,Psychic,None,48,72,48,72,48,48,336,0.5,5.0,118.0,['levitate'],,generation-2,,,False,black,ball,no-eggs,rare,medium,225,70,Symbol Pokémon,99,Their shapes look like hieroglyphs on ancient tab­ lets. It is said that the two are somehow related.,https://raw.githubusercontent.com/PokeAPI/sprites/master/sprites/pokemon/201.png,0.1850393700787401,0.3621621621621622,0.1755102040816326,0.3009708737864077,0.1217391304347826,0.2205128205128205
201,202,Wobbuffet,Psychic,None,190,33,58,33,58,33,405,1.3,28.5,142.0,"['shadow-tag', 'telepathy']",telepathy,generation-2,,,False,blue,blob,indeterminate,cave,medium,45,70,Patient Pokémon,100,"It hates light and shock. If attack­ ed, it inflates its body to pump up its counter­ strike.",https://raw.githubusercontent.com/PokeAPI/sprites/master/sprites/pokemon/202.png,0.7440944881889764,0.1513513513513513,0.2163265306122449,0.1116504854368932,0.1652173913043478,0.1435897435897435
202,203,Girafarig,Normal,Psychic,70,80,65,90,65,85,455,1.5,41.5,159.0,"['inner-focus', 'early-bird', 'sap-sipper']",sap-sipper,generation-2,,,False,yellow,quadruped,ground,grassland,medium,60,70,Long Neck Pokémon,101,"Its tail has a small brain of its own. Beware! If you get close, it may react to your scent and bite.",https://raw.githubusercontent.com/PokeAPI/sprites/master/sprites/pokemon/203.png,0.2716535433070866,0.4054054054054054,0.2448979591836734,0.3883495145631068,0.1956521739130435,0.4102564102564102
203,204,Pineco,Bug,None,50,65,90,35,35,15,290,0.6,7.2,58.0,"['sturdy', 'overcoat']",overcoat,generation-2,,,False,gray,ball,bug,forest,medium,190,70,Bagworm Pokémon,102,It likes to make its shell thicker by adding layers of tree bark. The additional weight doesn't bother it.,https://raw.githubusercontent.com/PokeAPI/sprites/master/sprites/pokemon/204.png,0.1929133858267716,0.3243243243243243,0.3469387755102041,0.1213592233009708,0.0652173913043478,0.0512820512820512
204,205,Forretress,Bug,Steel,75,90,140,60,60,40,465,1.2,125.8,163.0,"['sturdy', 'overcoat']",overcoat,generation-2,,,False,purple,ball,bug,forest,medium,75,70,Bagworm Pokémon,102,Its entire body is shielded by a steel-hard shell. What lurks inside the armor is a total mystery.,https://raw.githubusercontent.com/PokeAPI/sprites/master/sprites/pokemon/205.png,0.2913385826771653,0.4594594594594595,0.5510204081632653,0.2427184466019417,0.1739130434782608,0.1794871794871795
205,206,Dunsparce,Normal,None,100,70,70,65,65,45,415,1.5,14.0,145.0,"['serene-grace', 'run-away', 'rattled']",rattled,generation-2,,,False,yellow,squiggle,ground,cave,medium,190,70,Land Snake Pokémon,103,"When spotted, this POKéMON escapes backward by furi­ ously boring into the ground with its tail.",https://raw.githubusercontent.com/PokeAPI/sprites/master/sprites/pokemon/206.png,0.389763779527559,0.3513513513513513,0.2653061224489796,0.2669902912621359,0.1956521739130435,0.2051282051282051
206,207,Gligar,Ground,Flying,65,75,105,35,65,85,430,1.1,64.8,86.0,"['hyper-cutter', 'sand-veil', 'immunity']",immunity,generation-2,,,False,purple,wings,bug,mountain,medium-slow,60,70,Fly Scorpion Pokémon,104,It flies straight at its target's face then clamps down on the star­ tled victim to inject poison.,https://raw.githubusercontent.com/PokeAPI/sprites/master/sprites/pokemon/207.png,0.2519685039370078,0.3783783783783784,0.4081632653061224,0.1213592233009708,0.1956521739130435,0.4102564102564102
207,208,Steelix,Steel,Ground,75,85,200,55,65,30,510,9.2,400.0,179.0,"['rock-head', 'sturdy', 'sheer-force']",sheer-force,generation-2,,,False,gray,squiggle,mineral,cave,medium,25,70,Iron Snake Pokémon,41,It is thought its body transformed as a result of iron accumulating internally from swallowing soil.,https://raw.githubusercontent.com/PokeAPI/sprites/master/sprites/pokemon/208.png,0.2913385826771653,0.4324324324324324,0.7959183673469388,0.2184466019417475,0.1956521739130435,0.1282051282051282
208,209,Snubbull,Fairy,None,60,80,50,40,40,30,300,0.6,7.8,60.0,"['intimidate', 'run-away', 'rattled']",rattled,generation-2,,,False,pink,humanoid,ground|fairy,urban,fast,190,70,Fairy Pokémon,105,"Although it looks frightening, it is actually kind and affectionate. It is very popular among women.",https://raw.githubusercontent.com/PokeAPI/sprites/master/sprites/pokemon/209.png,0.2322834645669291,0.4054054054054054,0.1836734693877551,0.145631067961165,0.0869565217391304,0.1282051282051282
209,210,Granbull,Fairy,None,90,120,75,60,60,45,450,1.4,48.7,158.0,"['intimidate', 'quick-feet', 'rattled']",rattled,generation-2,,,False,purple,upright,ground|fairy,urban,fast,75,70,Fairy Pokémon,105,"It is actually timid and easily spooked. If at­ tacked, it flails about to fend off its attacker.",https://raw.githubusercontent.com/PokeAPI/sprites/master/sprites/pokemon/210.png,0.3503937007874015,0.6216216216216216,0.2857142857142857,0.2427184466019417,0.1739130434782608,0.2051282051282051
210,211,Qwilfish,Water,Poison,65,95,85,55,55,85,440,0.5,3.9,88.0,"['poison-point', 'swift-swim', 'intimidate']",intimidate,generation-2,,,False,gray,fish,water2,sea,medium,45,70,Balloon Pokémon,106,"To fire its poison spikes, it must inflate its body by drinking over 2.6 gallons of water all at once.",https://raw.githubusercontent.com/PokeAPI/sprites/master/sprites/pokemon/211.png,0.2519685039370078,0.4864864864864865,0.3265306122448979,0.2184466019417475,0.1521739130434782,0.4102564102564102
211,212,Scizor,Bug,Steel,70,130,100,55,80,65,500,1.8,118.0,175.0,"['swarm', 'technician', 'light-metal']",light-metal,generation-2,,,False,red,bug-wings,bug,grassland,medium,25,70,Pincer Pokémon,58,It has a steel-hard body. It intimidates foes by upraising its eye-patterned pincers.,https://raw.githubusercontent.com/PokeAPI/sprites/master/sprites/pokemon/212.png,0.2716535433070866,0.6756756756756757,0.3877551020408163,0.2184466019417475,0.2608695652173913,0.3076923076923077
212,213,Shuckle,Bug,Rock,20,10,230,10,230,5,505,0.6,20.5,177.0,"['sturdy', 'gluttony', 'contrary']",contrary,generation-2,,,False,yellow,armor,bug,mountain,medium-slow,190,70,Mold Pokémon,107,The BERRIES it stores in its vase-like shell decompose and become a gooey liquid.,https://raw.githubusercontent.com/PokeAPI/sprites/master/sprites/pokemon/213.png,0.0748031496062992,0.027027027027027,0.9183673469387756,0.0,0.9130434782608696,0.0
213,214,Heracross,Bug,Fighting,80,125,75,40,95,85,500,1.5,54.0,175.0,"['swarm', 'guts', 'moxie']",moxie,generation-2,,,False,blue,humanoid,bug,forest,slow,45,70,Single Horn Pokémon,108,"It is usually docile, but if it is disturbed while sipping honey, it chases off the intruder with its horn.",https://raw.githubusercontent.com/PokeAPI/sprites/master/sprites/pokemon/214.png,0.3110236220472441,0.6486486486486487,0.2857142857142857,0.145631067961165,0.3260869565217391,0.4102564102564102
214,215,Sneasel,Dark,Ice,55,95,55,35,75,115,430,0.9,28.0,86.0,"['inner-focus', 'keen-eye', 'pickpocket']",pickpocket,generation-2,,,False,black,upright,ground,forest,medium-slow,60,35,Sharp Claw Pokémon,109,"Its paws conceal sharp claws. If attacked, it sud­ denly extends the claws and startles its enemy.",https://raw.githubusercontent.com/PokeAPI/sprites/master/sprites/pokemon/215.png,0.2125984251968504,0.4864864864864865,0.2040816326530612,0.1213592233009708,0.2391304347826087,0.5641025641025641
215,216,Teddiursa,Normal,None,60,80,50,50,50,40,330,0.6,8.8,66.0,"['pickup', 'quick-feet', 'honey-gather']",honey-gather,generation-2,,,False,brown,upright,ground,mountain,medium,120,70,Little Bear Pokémon,110,"If it finds honey, its crescent mark glows. It always licks its paws because they are soaked with honey.",https://raw.githubusercontent.com/PokeAPI/sprites/master/sprites/pokemon/216.png,0.2322834645669291,0.4054054054054054,0.1836734693877551,0.1941747572815534,0.1304347826086956,0.1794871794871795
216,217,Ursaring,Normal,None,90,130,75,75,75,55,500,1.8,125.8,175.0,"['guts', 'quick-feet', 'unnerve']",unnerve,generation-2,,,False,brown,upright,ground,mountain,medium,60,70,Hibernator Pokémon,110,"Although it is a good climber, it prefers to snap trees with its forelegs and eat fallen BERRIES.",https://raw.githubusercontent.com/PokeAPI/sprites/master/sprites/pokemon/217.png,0.3503937007874015,0.6756756756756757,0.2857142857142857,0.3155339805825243,0.2391304347826087,0.2564102564102564
217,218,Slugma,Fire,None,40,40,40,70,40,20,250,0.7,35.0,50.0,"['magma-armor', 'flame-body', 'weak-armor']",weak-armor,generation-2,,,False,red,squiggle,indeterminate,mountain,medium,190,70,Lava Pokémon,111,"It never sleeps. It has to keep moving because if it stopped, its magma body would cool and harden.",https://raw.githubusercontent.com/PokeAPI/sprites/master/sprites/pokemon/218.png,0.1535433070866141,0.1891891891891892,0.1428571428571428,0.2912621359223301,0.0869565217391304,0.0769230769230769
218,219,Magcargo,Fire,Rock,60,50,120,90,80,30,430,0.8,55.0,151.0,"['magma-armor', 'flame-body', 'weak-armor']",weak-armor,generation-2,,,False,red,squiggle,indeterminate,mountain,medium,75,70,Lava Pokémon,111,The shell on its back is just skin that has cooled and hardened. It breaks easily with a slight touch.,https://raw.githubusercontent.com/PokeAPI/sprites/master/sprites/pokemon/219.png,0.2322834645669291,0.2432432432432432,0.4693877551020408,0.3883495145631068,0.2608695652173913,0.1282051282051282
219,220,Swinub,Ice,Ground,50,50,40,30,30,50,250,0.4,6.5,50.0,"['oblivious', 'snow-cloak', 'thick-fat']",thick-fat,generation-2,,,False,brown,quadruped,ground,cave,slow,225,70,Pig Pokémon,112,It rubs its snout on the ground to find and dig up food. It sometimes discovers hot springs.,https://raw.githubusercontent.com/PokeAPI/sprites/master/sprites/pokemon/220.png,0.1929133858267716,0.2432432432432432,0.1428571428571428,0.0970873786407767,0.0434782608695652,0.2307692307692307
220,221,Piloswine,Ice,Ground,100,100,80,60,60,50,450,1.1,55.8,158.0,"['oblivious', 'snow-cloak', 'thick-fat']",thick-fat,generation-2,,,False,brown,quadruped,ground,cave,slow,75,70,Swine Pokémon,112,"Because the long hair all over its body obscures its sight, it just keeps charging repeatedly.",https://raw.githubusercontent.com/PokeAPI/sprites/master/sprites/pokemon/221.png,0.389763779527559,0.5135135135135135,0.3061224489795918,0.2427184466019417,0.1739130434782608,0.2307692307692307
221,222,Corsola,Water,Rock,65,55,95,65,95,35,410,0.6,5.0,144.0,"['hustle', 'natural-cure', 'regenerator']",regenerator,generation-2,,,False,pink,armor,water1|water3,sea,fast,60,70,Coral Pokémon,113,It continuously sheds and grows. The tip of its head is prized as a treasure for its beauty.,https://raw.githubusercontent.com/PokeAPI/sprites/master/sprites/pokemon/222.png,0.2519685039370078,0.2702702702702703,0.3673469387755102,0.2669902912621359,0.3260869565217391,0.1538461538461538
222,223,Remoraid,Water,None,35,65,35,65,35,65,300,0.6,12.0,60.0,"['hustle', 'sniper', 'moody']",moody,generation-2,,,False,gray,fish,water1|water2,sea,medium,190,70,Jet Pokémon,114,It has superb ac­ curacy. The water it shoots out can strike even moving prey from more than 300 feet.,https://raw.githubusercontent.com/PokeAPI/sprites/master/sprites/pokemon/223.png,0.1338582677165354,0.3243243243243243,0.1224489795918367,0.2669902912621359,0.0652173913043478,0.3076923076923077
223,224,Octillery,Water,None,75,105,75,105,75,45,480,0.9,28.5,168.0,"['suction-cups', 'sniper', 'moody']",moody,generation-2,,,False,red,tentacles,water1|water2,sea,medium,75,70,Jet Pokémon,114,It traps enemies with its suction- cupped tentacles then smashes them with its rock-hard head.,https://raw.githubusercontent.com/PokeAPI/sprites/master/sprites/pokemon/224.png,0.2913385826771653,0.5405405405405406,0.2857142857142857,0.4611650485436893,0.2391304347826087,0.2051282051282051
224,225,Delibird,Ice,Flying,45,55,45,65,45,75,330,0.9,16.0,116.0,"['vital-spirit', 'hustle', 'insomnia']",insomnia,generation-2,,,False,red,wings,water1|ground,mountain,fast,45,70,Delivery Pokémon,115,It carries food all day long. There are tales about lost people who were saved by the food it had.,https://raw.githubusercontent.com/PokeAPI/sprites/master/sprites/pokemon/225.png,0.1732283464566929,0.2702702702702703,0.1632653061224489,0.2669902912621359,0.108695652173913,0.358974358974359
225,226,Mantine,Water,Flying,85,40,70,80,140,70,485,2.1,220.0,170.0,"['swift-swim', 'water-absorb', 'water-veil']",water-veil,generation-2,,,False,purple,wings,water1,sea,slow,25,70,Kite Pokémon,116,"As it majestically swims, it doesn't care if REMORAID attach to it for scavenging its leftovers.",https://raw.githubusercontent.com/PokeAPI/sprites/master/sprites/pokemon/226.png,0.3307086614173228,0.1891891891891892,0.2653061224489796,0.3398058252427184,0.5217391304347826,0.3333333333333333
226,227,Skarmory,Steel,Flying,65,80,140,40,70,70,465,1.7,50.5,163.0,"['keen-eye', 'sturdy', 'weak-armor']",weak-armor,generation-2,,,False,gray,wings,flying,rough-terrain,slow,25,70,Armor Bird Pokémon,117,"Its sturdy wings look heavy, but they are actually hollow and light, allowing it to fly freely in the sky.",https://raw.githubusercontent.com/PokeAPI/sprites/master/sprites/pokemon/227.png,0.2519685039370078,0.4054054054054054,0.5510204081632653,0.145631067961165,0.217391304347826,0.3333333333333333
227,228,Houndour,Dark,Fire,45,60,30,80,50,65,330,0.6,10.8,66.0,"['early-bird', 'flash-fire', 'unnerve']",unnerve,generation-2,,,False,black,quadruped,ground,rough-terrain,slow,120,35,Dark Pokémon,118,It uses different kinds of cries for communicating with others of its kind and for pursuing its prey.,https://raw.githubusercontent.com/PokeAPI/sprites/master/sprites/pokemon/228.png,0.1732283464566929,0.2972972972972973,0.1020408163265306,0.3398058252427184,0.1304347826086956,0.3076923076923077
228,229,Houndoom,Dark,Fire,75,90,50,110,80,95,500,1.4,35.0,175.0,"['early-bird', 'flash-fire', 'unnerve']",unnerve,generation-2,,,False,black,quadruped,ground,rough-terrain,slow,45,35,Dark Pokémon,118,"If you are burned by the flames it shoots from its mouth, the pain will never go away.",https://raw.githubusercontent.com/PokeAPI/sprites/master/sprites/pokemon/229.png,0.2913385826771653,0.4594594594594595,0.1836734693877551,0.4854368932038835,0.2608695652173913,0.4615384615384615
229,230,Kingdra,Water,Dragon,75,95,95,95,95,85,540,1.8,152.0,243.0,"['swift-swim', 'sniper', 'damp']",damp,generation-2,,,False,blue,blob,water1|dragon,sea,medium,45,70,Dragon Pokémon,54,It is said that it usually hides in underwater caves. It can create whirlpools by yawning.,https://raw.githubusercontent.com/PokeAPI/sprites/master/sprites/pokemon/230.png,0.2913385826771653,0.4864864864864865,0.3673469387755102,0.4126213592233009,0.3260869565217391,0.4102564102564102
230,231,Phanpy,Ground,None,90,60,60,40,40,40,330,0.5,33.5,66.0,"['pickup', 'sand-veil']",sand-veil,generation-2,,,False,blue,quadruped,ground,rough-terrain,medium,120,70,Long Nose Pokémon,119,"It swings its long snout around play­ fully, but because it is so strong, that can be dan­ gerous.",https://raw.githubusercontent.com/PokeAPI/sprites/master/sprites/pokemon/231.png,0.3503937007874015,0.2972972972972973,0.2244897959183673,0.145631067961165,0.0869565217391304,0.1794871794871795
231,232,Donphan,Ground,None,90,120,120,60,60,50,500,1.1,120.0,175.0,"['sturdy', 'sand-veil']",sand-veil,generation-2,,,False,gray,quadruped,ground,rough-terrain,medium,60,70,Armor Pokémon,119,"It has sharp, hard tusks and a rugged hide. Its TACKLE is strong enough to knock down a house.",https://raw.githubusercontent.com/PokeAPI/sprites/master/sprites/pokemon/232.png,0.3503937007874015,0.6216216216216216,0.4693877551020408,0.2427184466019417,0.1739130434782608,0.2307692307692307
232,233,Porygon2,Normal,None,85,80,90,105,95,60,515,0.6,32.5,180.0,"['trace', 'download', 'analytic']",analytic,generation-2,,,False,red,legs,mineral,urban,medium,45,70,Virtual Pokémon,68,"This upgraded version of PORYGON is designed for space exploration. It can't fly, though.",https://raw.githubusercontent.com/PokeAPI/sprites/master/sprites/pokemon/233.png,0.3307086614173228,0.4054054054054054,0.3469387755102041,0.4611650485436893,0.3260869565217391,0.282051282051282
233,234,Stantler,Normal,None,73,95,62,85,65,85,465,1.4,71.2,163.0,"['intimidate', 'frisk', 'sap-sipper']",sap-sipper,generation-2,,,False,brown,quadruped,ground,forest,slow,45,70,Big Horn Pokémon,120,The curved antlers subtly change the flow of air to create a strange space where real­ ity is distorted.,https://raw.githubusercontent.com/PokeAPI/sprites/master/sprites/pokemon/234.png,0.2834645669291338,0.4864864864864865,0.2326530612244897,0.3640776699029126,0.1956521739130435,0.4102564102564102
234,235,Smeargle,Normal,None,55,20,35,20,45,75,250,1.2,58.0,88.0,"['own-tempo', 'technician', 'moody']",moody,generation-2,,,False,white,upright,ground,urban,fast,45,70,Painter Pokémon,121,A special fluid oozes from the tip of its tail. It paints the fluid everywhere to mark its territory.,https://raw.githubusercontent.com/PokeAPI/sprites/master/sprites/pokemon/235.png,0.2125984251968504,0.081081081081081,0.1224489795918367,0.0485436893203883,0.108695652173913,0.358974358974359
235,236,Tyrogue,Fighting,None,35,35,35,35,35,35,210,0.7,21.0,42.0,"['guts', 'steadfast', 'vital-spirit']",vital-spirit,generation-2,,,True,purple,humanoid,no-eggs,urban,medium,75,70,Scuffle Pokémon,47,"It is always bursting with en­ ergy. To make it­ self stronger, it keeps on fighting even if it loses.",https://raw.githubusercontent.com/PokeAPI/sprites/master/sprites/pokemon/236.png,0.1338582677165354,0.1621621621621621,0.1224489795918367,0.1213592233009708,0.0652173913043478,0.1538461538461538
236,237,Hitmontop,Fighting,None,50,95,95,35,110,70,455,1.4,48.0,159.0,"['intimidate', 'technician', 'steadfast']",steadfast,generation-2,,,False,brown,upright,humanshape,urban,medium,45,70,Handstand Pokémon,47,"If you become enchanted by its smooth, elegant, dance-like kicks, you may get drilled hard.",https://raw.githubusercontent.com/PokeAPI/sprites/master/sprites/pokemon/237.png,0.1929133858267716,0.4864864864864865,0.3673469387755102,0.1213592233009708,0.391304347826087,0.3333333333333333
237,238,Smoochum,Ice,Psychic,45,30,15,85,65,65,305,0.4,6.0,61.0,"['oblivious', 'forewarn', 'hydration']",hydration,generation-2,,,True,pink,humanoid,no-eggs,urban,medium,45,70,Kiss Pokémon,59,Its lips are the most sensitive parts on its body. It always uses its lips first to examine things.,https://raw.githubusercontent.com/PokeAPI/sprites/master/sprites/pokemon/238.png,0.1732283464566929,0.1351351351351351,0.0408163265306122,0.3640776699029126,0.1956521739130435,0.3076923076923077
238,239,Elekid,Electric,None,45,63,37,65,55,95,360,0.6,23.5,72.0,"['static', 'vital-spirit']",vital-spirit,generation-2,,,True,yellow,humanoid,no-eggs,grassland,medium,45,70,Electric Pokémon,60,"It rotates its arms to generate electricity, but it tires easily, so it charges up only a little bit.",https://raw.githubusercontent.com/PokeAPI/sprites/master/sprites/pokemon/239.png,0.1732283464566929,0.3135135135135135,0.1306122448979592,0.2669902912621359,0.1521739130434782,0.4615384615384615
239,240,Magby,Fire,None,45,75,37,70,55,83,365,0.7,21.4,73.0,"['flame-body', 'vital-spirit']",vital-spirit,generation-2,,,True,red,upright,no-eggs,mountain,medium,45,70,Live Coal Pokémon,61,"Each and every time it inhales and exhales, hot embers dribble out of its mouth and nostrils.",https://raw.githubusercontent.com/PokeAPI/sprites/master/sprites/pokemon/240.png,0.1732283464566929,0.3783783783783784,0.1306122448979592,0.2912621359223301,0.1521739130434782,0.4
240,241,Miltank,Normal,None,95,80,105,40,70,100,490,1.2,75.5,172.0,"['thick-fat', 'scrappy', 'sap-sipper']",sap-sipper,generation-2,,,False,pink,upright,ground,grassland,slow,45,70,Milk Cow Pokémon,122,"Its milk is packed with nutrition, making it the ultimate beverage for the sick or weary.",https://raw.githubusercontent.com/PokeAPI/sprites/master/sprites/pokemon/241.png,0.3700787401574803,0.4054054054054054,0.4081632653061224,0.145631067961165,0.217391304347826,0.4871794871794871
241,242,Blissey,Normal,None,255,10,10,75,135,55,540,1.5,46.8,608.0,"['natural-cure', 'serene-grace', 'healer']",healer,generation-2,,,False,pink,humanoid,fairy,urban,fast,30,140,Happiness Pokémon,51,Anyone who takes even one bite of BLISSEY's egg be­ comes unfailingly caring and pleas­ ant to everyone.,https://raw.githubusercontent.com/PokeAPI/sprites/master/sprites/pokemon/242.png,1.0,0.027027027027027,0.0204081632653061,0.3155339805825243,0.5,0.2564102564102564
242,243,Raikou,Electric,None,90,85,75,115,100,115,580,1.9,178.0,261.0,"['pressure', 'inner-focus']",inner-focus,generation-2,,,False,yellow,quadruped,no-eggs,grassland,slow,3,35,Thunder Pokémon,123,The rain clouds it carries let it fire thunderbolts at will. They say that it descended with lightning.,https://raw.githubusercontent.com/PokeAPI/sprites/master/sprites/pokemon/243.png,0.3503937007874015,0.4324324324324324,0.2857142857142857,0.5097087378640777,0.3478260869565217,0.5641025641025641
243,244,Entei,Fire,None,115,115,85,90,75,100,580,2.1,198.0,261.0,"['pressure', 'inner-focus']",inner-focus,generation-2,,,False,brown,quadruped,no-eggs,grassland,slow,3,35,Volcano Pokémon,124,"Volcanoes erupt when it barks. Un­ able to restrain its extreme power, it races headlong around the land.",https://raw.githubusercontent.com/PokeAPI/sprites/master/sprites/pokemon/244.png,0.4488188976377952,0.5945945945945946,0.3265306122448979,0.3883495145631068,0.2391304347826087,0.4871794871794871
244,245,Suicune,Water,None,100,75,115,90,115,85,580,2.0,187.0,261.0,"['pressure', 'inner-focus']",inner-focus,generation-2,,,False,blue,quadruped,no-eggs,grassland,slow,3,35,Aurora Pokémon,125,It races around the world to purify fouled water. It dashes away with the north wind.,https://raw.githubusercontent.com/PokeAPI/sprites/master/sprites/pokemon/245.png,0.389763779527559,0.3783783783783784,0.4489795918367347,0.3883495145631068,0.4130434782608695,0.4102564102564102
245,246,Larvitar,Rock,Ground,50,64,50,45,50,41,300,0.6,72.0,60.0,"['guts', 'sand-veil']",sand-veil,generation-2,,,False,green,upright,monster,mountain,slow,45,35,Rock Skin Pokémon,126,"It feeds on soil. After it has eaten a large mountain, it will fall asleep so it can grow.",https://raw.githubusercontent.com/PokeAPI/sprites/master/sprites/pokemon/246.png,0.1929133858267716,0.3189189189189189,0.1836734693877551,0.1699029126213592,0.1304347826086956,0.1846153846153846
246,247,Pupitar,Rock,Ground,70,84,70,65,70,51,410,1.2,152.0,144.0,['shed-skin'],,generation-2,,,False,gray,squiggle,monster,mountain,slow,45,35,Hard Shell Pokémon,126,"Its shell is as hard as sheet rock, and it is also very strong. Its THRASHING can topple a mountain.",https://raw.githubusercontent.com/PokeAPI/sprites/master/sprites/pokemon/247.png,0.2716535433070866,0.427027027027027,0.2653061224489796,0.2669902912621359,0.217391304347826,0.2358974358974359
247,248,Tyranitar,Rock,Dark,100,134,110,95,100,61,600,2.0,202.0,270.0,"['sand-stream', 'unnerve']",unnerve,generation-2,,,False,green,upright,monster,mountain,slow,45,35,Armor Pokémon,126,"Its body can't be harmed by any sort of attack, so it is very eager to make challenges against enemies.",https://raw.githubusercontent.com/PokeAPI/sprites/master/sprites/pokemon/248.png,0.389763779527559,0.6972972972972973,0.4285714285714285,0.4126213592233009,0.3478260869565217,0.2871794871794871
248,249,Lugia,Psychic,Flying,106,90,130,90,154,110,680,5.2,216.0,306.0,"['pressure', 'multiscale']",multiscale,generation-2,,,False,white,wings,no-eggs,rare,slow,3,0,Diving Pokémon,127,It is said that it quietly spends its time deep at the bottom of the sea because its powers are too strong.,https://raw.githubusercontent.com/PokeAPI/sprites/master/sprites/pokemon/249.png,0.4133858267716535,0.4594594594594595,0.5102040816326531,0.3883495145631068,0.5826086956521739,0.5384615384615384
249,250,Ho-Oh,Fire,Flying,106,130,90,110,154,90,680,3.8,199.0,306.0,"['pressure', 'regenerator']",regenerator,generation-2,,,False,red,wings,no-eggs,rare,slow,3,0,Rainbow Pokémon,128,Legends claim this POKéMON flies the world's skies con­ tinuously on its magnificent seven- colored wings.,https://raw.githubusercontent.com/PokeAPI/sprites/master/sprites/pokemon/250.png,0.4133858267716535,0.6756756756756757,0.3469387755102041,0.4854368932038835,0.5826086956521739,0.4358974358974359
250,251,Celebi,Psychic,Grass,100,100,100,100,100,100,600,0.6,5.0,270.0,['natural-cure'],,generation-2,,,False,green,humanoid,no-eggs,forest,medium-slow,45,100,Time Travel Pokémon,129,This POKéMON wan­ ders across time. Grass and trees flourish in the forests in which it has appeared.,https://raw.githubusercontent.com/PokeAPI/sprites/master/sprites/pokemon/251.png,0.389763779527559,0.5135135135135135,0.3877551020408163,0.4368932038834951,0.3478260869565217,0.4871794871794871
251,252,Treecko,Grass,None,40,45,35,65,55,70,310,0.5,5.0,62.0,"['overgrow', 'unburden']",unburden,generation-3,,,False,green,upright,monster|dragon,forest,medium-slow,45,70,Wood Gecko Pokémon,130,TREECKO has small hooks on the bottom of its feet that enable it to scale vertical walls. This POKéMON attacks by slamming foes with its thick tail.,https://raw.githubusercontent.com/PokeAPI/sprites/master/sprites/pokemon/252.png,0.1535433070866141,0.2162162162162162,0.1224489795918367,0.2669902912621359,0.1521739130434782,0.3333333333333333
252,253,Grovyle,Grass,None,50,65,45,85,65,95,405,0.9,21.6,142.0,"['overgrow', 'unburden']",unburden,generation-3,,,False,green,upright,monster|dragon,forest,medium-slow,45,70,Wood Gecko Pokémon,130,The leaves growing out of GROVYLE’s body are convenient for camouflaging it from enemies in the forest. This POKéMON is a master at climbing trees in jungles.,https://raw.githubusercontent.com/PokeAPI/sprites/master/sprites/pokemon/253.png,0.1929133858267716,0.3243243243243243,0.1632653061224489,0.3640776699029126,0.1956521739130435,0.4615384615384615
253,254,Sceptile,Grass,None,70,85,65,105,85,120,530,1.7,52.2,239.0,"['overgrow', 'unburden']",unburden,generation-3,,,False,green,upright,monster|dragon,forest,medium-slow,45,70,Forest Pokémon,130,The leaves growing on SCEPTILE’s body are very sharp edged. This POKéMON is very agile - it leaps all over the branches of trees and jumps on its foe from above or behind.,https://raw.githubusercontent.com/PokeAPI/sprites/master/sprites/pokemon/254.png,0.2716535433070866,0.4324324324324324,0.2448979591836734,0.4611650485436893,0.2826086956521739,0.5897435897435898
254,255,Torchic,Fire,None,45,60,40,70,50,45,310,0.4,2.5,62.0,"['blaze', 'speed-boost']",speed-boost,generation-3,,,False,red,legs,ground,grassland,medium-slow,45,70,Chick Pokémon,131,"TORCHIC sticks with its TRAINER, following behind with unsteady steps. This POKéMON breathes fire of over 1,800 degrees F, including fireballs that leave the foe scorched black.",https://raw.githubusercontent.com/PokeAPI/sprites/master/sprites/pokemon/255.png,0.1732283464566929,0.2972972972972973,0.1428571428571428,0.2912621359223301,0.1304347826086956,0.2051282051282051
255,256,Combusken,Fire,Fighting,60,85,60,85,60,55,405,0.9,19.5,142.0,"['blaze', 'speed-boost']",speed-boost,generation-3,,,False,red,upright,ground,grassland,medium-slow,45,70,Young Fowl Pokémon,131,"COMBUSKEN toughens up its legs and thighs by running through fields and mountains. This POKéMON’s legs possess both speed and power, enabling it to dole out ten kicks in one second.",https://raw.githubusercontent.com/PokeAPI/sprites/master/sprites/pokemon/256.png,0.2322834645669291,0.4324324324324324,0.2244897959183673,0.3640776699029126,0.1739130434782608,0.2564102564102564
256,257,Blaziken,Fire,Fighting,80,120,70,110,70,80,530,1.9,52.0,239.0,"['blaze', 'speed-boost']",speed-boost,generation-3,,,False,red,upright,ground,grassland,medium-slow,45,70,Blaze Pokémon,131,"In battle, BLAZIKEN blows out intense flames from its wrists and attacks foes courageously. The stronger the foe, the more intensely this POKéMON’s wrists burn.",https://raw.githubusercontent.com/PokeAPI/sprites/master/sprites/pokemon/257.png,0.3110236220472441,0.6216216216216216,0.2653061224489796,0.4854368932038835,0.217391304347826,0.3846153846153846
257,258,Mudkip,Water,None,50,70,50,50,50,40,310,0.4,7.6,62.0,"['torrent', 'damp']",damp,generation-3,,,False,blue,quadruped,monster|water1,waters-edge,medium-slow,45,70,Mud Fish Pokémon,132,"The fin on MUDKIP’s head acts as highly sensitive radar. Using this fin to sense movements of water and air, this POKéMON can determine what is taking place around it without using its eyes.",https://raw.githubusercontent.com/PokeAPI/sprites/master/sprites/pokemon/258.png,0.1929133858267716,0.3513513513513513,0.1836734693877551,0.1941747572815534,0.1304347826086956,0.1794871794871795
258,259,Marshtomp,Water,Ground,70,85,70,60,70,50,405,0.7,28.0,142.0,"['torrent', 'damp']",damp,generation-3,,,False,blue,upright,monster|water1,waters-edge,medium-slow,45,70,Mud Fish Pokémon,132,"The surface of MARSHTOMP’s body is enveloped by a thin, sticky film that enables it to live on land. This POKéMON plays in mud on beaches when the ocean tide is low.",https://raw.githubusercontent.com/PokeAPI/sprites/master/sprites/pokemon/259.png,0.2716535433070866,0.4324324324324324,0.2653061224489796,0.2427184466019417,0.217391304347826,0.2307692307692307
259,260,Swampert,Water,Ground,100,110,90,85,90,60,535,1.5,81.9,241.0,"['torrent', 'damp']",damp,generation-3,,,False,blue,upright,monster|water1,waters-edge,medium-slow,45,70,Mud Fish Pokémon,132,SWAMPERT is very strong. It has enough power to easily drag a boulder weighing more than a ton. This POKéMON also has powerful vision that lets it see even in murky water.,https://raw.githubusercontent.com/PokeAPI/sprites/master/sprites/pokemon/260.png,0.389763779527559,0.5675675675675675,0.3469387755102041,0.3640776699029126,0.3043478260869565,0.282051282051282
260,261,Poochyena,Dark,None,35,55,35,30,30,35,220,0.5,13.6,56.0,"['run-away', 'quick-feet', 'rattled']",rattled,generation-3,,,False,gray,quadruped,ground,grassland,medium,255,70,Bite Pokémon,133,"At first sight, POOCHYENA takes a bite at anything that moves. This POKéMON chases after prey until the victim becomes exhausted. However, it may turn tail if the prey strikes back.",https://raw.githubusercontent.com/PokeAPI/sprites/master/sprites/pokemon/261.png,0.1338582677165354,0.2702702702702703,0.1224489795918367,0.0970873786407767,0.0434782608695652,0.1538461538461538
261,262,Mightyena,Dark,None,70,90,70,60,60,70,420,1.0,37.0,147.0,"['intimidate', 'quick-feet', 'moxie']",moxie,generation-3,,,False,gray,quadruped,ground,grassland,medium,127,70,Bite Pokémon,133,MIGHTYENA gives obvious signals when it is preparing to attack. It starts to growl deeply and then flattens its body. This POKéMON will bite savagely with its sharply pointed fangs.,https://raw.githubusercontent.com/PokeAPI/sprites/master/sprites/pokemon/262.png,0.2716535433070866,0.4594594594594595,0.2653061224489796,0.2427184466019417,0.1739130434782608,0.3333333333333333
262,263,Zigzagoon,Normal,None,38,30,41,30,41,60,240,0.4,17.5,56.0,"['pickup', 'gluttony', 'quick-feet']",quick-feet,generation-3,,,False,brown,quadruped,ground,grassland,medium,255,70,Tiny Raccoon Pokémon,134,ZIGZAGOON restlessly wanders everywhere at all times. This POKéMON does so because it is very curious. It becomes interested in anything that it happens to see.,https://raw.githubusercontent.com/PokeAPI/sprites/master/sprites/pokemon/263.png,0.1456692913385826,0.1351351351351351,0.1469387755102041,0.0970873786407767,0.0913043478260869,0.282051282051282
263,264,Linoone,Normal,None,78,70,61,50,61,100,420,0.5,32.5,147.0,"['pickup', 'gluttony', 'quick-feet']",quick-feet,generation-3,,,False,white,quadruped,ground,grassland,medium,90,70,Rushing Pokémon,134,"LINOONE always runs full speed and only in straight lines. If facing an obstacle, it makes a right-angle turn to evade it. This POKéMON is very challenged by gently curving roads.",https://raw.githubusercontent.com/PokeAPI/sprites/master/sprites/pokemon/264.png,0.3031496062992126,0.3513513513513513,0.2285714285714285,0.1941747572815534,0.1782608695652174,0.4871794871794871
264,265,Wurmple,Bug,None,45,45,35,20,30,20,195,0.3,3.6,56.0,"['shield-dust', 'run-away']",run-away,generation-3,,,False,red,armor,bug,forest,medium,255,70,Worm Pokémon,135,"Using the spikes on its rear end,   WURMPLE peels the bark off trees and feeds on the sap that oozes out. This POKéMON’s feet are tipped with suction pads that allow it to cling to glass without slipping.",https://raw.githubusercontent.com/PokeAPI/sprites/master/sprites/pokemon/265.png,0.1732283464566929,0.2162162162162162,0.1224489795918367,0.0485436893203883,0.0434782608695652,0.0769230769230769
265,266,Silcoon,Bug,None,50,35,55,25,25,15,205,0.6,10.0,72.0,['shed-skin'],,generation-3,,,False,white,ball,bug,forest,medium,120,70,Cocoon Pokémon,135,"SILCOON tethers itself to a tree branch using silk to keep from falling. There,  this POKéMON hangs quietly while it awaits evolution. It peers out of the silk cocoon through a small hole.",https://raw.githubusercontent.com/PokeAPI/sprites/master/sprites/pokemon/266.png,0.1929133858267716,0.1621621621621621,0.2040816326530612,0.0728155339805825,0.0217391304347826,0.0512820512820512
266,267,Beautifly,Bug,Flying,60,70,50,100,50,65,395,1.0,28.4,178.0,"['swarm', 'rivalry']",rivalry,generation-3,,,False,yellow,bug-wings,bug,forest,medium,45,70,Butterfly Pokémon,135,"BEAUTIFLY’s favorite food is the sweet pollen of flowers. If you want to see this POKéMON, just leave a potted flower by an open window. BEAUTIFLY is sure to come looking for pollen.",https://raw.githubusercontent.com/PokeAPI/sprites/master/sprites/pokemon/267.png,0.2322834645669291,0.3513513513513513,0.1836734693877551,0.4368932038834951,0.1304347826086956,0.3076923076923077
267,268,Cascoon,Bug,None,50,35,55,25,25,15,205,0.7,11.5,72.0,['shed-skin'],,generation-3,,,False,purple,ball,bug,forest,medium,120,70,Cocoon Pokémon,135,"CASCOON makes its protective cocoon by wrapping its body entirely with a fine silk from its mouth. Once the silk goes around its body, it hardens. This POKéMON prepares for its evolution inside the cocoon.",https://raw.githubusercontent.com/PokeAPI/sprites/master/sprites/pokemon/268.png,0.1929133858267716,0.1621621621621621,0.2040816326530612,0.0728155339805825,0.0217391304347826,0.0512820512820512
268,269,Dustox,Bug,Poison,60,50,70,50,90,65,385,1.2,31.6,173.0,"['shield-dust', 'compound-eyes']",compound-eyes,generation-3,,,False,green,bug-wings,bug,forest,medium,45,70,Poison Moth Pokémon,135,"DUSTOX is instinctively drawn to light. Swarms of this POKéMON are attracted by the bright lights of cities, where they wreak havoc by stripping the leaves off roadside trees for food.",https://raw.githubusercontent.com/PokeAPI/sprites/master/sprites/pokemon/269.png,0.2322834645669291,0.2432432432432432,0.2653061224489796,0.1941747572815534,0.3043478260869565,0.3076923076923077
269,270,Lotad,Water,Grass,40,30,30,40,50,30,220,0.5,2.6,44.0,"['swift-swim', 'rain-dish', 'own-tempo']",own-tempo,generation-3,,,False,green,armor,water1|plant,waters-edge,medium-slow,255,70,Water Weed Pokémon,136,"It searches about for clean water. If it does not drink water for too long, the leaf on its head wilts.",https://raw.githubusercontent.com/PokeAPI/sprites/master/sprites/pokemon/270.png,0.1535433070866141,0.1351351351351351,0.1020408163265306,0.145631067961165,0.1304347826086956,0.1282051282051282
270,271,Lombre,Water,Grass,60,50,50,60,70,50,340,1.2,32.5,119.0,"['swift-swim', 'rain-dish', 'own-tempo']",own-tempo,generation-3,,,False,green,humanoid,water1|plant,waters-edge,medium-slow,120,70,Jolly Pokémon,136,It lives at the water’s edge where it is sunny. It sleeps on a bed of water grass by day and becomes active at night.,https://raw.githubusercontent.com/PokeAPI/sprites/master/sprites/pokemon/271.png,0.2322834645669291,0.2432432432432432,0.1836734693877551,0.2427184466019417,0.217391304347826,0.2307692307692307
271,272,Ludicolo,Water,Grass,80,70,70,90,100,70,480,1.5,55.0,216.0,"['swift-swim', 'rain-dish', 'own-tempo']",own-tempo,generation-3,,,False,green,humanoid,water1|plant,waters-edge,medium-slow,45,70,Carefree Pokémon,136,"LUDICOLO begins dancing as soon as it hears cheerful, festive music. This POKéMON is said to appear when it hears the singing of children on hiking outings.",https://raw.githubusercontent.com/PokeAPI/sprites/master/sprites/pokemon/272.png,0.3110236220472441,0.3513513513513513,0.2653061224489796,0.3883495145631068,0.3478260869565217,0.3333333333333333
272,273,Seedot,Grass,None,40,40,50,30,30,30,220,0.5,4.0,44.0,"['chlorophyll', 'early-bird', 'pickpocket']",pickpocket,generation-3,,,False,brown,legs,ground|plant,forest,medium-slow,255,70,Acorn Pokémon,137,"SEEDOT attaches itself to a tree branch using the top of its head. It sucks moisture from the tree while hanging off the branch. The more water it drinks, the glossier this POKéMON’s body becomes.",https://raw.githubusercontent.com/PokeAPI/sprites/master/sprites/pokemon/273.png,0.1535433070866141,0.1891891891891892,0.1836734693877551,0.0970873786407767,0.0434782608695652,0.1282051282051282
273,274,Nuzleaf,Grass,Dark,70,70,40,60,40,60,340,1.0,28.0,119.0,"['chlorophyll', 'early-bird', 'pickpocket']",pickpocket,generation-3,,,False,brown,humanoid,ground|plant,forest,medium-slow,120,70,Wily Pokémon,137,NUZLEAF live in densely overgrown forests. They occasionally venture out of the forest to startle people. This POKéMON dislikes having its long nose pinched.,https://raw.githubusercontent.com/PokeAPI/sprites/master/sprites/pokemon/274.png,0.2716535433070866,0.3513513513513513,0.1428571428571428,0.2427184466019417,0.0869565217391304,0.282051282051282
274,275,Shiftry,Grass,Dark,90,100,60,90,60,80,480,1.3,59.6,216.0,"['chlorophyll', 'wind-rider', 'pickpocket']",pickpocket,generation-3,,,False,brown,humanoid,ground|plant,forest,medium-slow,45,70,Wicked Pokémon,137,It lives quietly in the deep forest. It is said to create chilly winter winds with the fans it holds.,https://raw.githubusercontent.com/PokeAPI/sprites/master/sprites/pokemon/275.png,0.3503937007874015,0.5135135135135135,0.2244897959183673,0.3883495145631068,0.1739130434782608,0.3846153846153846
275,276,Taillow,Normal,Flying,40,55,30,30,30,85,270,0.3,2.3,54.0,"['guts', 'scrappy']",scrappy,generation-3,,,False,blue,wings,flying,grassland,medium-slow,200,70,Tiny Swallow Pokémon,138,"TAILLOW courageously stands its ground against foes, however strong they may be. This gutsy POKéMON will remain defiant even after a loss. On the other hand, it cries loudly if it becomes hungry.",https://raw.githubusercontent.com/PokeAPI/sprites/master/sprites/pokemon/276.png,0.1535433070866141,0.2702702702702703,0.1020408163265306,0.0970873786407767,0.0434782608695652,0.4102564102564102
276,277,Swellow,Normal,Flying,60,85,60,75,50,125,455,0.7,19.8,159.0,"['guts', 'scrappy']",scrappy,generation-3,,,False,blue,wings,flying,grassland,medium-slow,45,70,Swallow Pokémon,138,"SWELLOW flies high above our heads, making graceful arcs in the sky. This POKéMON dives at a steep angle as soon as it spots its prey. The hapless prey is tightly grasped by SWELLOW’s clawed feet, preventing escape.",https://raw.githubusercontent.com/PokeAPI/sprites/master/sprites/pokemon/277.png,0.2322834645669291,0.4324324324324324,0.2244897959183673,0.3155339805825243,0.1304347826086956,0.6153846153846154
277,278,Wingull,Water,Flying,40,30,30,55,30,85,270,0.6,9.5,54.0,"['keen-eye', 'hydration', 'rain-dish']",rain-dish,generation-3,,,False,white,wings,water1|flying,sea,medium,190,70,Seagull Pokémon,139,WINGULL has the habit of carrying prey and valuables in its beak and hiding them in all sorts of locations. This POKéMON rides the winds and flies as if it were skating across the sky.,https://raw.githubusercontent.com/PokeAPI/sprites/master/sprites/pokemon/278.png,0.1535433070866141,0.1351351351351351,0.1020408163265306,0.2184466019417475,0.0434782608695652,0.4102564102564102
278,279,Pelipper,Water,Flying,60,50,100,95,70,65,440,1.2,28.0,154.0,"['keen-eye', 'drizzle', 'rain-dish']",rain-dish,generation-3,,,False,yellow,wings,water1|flying,sea,medium,45,70,Water Bird Pokémon,139,"It is a messenger of the skies, carrying small Pokémon and eggs to safety in its bill.",https://raw.githubusercontent.com/PokeAPI/sprites/master/sprites/pokemon/279.png,0.2322834645669291,0.2432432432432432,0.3877551020408163,0.4126213592233009,0.217391304347826,0.3076923076923077
279,280,Ralts,Psychic,Fairy,28,25,25,45,35,40,198,0.4,6.6,40.0,"['synchronize', 'trace', 'telepathy']",telepathy,generation-3,,,False,white,humanoid,humanshape|indeterminate,urban,slow,235,35,Feeling Pokémon,140,"RALTS senses the emotions of people using the horns on its head. This POKéMON rarely appears before people. But when it does, it draws closer if it senses that the person has a positive disposition.",https://raw.githubusercontent.com/PokeAPI/sprites/master/sprites/pokemon/280.png,0.1062992125984252,0.1081081081081081,0.0816326530612244,0.1699029126213592,0.0652173913043478,0.1794871794871795
280,281,Kirlia,Psychic,Fairy,38,35,35,65,55,50,278,0.8,20.2,97.0,"['synchronize', 'trace', 'telepathy']",telepathy,generation-3,,,False,white,humanoid,humanshape|indeterminate,urban,slow,120,35,Emotion Pokémon,140,It is said that a KIRLIA that is exposed to the positive emotions of its TRAINER grows beautiful. This POKéMON controls psychokinetic powers with its highly developed brain.,https://raw.githubusercontent.com/PokeAPI/sprites/master/sprites/pokemon/281.png,0.1456692913385826,0.1621621621621621,0.1224489795918367,0.2669902912621359,0.1521739130434782,0.2307692307692307
281,282,Gardevoir,Psychic,Fairy,68,65,65,125,115,80,518,1.6,48.4,233.0,"['synchronize', 'trace', 'telepathy']",telepathy,generation-3,,,False,white,humanoid,humanshape|indeterminate,urban,slow,45,35,Embrace Pokémon,140,"GARDEVOIR has the ability to read the future. If it senses impending danger to its TRAINER, this POKéMON is said to unleash its psychokinetic energy at full power.",https://raw.githubusercontent.com/PokeAPI/sprites/master/sprites/pokemon/282.png,0.2637795275590551,0.3243243243243243,0.2448979591836734,0.558252427184466,0.4130434782608695,0.3846153846153846
282,283,Surskit,Bug,Water,40,30,32,50,52,65,269,0.5,1.7,54.0,"['swift-swim', 'rain-dish']",rain-dish,generation-3,,,False,blue,armor,water1|bug,waters-edge,medium,200,70,Pond Skater Pokémon,141,"From the tips of its feet, SURSKIT secretes an oil that enables it to walk on water as if it were skating. This POKéMON feeds on microscopic organisms in ponds and lakes.",https://raw.githubusercontent.com/PokeAPI/sprites/master/sprites/pokemon/283.png,0.1535433070866141,0.1351351351351351,0.110204081632653,0.1941747572815534,0.1391304347826087,0.3076923076923077
283,284,Masquerain,Bug,Flying,70,60,62,100,82,80,454,0.8,3.6,159.0,"['intimidate', 'unnerve']",unnerve,generation-3,,,False,blue,bug-wings,water1|bug,waters-edge,medium,75,70,Eyeball Pokémon,141,MASQUERAIN intimidates enemies with the eyelike patterns on its antennas. This POKéMON flaps its four wings to freely fly in any direction - even sideways and backwards - as if it were a helicopter.,https://raw.githubusercontent.com/PokeAPI/sprites/master/sprites/pokemon/284.png,0.2716535433070866,0.2972972972972973,0.2326530612244897,0.4368932038834951,0.2695652173913043,0.3846153846153846
284,285,Shroomish,Grass,None,60,40,60,40,60,35,295,0.4,4.5,59.0,"['effect-spore', 'poison-heal', 'quick-feet']",quick-feet,generation-3,,,False,brown,legs,fairy|plant,forest,fast-then-very-slow,255,70,Mushroom Pokémon,142,"SHROOMISH live in damp soil in the dark depths of forests. They are often found keeping still under fallen leaves. This POKéMON feeds on compost that is made up of fallen, rotted leaves.",https://raw.githubusercontent.com/PokeAPI/sprites/master/sprites/pokemon/285.png,0.2322834645669291,0.1891891891891892,0.2244897959183673,0.145631067961165,0.1739130434782608,0.1538461538461538
285,286,Breloom,Grass,Fighting,60,130,80,60,60,70,460,1.2,39.2,161.0,"['effect-spore', 'poison-heal', 'technician']",technician,generation-3,,,False,green,upright,fairy|plant,forest,fast-then-very-slow,90,70,Mushroom Pokémon,142,"BRELOOM closes in on its foe with light and sprightly footwork, then throws punches with its stretchy arms. This POKéMON’s fighting technique puts boxers to shame.",https://raw.githubusercontent.com/PokeAPI/sprites/master/sprites/pokemon/286.png,0.2322834645669291,0.6756756756756757,0.3061224489795918,0.2427184466019417,0.1739130434782608,0.3333333333333333
286,287,Slakoth,Normal,None,60,60,60,35,35,30,280,0.8,24.0,56.0,['truant'],,generation-3,,,False,brown,quadruped,ground,forest,slow,255,70,Slacker Pokémon,143,"SLAKOTH lolls around for over twenty hours every day. Because it moves so little, it does not need much food. This POKéMON’s sole daily meal consists of just three leaves.",https://raw.githubusercontent.com/PokeAPI/sprites/master/sprites/pokemon/287.png,0.2322834645669291,0.2972972972972973,0.2244897959183673,0.1213592233009708,0.0652173913043478,0.1282051282051282
287,288,Vigoroth,Normal,None,80,80,80,55,55,90,440,1.4,46.5,154.0,['vital-spirit'],,generation-3,,,False,white,upright,ground,forest,slow,120,70,Wild Monkey Pokémon,143,VIGOROTH is always itching and agitated to go on a wild rampage. It simply can’t tolerate sitting still for even a minute. This POKéMON’s stress level rises if it can’t be moving constantly.,https://raw.githubusercontent.com/PokeAPI/sprites/master/sprites/pokemon/288.png,0.3110236220472441,0.4054054054054054,0.3061224489795918,0.2184466019417475,0.1521739130434782,0.4358974358974359
288,289,Slaking,Normal,None,150,160,100,95,65,100,670,2.0,130.5,252.0,['truant'],,generation-3,,,False,brown,humanoid,ground,forest,slow,45,70,Lazy Pokémon,143,"SLAKING spends all day lying down and lolling about. It eats grass growing within its reach. If it eats all the grass it can reach, this POKéMON reluctantly moves to another spot.",https://raw.githubusercontent.com/PokeAPI/sprites/master/sprites/pokemon/289.png,0.5866141732283464,0.8378378378378378,0.3877551020408163,0.4126213592233009,0.1956521739130435,0.4871794871794871
289,290,Nincada,Bug,Ground,31,45,90,30,30,40,266,0.5,5.5,53.0,"['compound-eyes', 'run-away']",run-away,generation-3,,,False,gray,armor,bug,forest,slow-then-very-fast,255,70,Trainee Pokémon,144,NINCADA lives underground for many years in complete darkness. This POKéMON absorbs nutrients from the roots of trees. It stays motionless as it waits for evolution.,https://raw.githubusercontent.com/PokeAPI/sprites/master/sprites/pokemon/290.png,0.1181102362204724,0.2162162162162162,0.3469387755102041,0.0970873786407767,0.0434782608695652,0.1794871794871795
290,291,Ninjask,Bug,Flying,61,90,45,50,50,160,456,0.8,12.0,160.0,"['speed-boost', 'infiltrator']",infiltrator,generation-3,,,False,yellow,bug-wings,bug,forest,slow-then-very-fast,120,70,Ninja Pokémon,144,"NINJASK moves around at such a high speed that it cannot be seen, even while its crying can be clearly heard. For that reason, this POKéMON was long believed to be invisible.",https://raw.githubusercontent.com/PokeAPI/sprites/master/sprites/pokemon/291.png,0.2362204724409448,0.4594594594594595,0.1632653061224489,0.1941747572815534,0.1304347826086956,0.7948717948717948
291,292,Shedinja,Bug,Ghost,1,90,45,30,30,40,236,0.8,1.2,83.0,['wonder-guard'],,generation-3,,,False,brown,blob,mineral,forest,slow-then-very-fast,45,70,Shed Pokémon,144,"SHEDINJA’s hard body doesn’t move - not even a twitch. In fact, its body appears to be merely a hollow shell. It is believed that this POKéMON will steal the spirit of anyone peering into its hollow body from its back.",https://raw.githubusercontent.com/PokeAPI/sprites/master/sprites/pokemon/292.png,0.0,0.4594594594594595,0.1632653061224489,0.0970873786407767,0.0434782608695652,0.1794871794871795
292,293,Whismur,Normal,None,64,51,23,51,23,28,240,0.6,16.3,48.0,"['soundproof', 'rattled']",rattled,generation-3,,,False,pink,upright,monster|ground,cave,medium-slow,190,70,Whisper Pokémon,145,"Normally, WHISMUR’s voice is very quiet - it is barely audible even if one is paying close attention. However, if this POKéMON senses danger, it starts crying at an earsplitting volume.",https://raw.githubusercontent.com/PokeAPI/sprites/master/sprites/pokemon/293.png,0.2480314960629921,0.2486486486486486,0.073469387755102,0.1990291262135922,0.0130434782608695,0.1179487179487179
293,294,Loudred,Normal,None,84,71,43,71,43,48,360,1.0,40.5,126.0,"['soundproof', 'scrappy']",scrappy,generation-3,,,False,blue,upright,monster|ground,cave,medium-slow,120,70,Big Voice Pokémon,145,LOUDRED’s bellowing can completely decimate a wood-frame house. It uses its voice to punish its foes. This POKéMON’s round ears serve as loudspeakers.,https://raw.githubusercontent.com/PokeAPI/sprites/master/sprites/pokemon/294.png,0.326771653543307,0.3567567567567568,0.1551020408163265,0.2961165048543689,0.1,0.2205128205128205
294,295,Exploud,Normal,None,104,91,63,91,73,68,490,1.5,84.0,221.0,"['soundproof', 'scrappy']",scrappy,generation-3,,,False,blue,upright,monster|ground,cave,medium-slow,45,70,Loud Noise Pokémon,145,"EXPLOUD triggers earthquakes with the tremors it creates by bellowing. If this POKéMON violently inhales from the ports on its body, it’s a sign that it is preparing to let loose a huge bellow.",https://raw.githubusercontent.com/PokeAPI/sprites/master/sprites/pokemon/295.png,0.405511811023622,0.4648648648648649,0.236734693877551,0.3932038834951456,0.2304347826086956,0.3230769230769231
295,296,Makuhita,Fighting,None,72,60,30,20,30,25,237,1.0,86.4,47.0,"['thick-fat', 'guts', 'sheer-force']",sheer-force,generation-3,,,False,yellow,humanoid,humanshape,mountain,fast-then-very-slow,180,70,Guts Pokémon,146,"MAKUHITA is tenacious - it will keep getting up and attacking its foe however many times it is knocked down. Every time it gets back up, this POKéMON stores more energy in its body for evolving.",https://raw.githubusercontent.com/PokeAPI/sprites/master/sprites/pokemon/296.png,0.2795275590551181,0.2972972972972973,0.1020408163265306,0.0485436893203883,0.0434782608695652,0.1025641025641025
296,297,Hariyama,Fighting,None,144,120,60,40,60,50,474,2.3,253.8,166.0,"['thick-fat', 'guts', 'sheer-force']",sheer-force,generation-3,,,False,brown,humanoid,humanshape,mountain,fast-then-very-slow,200,70,Arm Thrust Pokémon,146,It has the habit of challenging others without hesitation to tests of strength. It’s been known to stand on train tracks and stop trains using forearm thrusts.,https://raw.githubusercontent.com/PokeAPI/sprites/master/sprites/pokemon/297.png,0.562992125984252,0.6216216216216216,0.2244897959183673,0.145631067961165,0.1739130434782608,0.2307692307692307
297,298,Azurill,Normal,Fairy,50,20,40,20,40,20,190,0.2,2.0,38.0,"['thick-fat', 'huge-power', 'sap-sipper']",sap-sipper,generation-3,,,True,blue,legs,no-eggs,waters-edge,fast,150,70,Polka Dot Pokémon,90,A Pokémon that lives by water. It moves quickly on land by bouncing on its big tail.,https://raw.githubusercontent.com/PokeAPI/sprites/master/sprites/pokemon/298.png,0.1929133858267716,0.081081081081081,0.1428571428571428,0.0485436893203883,0.0869565217391304,0.0769230769230769
298,299,Nosepass,Rock,None,30,45,135,45,90,30,375,1.0,97.0,75.0,"['sturdy', 'magnet-pull', 'sand-force']",sand-force,generation-3,,,False,gray,humanoid,mineral,cave,medium,255,70,Compass Pokémon,147,"NOSEPASS’s magnetic nose is always pointed to the north. If two of these POKéMON meet, they cannot turn their faces to each other when they are close because their magnetic noses repel one another.",https://raw.githubusercontent.com/PokeAPI/sprites/master/sprites/pokemon/299.png,0.1141732283464567,0.2162162162162162,0.5306122448979592,0.1699029126213592,0.3043478260869565,0.1282051282051282
299,300,Skitty,Normal,None,50,45,45,35,35,50,260,0.6,11.0,52.0,"['cute-charm', 'normalize', 'wonder-skin']",wonder-skin,generation-3,,,False,pink,quadruped,ground|fairy,forest,fast,255,70,Kitten Pokémon,148,SKITTY has the habit of becoming fascinated by moving objects and chasing them around. This POKéMON is known to chase after its own tail and become dizzy.,https://raw.githubusercontent.com/PokeAPI/sprites/master/sprites/pokemon/300.png,0.1929133858267716,0.2162162162162162,0.1632653061224489,0.1213592233009708,0.0652173913043478,0.2307692307692307
300,301,Delcatty,Normal,None,70,65,65,55,55,90,400,1.1,32.6,140.0,"['cute-charm', 'normalize', 'wonder-skin']",wonder-skin,generation-3,,,False,purple,quadruped,ground|fairy,forest,fast,60,70,Prim Pokémon,148,"DELCATTY prefers to live an unfettered existence in which it can do as it pleases at its own pace. Because this POKéMON eats and sleeps whenever it decides, its daily routines are completely random.",https://raw.githubusercontent.com/PokeAPI/sprites/master/sprites/pokemon/301.png,0.2716535433070866,0.3243243243243243,0.2448979591836734,0.2184466019417475,0.1521739130434782,0.4358974358974359
301,302,Sableye,Dark,Ghost,50,75,75,65,65,50,380,0.5,11.0,133.0,"['keen-eye', 'stall', 'prankster']",prankster,generation-3,,,False,purple,humanoid,humanshape,cave,medium-slow,45,35,Darkness Pokémon,149,"SABLEYE lead quiet lives deep inside caverns. They are feared, however, because these POKéMON are thought to steal the spirits of people when their eyes burn with a sinister glow in the darkness.",https://raw.githubusercontent.com/PokeAPI/sprites/master/sprites/pokemon/302.png,0.1929133858267716,0.3783783783783784,0.2857142857142857,0.2669902912621359,0.1956521739130435,0.2307692307692307
302,303,Mawile,Steel,Fairy,50,85,85,55,55,50,380,0.6,11.5,133.0,"['hyper-cutter', 'intimidate', 'sheer-force']",sheer-force,generation-3,,,False,black,humanoid,ground|fairy,cave,fast,45,70,Deceiver Pokémon,150,"MAWHILE’s huge jaws are actually steel horns that have been transformed. Its docile-looking face serves to lull its foe into letting down its guard. When the foe least expects it, MAWHILE chomps it with its gaping jaws.",https://raw.githubusercontent.com/PokeAPI/sprites/master/sprites/pokemon/303.png,0.1929133858267716,0.4324324324324324,0.3265306122448979,0.2184466019417475,0.1521739130434782,0.2307692307692307
303,304,Aron,Steel,Rock,50,70,100,40,40,30,330,0.4,60.0,66.0,"['sturdy', 'rock-head', 'heavy-metal']",heavy-metal,generation-3,,,False,gray,quadruped,monster,mountain,slow,180,35,Iron Armor Pokémon,151,"This POKéMON has a body of steel. To make its body, ARON feeds on iron ore that it digs from mountains. Occasionally, it causes major trouble by eating bridges and rails.",https://raw.githubusercontent.com/PokeAPI/sprites/master/sprites/pokemon/304.png,0.1929133858267716,0.3513513513513513,0.3877551020408163,0.145631067961165,0.0869565217391304,0.1282051282051282
304,305,Lairon,Steel,Rock,60,90,140,50,50,40,430,0.9,120.0,151.0,"['sturdy', 'rock-head', 'heavy-metal']",heavy-metal,generation-3,,,False,gray,quadruped,monster,mountain,slow,90,35,Iron Armor Pokémon,151,LAIRON tempers its steel body by drinking highly nutritious mineral springwater until it is bloated. This POKéMON makes its nest close to springs of delicious water.,https://raw.githubusercontent.com/PokeAPI/sprites/master/sprites/pokemon/305.png,0.2322834645669291,0.4594594594594595,0.5510204081632653,0.1941747572815534,0.1304347826086956,0.1794871794871795
305,306,Aggron,Steel,Rock,70,110,180,60,60,50,530,2.1,360.0,239.0,"['sturdy', 'rock-head', 'heavy-metal']",heavy-metal,generation-3,,,False,gray,upright,monster,mountain,slow,45,35,Iron Armor Pokémon,151,AGGRON claims an entire mountain as its own territory. It mercilessly beats up anything that violates its environment. This POKéMON vigilantly patrols its territory at all times.,https://raw.githubusercontent.com/PokeAPI/sprites/master/sprites/pokemon/306.png,0.2716535433070866,0.5675675675675675,0.7142857142857143,0.2427184466019417,0.1739130434782608,0.2307692307692307
306,307,Meditite,Fighting,Psychic,30,40,55,40,55,60,280,0.6,11.2,56.0,"['pure-power', 'telepathy']",telepathy,generation-3,,,False,blue,humanoid,humanshape,mountain,medium,180,70,Meditate Pokémon,152,"MEDITITE undertakes rigorous mental training deep in the mountains. However, whenever it meditates, this POKéMON always loses its concentration and focus. As a result, its training never ends.",https://raw.githubusercontent.com/PokeAPI/sprites/master/sprites/pokemon/307.png,0.1141732283464567,0.1891891891891892,0.2040816326530612,0.145631067961165,0.1521739130434782,0.282051282051282
307,308,Medicham,Fighting,Psychic,60,60,75,60,75,80,410,1.3,31.5,144.0,"['pure-power', 'telepathy']",telepathy,generation-3,,,False,red,humanoid,humanshape,mountain,medium,90,70,Meditate Pokémon,152,"It is said that through meditation, MEDICHAM heightens energy inside its body and sharpens its sixth sense. This POKéMON hides its presence by merging itself with fields and mountains.",https://raw.githubusercontent.com/PokeAPI/sprites/master/sprites/pokemon/308.png,0.2322834645669291,0.2972972972972973,0.2857142857142857,0.2427184466019417,0.2391304347826087,0.3846153846153846
308,309,Electrike,Electric,None,40,45,40,65,40,65,295,0.6,15.2,59.0,"['static', 'lightning-rod', 'minus']",minus,generation-3,,,False,green,quadruped,ground,grassland,slow,120,70,Lightning Pokémon,153,ELECTRIKE stores electricity in its long body hair. This POKéMON stimulates its leg muscles with electric charges. These jolts of power give its legs explosive acceleration performance.,https://raw.githubusercontent.com/PokeAPI/sprites/master/sprites/pokemon/309.png,0.1535433070866141,0.2162162162162162,0.1428571428571428,0.2669902912621359,0.0869565217391304,0.3076923076923077
309,310,Manectric,Electric,None,70,75,60,105,60,105,475,1.5,40.2,166.0,"['static', 'lightning-rod', 'minus']",minus,generation-3,,,False,yellow,quadruped,ground,grassland,slow,45,70,Discharge Pokémon,153,"MANECTRIC is constantly discharging electricity from its mane. The sparks sometimes ignite forest fires. When it enters a battle, this POKéMON creates thunderclouds.",https://raw.githubusercontent.com/PokeAPI/sprites/master/sprites/pokemon/310.png,0.2716535433070866,0.3783783783783784,0.2244897959183673,0.4611650485436893,0.1739130434782608,0.5128205128205128
310,311,Plusle,Electric,None,60,50,40,85,75,95,405,0.4,4.2,142.0,"['plus', 'lightning-rod']",lightning-rod,generation-3,,,False,yellow,upright,fairy,grassland,medium,200,70,Cheering Pokémon,154,"PLUSLE always acts as a cheerleader for its partners. Whenever a teammate puts out a good effort in battle, this POKéMON shorts out its body to create the crackling noises of sparks to show its joy.",https://raw.githubusercontent.com/PokeAPI/sprites/master/sprites/pokemon/311.png,0.2322834645669291,0.2432432432432432,0.1428571428571428,0.3640776699029126,0.2391304347826087,0.4615384615384615
311,312,Minun,Electric,None,60,40,50,75,85,95,405,0.4,4.2,142.0,"['minus', 'volt-absorb']",volt-absorb,generation-3,,,False,yellow,upright,fairy,grassland,medium,200,70,Cheering Pokémon,155,MINUN is more concerned about cheering on its partners than its own safety. It shorts out the electricity in its body to create brilliant showers of sparks to cheer on its teammates.,https://raw.githubusercontent.com/PokeAPI/sprites/master/sprites/pokemon/312.png,0.2322834645669291,0.1891891891891892,0.1836734693877551,0.3155339805825243,0.2826086956521739,0.4615384615384615
312,313,Volbeat,Bug,None,65,73,75,47,85,85,430,0.7,17.7,151.0,"['illuminate', 'swarm', 'prankster']",prankster,generation-3,,,False,gray,upright,bug|humanshape,forest,slow-then-very-fast,150,70,Firefly Pokémon,156,"With the arrival of night, VOLBEAT emits light from its tail. It communicates with others by adjusting the intensity and flashing of its light. This POKéMON is attracted by the sweet aroma of ILLUMISE.",https://raw.githubusercontent.com/PokeAPI/sprites/master/sprites/pokemon/313.png,0.2519685039370078,0.3675675675675676,0.2857142857142857,0.1796116504854369,0.2826086956521739,0.4102564102564102
313,314,Illumise,Bug,None,65,47,75,73,85,85,430,0.6,17.7,151.0,"['oblivious', 'tinted-lens', 'prankster']",prankster,generation-3,,,False,purple,humanoid,bug|humanshape,forest,fast-then-very-slow,150,70,Firefly Pokémon,157,"With its sweet aroma, it guides Volbeat to draw signs with light in the night sky.",https://raw.githubusercontent.com/PokeAPI/sprites/master/sprites/pokemon/314.png,0.2519685039370078,0.227027027027027,0.2857142857142857,0.3058252427184466,0.2826086956521739,0.4102564102564102
314,315,Roselia,Grass,Poison,50,60,45,100,80,65,400,0.3,2.0,140.0,"['natural-cure', 'poison-point', 'leaf-guard']",leaf-guard,generation-3,,,False,green,humanoid,fairy|plant,grassland,medium-slow,150,70,Thorn Pokémon,158,ROSELIA shoots sharp thorns as projectiles at any opponent that tries to steal the flowers on its arms. The aroma of this POKéMON brings serenity to living things.,https://raw.githubusercontent.com/PokeAPI/sprites/master/sprites/pokemon/315.png,0.1929133858267716,0.2972972972972973,0.1632653061224489,0.4368932038834951,0.2608695652173913,0.3076923076923077
315,316,Gulpin,Poison,None,70,43,53,43,53,40,302,0.4,10.3,60.0,"['liquid-ooze', 'sticky-hold', 'gluttony']",gluttony,generation-3,,,False,green,arms,indeterminate,grassland,fast-then-very-slow,225,70,Stomach Pokémon,159,"Virtually all of GULPIN’s body is its stomach. As a result, it can swallow something its own size. This POKéMON’s stomach contains a special fluid that digests anything.",https://raw.githubusercontent.com/PokeAPI/sprites/master/sprites/pokemon/316.png,0.2716535433070866,0.2054054054054054,0.1959183673469387,0.1601941747572815,0.1434782608695652,0.1794871794871795
316,317,Swalot,Poison,None,100,73,83,73,83,55,467,1.7,80.0,163.0,"['liquid-ooze', 'sticky-hold', 'gluttony']",gluttony,generation-3,,,False,purple,arms,indeterminate,grassland,fast-then-very-slow,75,70,Poison Bag Pokémon,159,"When SWALOT spots prey, it spurts out a hideously toxic fluid from its pores and sprays the target. Once the prey has weakened, this POKéMON gulps it down whole with its cavernous mouth.",https://raw.githubusercontent.com/PokeAPI/sprites/master/sprites/pokemon/317.png,0.389763779527559,0.3675675675675676,0.3183673469387755,0.3058252427184466,0.2739130434782608,0.2564102564102564
317,318,Carvanha,Water,Dark,45,90,20,65,20,65,305,0.8,20.8,61.0,"['rough-skin', 'speed-boost']",speed-boost,generation-3,,,False,red,fish,water2,sea,slow,225,35,Savage Pokémon,160,CARVANHA’s strongly developed jaws and its sharply pointed fangs pack the destructive power to rip out boat hulls. Many boats have been attacked and sunk by this POKéMON.,https://raw.githubusercontent.com/PokeAPI/sprites/master/sprites/pokemon/318.png,0.1732283464566929,0.4594594594594595,0.0612244897959183,0.2669902912621359,0.0,0.3076923076923077
318,319,Sharpedo,Water,Dark,70,120,40,95,40,95,460,1.8,88.8,161.0,"['rough-skin', 'speed-boost']",speed-boost,generation-3,,,False,blue,fish,water2,sea,slow,60,35,Brutal Pokémon,160,"Nicknamed “the bully of the sea,” SHARPEDO is widely feared. Its cruel fangs grow back immediately if they snap off. Just one of these POKéMON can thoroughly tear apart a supertanker.",https://raw.githubusercontent.com/PokeAPI/sprites/master/sprites/pokemon/319.png,0.2716535433070866,0.6216216216216216,0.1428571428571428,0.4126213592233009,0.0869565217391304,0.4615384615384615
319,320,Wailmer,Water,None,130,70,35,70,35,60,400,2.0,130.0,80.0,"['water-veil', 'oblivious', 'pressure']",pressure,generation-3,,,False,blue,fish,ground|water2,sea,fast-then-very-slow,125,70,Ball Whale Pokémon,161,WAILMER’s nostrils are located above its eyes. This playful POKéMON loves to startle people by forcefully snorting out seawater it stores inside its body out of its nostrils.,https://raw.githubusercontent.com/PokeAPI/sprites/master/sprites/pokemon/320.png,0.5078740157480315,0.3513513513513513,0.1224489795918367,0.2912621359223301,0.0652173913043478,0.282051282051282
320,321,Wailord,Water,None,170,90,45,90,45,60,500,14.5,398.0,175.0,"['water-veil', 'oblivious', 'pressure']",pressure,generation-3,,,False,blue,fish,ground|water2,sea,fast-then-very-slow,60,70,Float Whale Pokémon,161,"WAILORD is the largest of all identified POKéMON up to now. This giant POKéMON swims languorously in the vast open sea, eating massive amounts of food at once with its enormous mouth.",https://raw.githubusercontent.com/PokeAPI/sprites/master/sprites/pokemon/321.png,0.6653543307086615,0.4594594594594595,0.1632653061224489,0.3883495145631068,0.108695652173913,0.282051282051282
321,322,Numel,Fire,Ground,60,60,40,65,45,35,305,0.7,24.0,61.0,"['oblivious', 'simple', 'own-tempo']",own-tempo,generation-3,,,False,yellow,quadruped,ground,mountain,medium,255,70,Numb Pokémon,162,"NUMEL is extremely dull witted - it doesn’t notice being hit. However, it can’t stand hunger for even a second. This POKéMON’s body is a seething cauldron of boiling magma.",https://raw.githubusercontent.com/PokeAPI/sprites/master/sprites/pokemon/322.png,0.2322834645669291,0.2972972972972973,0.1428571428571428,0.2669902912621359,0.108695652173913,0.1538461538461538
322,323,Camerupt,Fire,Ground,70,100,70,105,75,40,460,1.9,220.0,161.0,"['magma-armor', 'solid-rock', 'anger-point']",anger-point,generation-3,,,False,red,quadruped,ground,mountain,medium,150,70,Eruption Pokémon,162,"CAMERUPT has a volcano inside its body. Magma of 18,000 degrees F courses through its body. Occasionally, the humps on this POKéMON’s back erupt, spewing the superheated magma.",https://raw.githubusercontent.com/PokeAPI/sprites/master/sprites/pokemon/323.png,0.2716535433070866,0.5135135135135135,0.2653061224489796,0.4611650485436893,0.2391304347826087,0.1794871794871795
323,324,Torkoal,Fire,None,70,85,140,85,70,20,470,0.5,80.4,165.0,"['white-smoke', 'drought', 'shell-armor']",shell-armor,generation-3,,,False,brown,quadruped,ground,mountain,medium,90,70,Coal Pokémon,163,You can tell how it’s feeling by the smoke spouting from its shell. Tremendous velocity is a sign of good health.,https://raw.githubusercontent.com/PokeAPI/sprites/master/sprites/pokemon/324.png,0.2716535433070866,0.4324324324324324,0.5510204081632653,0.3640776699029126,0.217391304347826,0.0769230769230769
324,325,Spoink,Psychic,None,60,25,35,70,80,60,330,0.7,30.6,66.0,"['thick-fat', 'own-tempo', 'gluttony']",gluttony,generation-3,,,False,black,arms,ground,mountain,fast,255,70,Bounce Pokémon,164,"SPOINK bounces around on its tail. The shock of its bouncing makes its heart pump. As a result, this POKéMON cannot afford to stop bouncing - if it stops, its heart will stop.",https://raw.githubusercontent.com/PokeAPI/sprites/master/sprites/pokemon/325.png,0.2322834645669291,0.1081081081081081,0.1224489795918367,0.2912621359223301,0.2608695652173913,0.282051282051282
325,326,Grumpig,Psychic,None,80,45,65,90,110,80,470,0.9,71.5,165.0,"['thick-fat', 'own-tempo', 'gluttony']",gluttony,generation-3,,,False,purple,upright,ground,mountain,fast,60,70,Manipulate Pokémon,164,"GRUMPIG uses the black pearls on its body to amplify its psychic power waves for gaining total control over its foe. When this POKéMON uses its special power, its snorting breath grows labored.",https://raw.githubusercontent.com/PokeAPI/sprites/master/sprites/pokemon/326.png,0.3110236220472441,0.2162162162162162,0.2448979591836734,0.3883495145631068,0.391304347826087,0.3846153846153846
326,327,Spinda,Normal,None,60,60,60,60,60,60,360,1.1,5.0,126.0,"['own-tempo', 'tangled-feet', 'contrary']",contrary,generation-3,,,False,brown,upright,ground|humanshape,mountain,fast,255,70,Spot Panda Pokémon,165,No two Spinda have the same pattern of spots. Its tottering step fouls the aim of foes.,https://raw.githubusercontent.com/PokeAPI/sprites/master/sprites/pokemon/327.png,0.2322834645669291,0.2972972972972973,0.2244897959183673,0.2427184466019417,0.1739130434782608,0.282051282051282
327,328,Trapinch,Ground,None,45,100,45,45,45,10,290,0.7,15.0,58.0,"['hyper-cutter', 'arena-trap', 'sheer-force']",sheer-force,generation-3,,,False,brown,armor,bug|dragon,rough-terrain,medium-slow,255,70,Ant Pit Pokémon,166,"TRAPINCH’s nest is a sloped, bowl-like pit dug in sand. This POKéMON patiently waits for prey to tumble down the pit. Its giant jaws have enough strength to crush even boulders.",https://raw.githubusercontent.com/PokeAPI/sprites/master/sprites/pokemon/328.png,0.1732283464566929,0.5135135135135135,0.1632653061224489,0.1699029126213592,0.108695652173913,0.0256410256410256
328,329,Vibrava,Ground,Dragon,50,70,50,50,50,70,340,1.1,15.3,119.0,['levitate'],,generation-3,,,False,green,bug-wings,bug|dragon,rough-terrain,medium-slow,120,70,Vibration Pokémon,166,"To make prey faint, VIBRAVA generates ultrasonic waves by vigorously making its two wings vibrate. This POKéMON’s ultrasonic waves are so powerful, they can bring on headaches in people.",https://raw.githubusercontent.com/PokeAPI/sprites/master/sprites/pokemon/329.png,0.1929133858267716,0.3513513513513513,0.1836734693877551,0.1941747572815534,0.1304347826086956,0.3333333333333333
329,330,Flygon,Ground,Dragon,80,100,80,80,80,100,520,2.0,82.0,234.0,['levitate'],,generation-3,,,False,green,wings,bug|dragon,rough-terrain,medium-slow,45,70,Mystic Pokémon,166,"FLYGON is nicknamed “the elemental  spirit of the desert.” Because its flapping wings whip up a cloud of sand, this POKéMON is always enveloped in a sandstorm while flying.",https://raw.githubusercontent.com/PokeAPI/sprites/master/sprites/pokemon/330.png,0.3110236220472441,0.5135135135135135,0.3061224489795918,0.3398058252427184,0.2608695652173913,0.4871794871794871
330,331,Cacnea,Grass,None,50,85,40,85,40,35,335,0.4,51.3,67.0,"['sand-veil', 'water-absorb']",water-absorb,generation-3,,,False,green,humanoid,plant|humanshape,rough-terrain,medium-slow,190,35,Cactus Pokémon,167,"CACNEA lives in arid locations such as deserts. It releases a strong aroma from its flower to attract prey. When prey comes near, this POKéMON shoots sharp thorns from its body to bring the victim down.",https://raw.githubusercontent.com/PokeAPI/sprites/master/sprites/pokemon/331.png,0.1929133858267716,0.4324324324324324,0.1428571428571428,0.3640776699029126,0.0869565217391304,0.1538461538461538
331,332,Cacturne,Grass,Dark,70,115,60,115,60,55,475,1.3,77.4,166.0,"['sand-veil', 'water-absorb']",water-absorb,generation-3,,,False,green,humanoid,plant|humanshape,rough-terrain,medium-slow,60,35,Scarecrow Pokémon,167,"During the daytime, CACTURNE remains unmoving so that it does not lose any moisture to the harsh desert sun. This POKéMON becomes active at night when the temperature drops.",https://raw.githubusercontent.com/PokeAPI/sprites/master/sprites/pokemon/332.png,0.2716535433070866,0.5945945945945946,0.2244897959183673,0.5097087378640777,0.1739130434782608,0.2564102564102564
332,333,Swablu,Normal,Flying,45,40,60,40,75,50,310,0.4,1.2,62.0,"['natural-cure', 'cloud-nine']",cloud-nine,generation-3,,,False,blue,wings,flying|dragon,forest,slow-then-very-fast,255,70,Cotton Bird Pokémon,168,SWABLU has light and fluffy wings that are like cottony clouds. This POKéMON is not frightened of people. It lands on the heads of people and sits there like a cotton-fluff hat.,https://raw.githubusercontent.com/PokeAPI/sprites/master/sprites/pokemon/333.png,0.1732283464566929,0.1891891891891892,0.2244897959183673,0.145631067961165,0.2391304347826087,0.2307692307692307
333,334,Altaria,Dragon,Flying,75,70,90,70,105,80,490,1.1,20.6,172.0,"['natural-cure', 'cloud-nine']",cloud-nine,generation-3,,,False,blue,wings,flying|dragon,forest,slow-then-very-fast,45,70,Humming Pokémon,168,"ALTARIA dances and wheels through the sky among billowing, cotton-like clouds. By singing melodies in its crystal-clear voice, this POKéMON makes its listeners experience dreamy wonderment.",https://raw.githubusercontent.com/PokeAPI/sprites/master/sprites/pokemon/334.png,0.2913385826771653,0.3513513513513513,0.3469387755102041,0.2912621359223301,0.3695652173913043,0.3846153846153846
334,335,Zangoose,Normal,None,73,115,60,60,60,90,458,1.3,40.3,160.0,"['immunity', 'toxic-boost']",toxic-boost,generation-3,,,False,white,upright,ground,grassland,slow-then-very-fast,90,70,Cat Ferret Pokémon,169,Memories of battling its arch-rival SEVIPER are etched into every cell of ZANGOOSE’s body. This POKéMON adroitly dodges attacks with incredible agility.,https://raw.githubusercontent.com/PokeAPI/sprites/master/sprites/pokemon/335.png,0.2834645669291338,0.5945945945945946,0.2244897959183673,0.2427184466019417,0.1739130434782608,0.4358974358974359
335,336,Seviper,Poison,None,73,100,60,100,60,65,458,2.7,52.5,160.0,"['shed-skin', 'infiltrator']",infiltrator,generation-3,,,False,black,squiggle,ground|dragon,grassland,fast-then-very-slow,90,70,Fang Snake Pokémon,170,SEVIPER shares a generations-long feud with ZANGOOSE. The scars on its body are evidence of vicious battles. This POKéMON attacks using its sword- edged tail.,https://raw.githubusercontent.com/PokeAPI/sprites/master/sprites/pokemon/336.png,0.2834645669291338,0.5135135135135135,0.2244897959183673,0.4368932038834951,0.1739130434782608,0.3076923076923077
336,337,Lunatone,Rock,Psychic,90,55,65,95,85,70,460,1.0,168.0,161.0,['levitate'],,generation-3,,,False,yellow,ball,mineral,cave,fast,45,70,Meteorite Pokémon,171,"LUNATONE was discovered at a location where a meteorite fell. As a result, some people theorize that this POKéMON came from space. However, no one has been able to prove this theory so far.",https://raw.githubusercontent.com/PokeAPI/sprites/master/sprites/pokemon/337.png,0.3503937007874015,0.2702702702702703,0.2448979591836734,0.4126213592233009,0.2826086956521739,0.3333333333333333
337,338,Solrock,Rock,Psychic,90,95,85,55,65,70,460,1.2,154.0,161.0,['levitate'],,generation-3,,,False,red,ball,mineral,cave,fast,45,70,Meteorite Pokémon,172,"Solar energy is the source of its power, so it is strong during the daytime. When it spins, its body shines.",https://raw.githubusercontent.com/PokeAPI/sprites/master/sprites/pokemon/338.png,0.3503937007874015,0.4864864864864865,0.3265306122448979,0.2184466019417475,0.1956521739130435,0.3333333333333333
338,339,Barboach,Water,Ground,50,48,43,46,41,60,288,0.4,1.9,58.0,"['oblivious', 'anticipation', 'hydration']",hydration,generation-3,,,False,gray,fish,water2,waters-edge,medium,190,70,Whiskers Pokémon,173,"BARBOACH’s sensitive whiskers serve as a superb radar system. This POKéMON hides in mud, leaving only its two whiskers exposed while it waits for prey to come along.",https://raw.githubusercontent.com/PokeAPI/sprites/master/sprites/pokemon/339.png,0.1929133858267716,0.2324324324324324,0.1551020408163265,0.174757281553398,0.0913043478260869,0.282051282051282
339,340,Whiscash,Water,Ground,110,78,73,76,71,60,468,0.9,23.6,164.0,"['oblivious', 'anticipation', 'hydration']",hydration,generation-3,,,False,blue,fish,water2,waters-edge,medium,75,70,Whiskers Pokémon,173,"WHISCASH is extremely territorial. Just one of these POKéMON will claim a large pond as its exclusive territory. If a foe approaches it, it thrashes about and triggers a massive earthquake.",https://raw.githubusercontent.com/PokeAPI/sprites/master/sprites/pokemon/340.png,0.4291338582677165,0.3945945945945946,0.2775510204081632,0.3203883495145631,0.2217391304347826,0.282051282051282
340,341,Corphish,Water,None,43,80,65,50,35,35,308,0.6,11.5,62.0,"['hyper-cutter', 'shell-armor', 'adaptability']",adaptability,generation-3,,,False,red,armor,water1|water3,waters-edge,fast-then-very-slow,205,70,Ruffian Pokémon,174,Its hardy vitality enables it to adapt to any environment. Its pincers will never release prey.,https://raw.githubusercontent.com/PokeAPI/sprites/master/sprites/pokemon/341.png,0.1653543307086614,0.4054054054054054,0.2448979591836734,0.1941747572815534,0.0652173913043478,0.1538461538461538
341,342,Crawdaunt,Water,Dark,63,120,85,90,55,55,468,1.1,32.8,164.0,"['hyper-cutter', 'shell-armor', 'adaptability']",adaptability,generation-3,,,False,red,armor,water1|water3,waters-edge,fast-then-very-slow,155,70,Rogue Pokémon,174,"CRAWDAUNT has an extremely violent nature that compels it to challenge other living things to battle. Other life-forms refuse to live in ponds inhabited by this POKéMON, making them desolate places.",https://raw.githubusercontent.com/PokeAPI/sprites/master/sprites/pokemon/342.png,0.2440944881889764,0.6216216216216216,0.3265306122448979,0.3883495145631068,0.1521739130434782,0.2564102564102564
342,343,Baltoy,Ground,Psychic,40,40,55,40,70,55,300,0.5,21.5,60.0,['levitate'],,generation-3,,,False,brown,arms,mineral,rough-terrain,medium,255,70,Clay Doll Pokémon,175,BALTOY moves while spinning around on its one foot. Primitive wall paintings depicting this POKéMON living among people were discovered in some ancient ruins.,https://raw.githubusercontent.com/PokeAPI/sprites/master/sprites/pokemon/343.png,0.1535433070866141,0.1891891891891892,0.2040816326530612,0.145631067961165,0.217391304347826,0.2564102564102564
343,344,Claydol,Ground,Psychic,60,70,105,70,120,75,500,1.5,108.0,175.0,['levitate'],,generation-3,,,False,black,arms,mineral,rough-terrain,medium,90,70,Clay Doll Pokémon,175,CLAYDOL are said to be dolls of mud made by primitive humans and brought to life by exposure to a mysterious ray. This POKéMON moves about while levitating.,https://raw.githubusercontent.com/PokeAPI/sprites/master/sprites/pokemon/344.png,0.2322834645669291,0.3513513513513513,0.4081632653061224,0.2912621359223301,0.4347826086956521,0.358974358974359
344,345,Lileep,Rock,Grass,66,41,77,61,87,23,355,1.0,23.8,71.0,"['suction-cups', 'storm-drain']",storm-drain,generation-3,,,False,purple,blob,water3,sea,slow-then-very-fast,45,70,Sea Lily Pokémon,176,LILEEP became extinct approximately a hundred million years ago. This ancient POKéMON attaches itself to a rock on the seafloor and catches approaching prey using tentacles  shaped like flower petals.,https://raw.githubusercontent.com/PokeAPI/sprites/master/sprites/pokemon/345.png,0.2559055118110236,0.1945945945945946,0.2938775510204082,0.2475728155339805,0.2913043478260869,0.0923076923076923
345,346,Cradily,Rock,Grass,86,81,97,81,107,43,495,1.5,60.4,173.0,"['suction-cups', 'storm-drain']",storm-drain,generation-3,,,False,green,blob,water3,sea,slow-then-very-fast,45,70,Barnacle Pokémon,176,CRADILY roams around the ocean floor in search of food. This POKéMON freely extends its tree trunk-like neck and captures unwary prey using its eight tentacles.,https://raw.githubusercontent.com/PokeAPI/sprites/master/sprites/pokemon/346.png,0.3346456692913386,0.4108108108108108,0.3755102040816326,0.3446601941747573,0.3782608695652174,0.1948717948717948
346,347,Anorith,Rock,Bug,45,95,50,40,50,75,355,0.7,12.5,71.0,"['battle-armor', 'swift-swim']",swift-swim,generation-3,,,False,gray,armor,water3,waters-edge,slow-then-very-fast,45,70,Old Shrimp Pokémon,177,ANORITH was regenerated from a prehistoric fossil. This primitive POKéMON once lived in warm seas. It grips its prey firmly between its two large claws.,https://raw.githubusercontent.com/PokeAPI/sprites/master/sprites/pokemon/347.png,0.1732283464566929,0.4864864864864865,0.1836734693877551,0.145631067961165,0.1304347826086956,0.358974358974359
347,348,Armaldo,Rock,Bug,75,125,100,70,80,45,495,1.5,68.2,173.0,"['battle-armor', 'swift-swim']",swift-swim,generation-3,,,False,gray,upright,water3,waters-edge,slow-then-very-fast,45,70,Plate Pokémon,177,ARMALDO’s tough armor makes all attacks bounce off. This POKéMON’s two enormous claws can be freely extended or contracted. They have the power to punch right through a steel slab.,https://raw.githubusercontent.com/PokeAPI/sprites/master/sprites/pokemon/348.png,0.2913385826771653,0.6486486486486487,0.3877551020408163,0.2912621359223301,0.2608695652173913,0.2051282051282051
348,349,Feebas,Water,None,20,15,20,10,55,80,200,0.6,7.4,40.0,"['swift-swim', 'oblivious', 'adaptability']",adaptability,generation-3,,,False,brown,fish,water1|dragon,waters-edge,slow-then-very-fast,255,70,Fish Pokémon,178,"FEEBAS’s fins are ragged and tattered from the start of its life. Because of its shoddy appearance, this POKéMON is largely ignored. It is capable of living in both the sea and in rivers.",https://raw.githubusercontent.com/PokeAPI/sprites/master/sprites/pokemon/349.png,0.0748031496062992,0.054054054054054,0.0612244897959183,0.0,0.1521739130434782,0.3846153846153846
349,350,Milotic,Water,None,95,60,79,100,125,81,540,6.2,162.0,189.0,"['marvel-scale', 'competitive', 'cute-charm']",cute-charm,generation-3,,,False,pink,squiggle,water1|dragon,waters-edge,slow-then-very-fast,60,70,Tender Pokémon,178,Its lovely scales are described as rainbow colored. They change color depending on the viewing angle.,https://raw.githubusercontent.com/PokeAPI/sprites/master/sprites/pokemon/350.png,0.3700787401574803,0.2972972972972973,0.3020408163265306,0.4368932038834951,0.4565217391304347,0.3897435897435897
350,351,Castform,Normal,None,70,70,70,70,70,70,420,0.3,0.8,147.0,['forecast'],,generation-3,,,False,gray,ball,fairy|indeterminate,grassland,medium,45,70,Weather Pokémon,179,CASTFORM’s appearance changes with the weather. This POKéMON gained the ability to use the vast power of nature to protect its tiny body.,https://raw.githubusercontent.com/PokeAPI/sprites/master/sprites/pokemon/351.png,0.2716535433070866,0.3513513513513513,0.2653061224489796,0.2912621359223301,0.217391304347826,0.3333333333333333
351,352,Kecleon,Normal,None,60,90,70,60,120,40,440,1.0,22.0,154.0,"['color-change', 'protean']",protean,generation-3,,,False,green,upright,ground,forest,medium-slow,200,70,Color Swap Pokémon,180,It changes body color to blend in with its surroundings. It also changes color if it is happy or sad.,https://raw.githubusercontent.com/PokeAPI/sprites/master/sprites/pokemon/352.png,0.2322834645669291,0.4594594594594595,0.2653061224489796,0.2427184466019417,0.4347826086956521,0.1794871794871795
352,353,Shuppet,Ghost,None,44,75,35,63,33,45,295,0.6,2.3,59.0,"['insomnia', 'frisk', 'cursed-body']",cursed-body,generation-3,,,False,black,ball,indeterminate,urban,fast,225,35,Puppet Pokémon,181,"SHUPPET is attracted by feelings of jealousy and vindictiveness. If someone develops strong feelings of vengeance, this POKéMON will appear in a swarm and line up beneath the eaves of that person’s home.",https://raw.githubusercontent.com/PokeAPI/sprites/master/sprites/pokemon/353.png,0.1692913385826771,0.3783783783783784,0.1224489795918367,0.2572815533980582,0.0565217391304347,0.2051282051282051
353,354,Banette,Ghost,None,64,115,65,83,63,65,455,1.1,12.5,159.0,"['insomnia', 'frisk', 'cursed-body']",cursed-body,generation-3,,,False,black,upright,indeterminate,urban,fast,45,35,Marionette Pokémon,181,BANETTE generates energy for laying strong curses by sticking pins into its own body. This POKéMON was originally a pitiful plush doll that was thrown away.,https://raw.githubusercontent.com/PokeAPI/sprites/master/sprites/pokemon/354.png,0.2480314960629921,0.5945945945945946,0.2448979591836734,0.3543689320388349,0.1869565217391304,0.3076923076923077
354,355,Duskull,Ghost,None,20,40,90,30,90,25,295,0.8,15.0,59.0,"['levitate', 'frisk']",frisk,generation-3,,,False,black,arms,indeterminate,forest,fast,190,35,Requiem Pokémon,182,"DUSKULL can pass through any wall no matter how thick it may be. Once this POKéMON chooses a target, it will doggedly pursue the intended victim until the break of dawn.",https://raw.githubusercontent.com/PokeAPI/sprites/master/sprites/pokemon/355.png,0.0748031496062992,0.1891891891891892,0.3469387755102041,0.0970873786407767,0.3043478260869565,0.1025641025641025
355,356,Dusclops,Ghost,None,40,70,130,60,130,25,455,1.6,30.6,159.0,"['pressure', 'frisk']",frisk,generation-3,,,False,black,humanoid,indeterminate,forest,fast,90,35,Beckon Pokémon,182,"DUSCLOPS’s body is completely hollow - there is nothing at all inside. It is said that its body is like a black hole. This POKéMON will absorb anything into its body, but nothing will ever come back out.",https://raw.githubusercontent.com/PokeAPI/sprites/master/sprites/pokemon/356.png,0.1535433070866141,0.3513513513513513,0.5102040816326531,0.2427184466019417,0.4782608695652174,0.1025641025641025
356,357,Tropius,Grass,Flying,99,68,83,72,87,51,460,2.0,100.0,161.0,"['chlorophyll', 'solar-power', 'harvest']",harvest,generation-3,,,False,green,quadruped,monster|plant,forest,slow,200,70,Fruit Pokémon,183,"The bunches of fruit around TROPIUS’s neck are very popular with children. This POKéMON loves fruit, and eats it continuously. Apparently, its love for fruit resulted in its own outgrowth of fruit.",https://raw.githubusercontent.com/PokeAPI/sprites/master/sprites/pokemon/357.png,0.3858267716535433,0.3405405405405405,0.3183673469387755,0.3009708737864077,0.2913043478260869,0.2358974358974359
357,358,Chimecho,Psychic,None,75,50,80,95,90,65,455,0.6,1.0,159.0,['levitate'],,generation-3,,,False,blue,arms,indeterminate,grassland,fast,45,70,Wind Chime Pokémon,184,"CHIMECHO makes its cries echo inside its hollow body. When this POKéMON becomes enraged, its cries result in ultrasonic waves that have the power to knock foes flying.",https://raw.githubusercontent.com/PokeAPI/sprites/master/sprites/pokemon/358.png,0.2913385826771653,0.2432432432432432,0.3061224489795918,0.4126213592233009,0.3043478260869565,0.3076923076923077
358,359,Absol,Dark,None,65,130,60,75,60,75,465,1.2,47.0,163.0,"['pressure', 'super-luck', 'justified']",justified,generation-3,,,False,white,quadruped,ground,mountain,medium-slow,30,35,Disaster Pokémon,185,"Every time ABSOL appears before people, it is followed by a disaster such as an earthquake or a tidal wave. As a result, it came to be known as the disaster POKéMON.",https://raw.githubusercontent.com/PokeAPI/sprites/master/sprites/pokemon/359.png,0.2519685039370078,0.6756756756756757,0.2244897959183673,0.3155339805825243,0.1739130434782608,0.358974358974359
359,360,Wynaut,Psychic,None,95,23,48,23,48,23,260,0.6,14.0,52.0,"['shadow-tag', 'telepathy']",telepathy,generation-3,,,True,blue,upright,no-eggs,cave,medium,125,70,Bright Pokémon,100,"WYNAUT can always be seen with a big, happy smile on its face. Look at its tail to determine if it is angry. When angered, this POKéMON will be slapping the ground with its tail.",https://raw.githubusercontent.com/PokeAPI/sprites/master/sprites/pokemon/360.png,0.3700787401574803,0.0972972972972973,0.1755102040816326,0.0631067961165048,0.1217391304347826,0.0923076923076923
360,361,Snorunt,Ice,None,50,50,50,50,50,50,300,0.7,16.8,60.0,"['inner-focus', 'ice-body', 'moody']",moody,generation-3,,,False,gray,humanoid,fairy|mineral,cave,medium,190,70,Snow Hat Pokémon,186,"SNORUNT live in regions with heavy snowfall. In seasons without snow, such as spring and summer, this POKéMON steals away to live quietly among stalactites and stalagmites deep in caverns.",https://raw.githubusercontent.com/PokeAPI/sprites/master/sprites/pokemon/361.png,0.1929133858267716,0.2432432432432432,0.1836734693877551,0.1941747572815534,0.1304347826086956,0.2307692307692307
361,362,Glalie,Ice,None,80,80,80,80,80,80,480,1.5,256.5,168.0,"['inner-focus', 'ice-body', 'moody']",moody,generation-3,,,False,gray,ball,fairy|mineral,cave,medium,75,70,Face Pokémon,186,"GLALIE has a body made of rock, which it hardens with an armor of ice. This POKéMON has the ability to freeze moisture in the atmosphere into any shape it desires.",https://raw.githubusercontent.com/PokeAPI/sprites/master/sprites/pokemon/362.png,0.3110236220472441,0.4054054054054054,0.3061224489795918,0.3398058252427184,0.2608695652173913,0.3846153846153846
362,363,Spheal,Ice,Water,70,40,50,55,50,25,290,0.8,39.5,58.0,"['thick-fat', 'ice-body', 'oblivious']",oblivious,generation-3,,,False,blue,fish,water1|ground,sea,medium-slow,255,70,Clap Pokémon,187,"SPHEAL is much faster rolling than  walking to get around. When groups of this POKéMON eat, they all clap at once to show their pleasure. Because of this, their mealtimes are noisy.",https://raw.githubusercontent.com/PokeAPI/sprites/master/sprites/pokemon/363.png,0.2716535433070866,0.1891891891891892,0.1836734693877551,0.2184466019417475,0.1304347826086956,0.1025641025641025
363,364,Sealeo,Ice,Water,90,60,70,75,70,45,410,1.1,87.6,144.0,"['thick-fat', 'ice-body', 'oblivious']",oblivious,generation-3,,,False,blue,fish,water1|ground,sea,medium-slow,120,70,Ball Roll Pokémon,187,SEALEO has the habit of always juggling on the tip of its nose anything it sees for the first time. This POKéMON occasionally entertains itself by balancing and rolling a SPHEAL on its nose.,https://raw.githubusercontent.com/PokeAPI/sprites/master/sprites/pokemon/364.png,0.3503937007874015,0.2972972972972973,0.2653061224489796,0.3155339805825243,0.217391304347826,0.2051282051282051
364,365,Walrein,Ice,Water,110,80,90,95,90,65,530,1.4,150.6,239.0,"['thick-fat', 'ice-body', 'oblivious']",oblivious,generation-3,,,False,blue,quadruped,water1|ground,sea,medium-slow,45,70,Ice Break Pokémon,187,It swims through icy seas while shattering ice floes with its large tusks. It is protected by its thick blubber.,https://raw.githubusercontent.com/PokeAPI/sprites/master/sprites/pokemon/365.png,0.4291338582677165,0.4054054054054054,0.3469387755102041,0.4126213592233009,0.3043478260869565,0.3076923076923077
365,366,Clamperl,Water,None,35,64,85,74,55,32,345,0.4,52.5,69.0,"['shell-armor', 'rattled']",rattled,generation-3,,,False,blue,ball,water1,sea,slow-then-very-fast,255,70,Bivalve Pokémon,188,CLAMPERL’s sturdy shell is not only good for protection - it is also used for clamping and catching prey. A fully grown CLAMPERL’s shell will be scored with nicks and scratches all over.,https://raw.githubusercontent.com/PokeAPI/sprites/master/sprites/pokemon/366.png,0.1338582677165354,0.3189189189189189,0.3265306122448979,0.3106796116504854,0.1521739130434782,0.1384615384615384
366,367,Huntail,Water,None,55,104,105,94,75,52,485,1.7,27.0,170.0,"['swift-swim', 'water-veil']",water-veil,generation-3,,,False,blue,squiggle,water1,sea,slow-then-very-fast,60,70,Deep Sea Pokémon,188,HUNTAIL’s presence went unnoticed by people for a long time because it lives at extreme depths in the sea. This POKéMON’s eyes can see clearly even in the murky dark depths of the ocean.,https://raw.githubusercontent.com/PokeAPI/sprites/master/sprites/pokemon/367.png,0.2125984251968504,0.5351351351351351,0.4081632653061224,0.4077669902912621,0.2391304347826087,0.241025641025641
367,368,Gorebyss,Water,None,55,84,105,114,75,52,485,1.8,22.6,170.0,"['swift-swim', 'hydration']",hydration,generation-3,,,False,pink,squiggle,water1,sea,slow-then-very-fast,60,70,South Sea Pokémon,188,"GOREBYSS lives in the southern seas at extreme depths. Its body is built to withstand the enormous pressure of water at incredible depths. Because of this, this POKéMON’s body is unharmed by ordinary attacks.",https://raw.githubusercontent.com/PokeAPI/sprites/master/sprites/pokemon/368.png,0.2125984251968504,0.427027027027027,0.4081632653061224,0.5048543689320388,0.2391304347826087,0.241025641025641
368,369,Relicanth,Water,Rock,100,90,130,45,65,55,485,1.0,23.4,170.0,"['swift-swim', 'rock-head', 'sturdy']",sturdy,generation-3,,,False,gray,fish,water1|water2,sea,slow,25,70,Longevity Pokémon,189,RELICANTH is a POKéMON species that existed for a hundred million years without ever changing its form. This ancient POKéMON feeds on microscopic organisms with its toothless mouth.,https://raw.githubusercontent.com/PokeAPI/sprites/master/sprites/pokemon/369.png,0.389763779527559,0.4594594594594595,0.5102040816326531,0.1699029126213592,0.1956521739130435,0.2564102564102564
369,370,Luvdisc,Water,None,43,30,55,40,65,97,330,0.6,8.7,116.0,"['swift-swim', 'hydration']",hydration,generation-3,,,False,pink,fish,water2,sea,fast,225,70,Rendezvous Pokémon,190,LUVDISC live in shallow seas in the tropics. This heart-shaped POKéMON earned its name by swimming after loving couples it spotted in the ocean’s waves.,https://raw.githubusercontent.com/PokeAPI/sprites/master/sprites/pokemon/370.png,0.1653543307086614,0.1351351351351351,0.2040816326530612,0.145631067961165,0.1956521739130435,0.4717948717948718
370,371,Bagon,Dragon,None,45,75,60,40,30,50,300,0.6,42.1,60.0,"['rock-head', 'sheer-force']",sheer-force,generation-3,,,False,blue,humanoid,dragon,rough-terrain,slow,45,35,Rock Head Pokémon,191,"Dreaming of one day flying, it practices by leaping off cliffs every day.",https://raw.githubusercontent.com/PokeAPI/sprites/master/sprites/pokemon/371.png,0.1732283464566929,0.3783783783783784,0.2244897959183673,0.145631067961165,0.0434782608695652,0.2307692307692307
371,372,Shelgon,Dragon,None,65,95,100,60,50,50,420,1.1,110.5,147.0,"['rock-head', 'overcoat']",overcoat,generation-3,,,False,white,quadruped,dragon,rough-terrain,slow,45,35,Endurance Pokémon,191,"Inside SHELGON’s armor-like shell, cells are in the midst of transformation to create an entirely new body. This POKéMON’s shell is extremely heavy, making its movements sluggish.",https://raw.githubusercontent.com/PokeAPI/sprites/master/sprites/pokemon/372.png,0.2519685039370078,0.4864864864864865,0.3877551020408163,0.2427184466019417,0.1304347826086956,0.2307692307692307
372,373,Salamence,Dragon,Flying,95,135,80,110,80,100,600,1.5,102.6,270.0,"['intimidate', 'moxie']",moxie,generation-3,,,False,blue,quadruped,dragon,rough-terrain,slow,45,35,Dragon Pokémon,191,"SALAMENCE came about as a result of a strong, long-held dream of growing wings. It is said that this powerful desire triggered a sudden mutation in this POKéMON’s cells, causing it to sprout its magnificent wings.",https://raw.githubusercontent.com/PokeAPI/sprites/master/sprites/pokemon/373.png,0.3700787401574803,0.7027027027027027,0.3061224489795918,0.4854368932038835,0.2608695652173913,0.4871794871794871
373,374,Beldum,Steel,Psychic,40,55,80,35,60,30,300,0.6,95.2,60.0,"['clear-body', 'light-metal']",light-metal,generation-3,,,False,blue,blob,mineral,rough-terrain,slow,3,35,Iron Ball Pokémon,192,"Instead of blood, a powerful magnetic force courses throughout BELDUM’s body. This POKéMON communicates with others by sending controlled pulses of magnetism.",https://raw.githubusercontent.com/PokeAPI/sprites/master/sprites/pokemon/374.png,0.1535433070866141,0.2702702702702703,0.3061224489795918,0.1213592233009708,0.1739130434782608,0.1282051282051282
374,375,Metang,Steel,Psychic,60,75,100,55,80,50,420,1.2,202.5,147.0,"['clear-body', 'light-metal']",light-metal,generation-3,,,False,blue,arms,mineral,rough-terrain,slow,3,35,Iron Claw Pokémon,192,"When two BELDUM fuse together, METANG is formed. The brains of the BELDUM are joined by a magnetic nervous system. By linking its brains magnetically, this POKéMON generates strong psychokinetic power.",https://raw.githubusercontent.com/PokeAPI/sprites/master/sprites/pokemon/375.png,0.2322834645669291,0.3783783783783784,0.3877551020408163,0.2184466019417475,0.2608695652173913,0.2307692307692307
375,376,Metagross,Steel,Psychic,80,135,130,95,90,70,600,1.6,550.0,270.0,"['clear-body', 'light-metal']",light-metal,generation-3,,,False,blue,heads,mineral,rough-terrain,slow,3,35,Iron Leg Pokémon,192,"METAGROSS has four brains in total. Combined, the four brains can breeze through difficult calculations faster than a supercomputer. This POKéMON can float in the air by tucking in its four legs.",https://raw.githubusercontent.com/PokeAPI/sprites/master/sprites/pokemon/376.png,0.3110236220472441,0.7027027027027027,0.5102040816326531,0.4126213592233009,0.3043478260869565,0.3333333333333333
376,377,Regirock,Rock,None,80,100,200,50,100,50,580,1.7,230.0,261.0,"['clear-body', 'sturdy']",sturdy,generation-3,,,False,brown,humanoid,no-eggs,cave,slow,3,35,Rock Peak Pokémon,193,"Its entire body is made of rock. If any part chips off in battle, it attaches rocks to repair itself.",https://raw.githubusercontent.com/PokeAPI/sprites/master/sprites/pokemon/377.png,0.3110236220472441,0.5135135135135135,0.7959183673469388,0.1941747572815534,0.3478260869565217,0.2307692307692307
377,378,Regice,Ice,None,80,50,100,100,200,50,580,1.8,175.0,261.0,"['clear-body', 'ice-body']",ice-body,generation-3,,,False,blue,humanoid,no-eggs,cave,slow,3,35,Iceberg Pokémon,194,"REGICE’s body was made during an ice age. The deep-frozen body can’t be melted, even by fire. This POKéMON controls frigid air of minus 328 degrees F.",https://raw.githubusercontent.com/PokeAPI/sprites/master/sprites/pokemon/378.png,0.3110236220472441,0.2432432432432432,0.3877551020408163,0.4368932038834951,0.782608695652174,0.2307692307692307
378,379,Registeel,Steel,None,80,75,150,75,150,50,580,1.9,205.0,261.0,"['clear-body', 'light-metal']",light-metal,generation-3,,,False,gray,humanoid,no-eggs,cave,slow,3,35,Iron Pokémon,195,REGISTEEL has a body that is harder than any kind of metal. Its body is apparently hollow. No one has any idea what this POKéMON eats.,https://raw.githubusercontent.com/PokeAPI/sprites/master/sprites/pokemon/379.png,0.3110236220472441,0.3783783783783784,0.5918367346938775,0.3155339805825243,0.5652173913043478,0.2307692307692307
379,380,Latias,Dragon,Psychic,80,80,90,110,130,110,600,1.4,40.0,270.0,['levitate'],,generation-3,,,False,red,wings,no-eggs,waters-edge,slow,3,90,Eon Pokémon,196,"LATIAS is highly sensitive to the emotions of people. If it senses any hostility, this POKéMON ruffles the feathers all over its body and cries shrilly to intimidate the foe.",https://raw.githubusercontent.com/PokeAPI/sprites/master/sprites/pokemon/380.png,0.3110236220472441,0.4054054054054054,0.3469387755102041,0.4854368932038835,0.4782608695652174,0.5384615384615384
380,381,Latios,Dragon,Psychic,80,90,80,130,110,110,600,2.0,60.0,270.0,['levitate'],,generation-3,,,False,blue,wings,no-eggs,waters-edge,slow,3,90,Eon Pokémon,197,LATIOS has the ability to make its foe see an image of what it has seen or imagines in its head. This POKéMON is intelligent and understands human speech.,https://raw.githubusercontent.com/PokeAPI/sprites/master/sprites/pokemon/381.png,0.3110236220472441,0.4594594594594595,0.3061224489795918,0.5825242718446602,0.391304347826087,0.5384615384615384
381,382,Kyogre,Water,None,100,100,90,150,140,90,670,4.5,352.0,302.0,['drizzle'],,generation-3,,,False,blue,fish,no-eggs,sea,slow,3,0,Sea Basin Pokémon,198,KYOGRE has the power to create massive rain clouds that cover the entire sky and bring about torrential downpours. This POKéMON saved people who were suffering from droughts.,https://raw.githubusercontent.com/PokeAPI/sprites/master/sprites/pokemon/382.png,0.389763779527559,0.5135135135135135,0.3469387755102041,0.6796116504854369,0.5217391304347826,0.4358974358974359
382,383,Groudon,Ground,None,100,150,140,100,90,90,670,3.5,950.0,302.0,['drought'],,generation-3,,,False,red,upright,no-eggs,rough-terrain,slow,3,0,Continent Pokémon,199,GROUDON has long been described in  mythology as the POKéMON that raised lands and expanded continents. This POKéMON took to sleep after a cataclysmic battle with KYOGRE.,https://raw.githubusercontent.com/PokeAPI/sprites/master/sprites/pokemon/383.png,0.389763779527559,0.7837837837837838,0.5510204081632653,0.4368932038834951,0.3043478260869565,0.4358974358974359
383,384,Rayquaza,Dragon,Flying,105,150,90,150,90,95,680,7.0,206.5,306.0,['air-lock'],,generation-3,,,False,green,squiggle,no-eggs,rare,slow,45,0,Sky High Pokémon,200,"RAYQUAZA lived for hundreds of millions of years in the earth’s ozone layer,  never descending to the ground. This POKéMON appears to feed on water and particles in the atmosphere.",https://raw.githubusercontent.com/PokeAPI/sprites/master/sprites/pokemon/384.png,0.4094488188976378,0.7837837837837838,0.3469387755102041,0.6796116504854369,0.3043478260869565,0.4615384615384615
384,385,Jirachi,Steel,Psychic,100,100,100,100,100,100,600,0.3,1.1,270.0,['serene-grace'],,generation-3,,,False,yellow,humanoid,no-eggs,mountain,slow,3,100,Wish Pokémon,201,"A legend states that JIRACHI will make true any wish that is written on notes attached to its head when it awakens. If this POKéMON senses danger, it will fight without awakening.",https://raw.githubusercontent.com/PokeAPI/sprites/master/sprites/pokemon/385.png,0.389763779527559,0.5135135135135135,0.3877551020408163,0.4368932038834951,0.3478260869565217,0.4871794871794871
385,386,Deoxys-Normal,Psychic,None,50,150,50,150,50,150,600,1.7,60.8,270.0,['pressure'],,generation-3,,,False,red,humanoid,no-eggs,rare,slow,3,0,DNA Pokémon,202,The DNA of a space virus underwent a sudden mutation upon exposure to a laser beam and resulted in DEOXYS. The crystalline organ on this POKéMON’s chest appears to be its brain.,https://raw.githubusercontent.com/PokeAPI/sprites/master/sprites/pokemon/386.png,0.1929133858267716,0.7837837837837838,0.1836734693877551,0.6796116504854369,0.1304347826086956,0.7435897435897436
386,387,Turtwig,Grass,None,55,68,64,45,55,31,318,0.4,10.2,64.0,"['overgrow', 'shell-armor']",shell-armor,generation-4,,,False,green,quadruped,monster|plant,,medium-slow,45,70,Tiny Leaf Pokémon,203,"Made from soil, the shell on its back hardens when it drinks water. It lives along lakes.",https://raw.githubusercontent.com/PokeAPI/sprites/master/sprites/pokemon/387.png,0.2125984251968504,0.3405405405405405,0.2408163265306122,0.1699029126213592,0.1521739130434782,0.1333333333333333
387,388,Grotle,Grass,None,75,89,85,55,65,36,405,1.1,97.0,142.0,"['overgrow', 'shell-armor']",shell-armor,generation-4,,,False,green,quadruped,monster|plant,,medium-slow,45,70,Grove Pokémon,203,It knows where pure water wells up. It carries fellow Pokémon there on its back.,https://raw.githubusercontent.com/PokeAPI/sprites/master/sprites/pokemon/388.png,0.2913385826771653,0.4540540540540541,0.3265306122448979,0.2184466019417475,0.1956521739130435,0.1589743589743589
388,389,Torterra,Grass,Ground,95,109,105,75,85,56,525,2.2,310.0,236.0,"['overgrow', 'shell-armor']",shell-armor,generation-4,,,False,green,quadruped,monster|plant,,medium-slow,45,70,Continent Pokémon,203,Small Pokémon occasionally gather on its unmoving back to begin building their nests.,https://raw.githubusercontent.com/PokeAPI/sprites/master/sprites/pokemon/389.png,0.3700787401574803,0.5621621621621622,0.4081632653061224,0.3155339805825243,0.2826086956521739,0.2615384615384615
389,390,Chimchar,Fire,None,44,58,44,58,44,61,309,0.5,6.2,62.0,"['blaze', 'iron-fist']",iron-fist,generation-4,,,False,brown,upright,ground|humanshape,,medium-slow,45,70,Chimp Pokémon,204,It agilely scales sheer cliffs to live atop craggy mountains. Its fire is put out when it sleeps.,https://raw.githubusercontent.com/PokeAPI/sprites/master/sprites/pokemon/390.png,0.1692913385826771,0.2864864864864865,0.1591836734693877,0.233009708737864,0.1043478260869565,0.2871794871794871
390,391,Monferno,Fire,Fighting,64,78,52,78,52,81,405,0.9,22.0,142.0,"['blaze', 'iron-fist']",iron-fist,generation-4,,,False,brown,upright,ground|humanshape,,medium-slow,45,70,Playful Pokémon,204,"To intimidate attackers, it stretches the fire on its tail to make itself appear bigger.",https://raw.githubusercontent.com/PokeAPI/sprites/master/sprites/pokemon/391.png,0.2480314960629921,0.3945945945945946,0.1918367346938775,0.3300970873786408,0.1391304347826087,0.3897435897435897
391,392,Infernape,Fire,Fighting,76,104,71,104,71,108,534,1.2,55.0,240.0,"['blaze', 'iron-fist']",iron-fist,generation-4,,,False,brown,upright,ground|humanshape,,medium-slow,45,70,Flame Pokémon,204,It uses a special kind of martial arts involving all its limbs. Its fire never goes out.,https://raw.githubusercontent.com/PokeAPI/sprites/master/sprites/pokemon/392.png,0.2952755905511811,0.5351351351351351,0.2693877551020408,0.4563106796116505,0.2217391304347826,0.5282051282051282
392,393,Piplup,Water,None,53,51,53,61,56,40,314,0.4,5.2,63.0,"['torrent', 'competitive']",competitive,generation-4,,,False,blue,humanoid,water1|ground,,medium-slow,45,70,Penguin Pokémon,205,"Because it is very proud, it hates accepting food from people. Its thick down guards it from cold.",https://raw.githubusercontent.com/PokeAPI/sprites/master/sprites/pokemon/393.png,0.2047244094488189,0.2486486486486486,0.1959183673469387,0.2475728155339805,0.1565217391304348,0.1794871794871795
393,394,Prinplup,Water,None,64,66,68,81,76,50,405,0.8,23.0,142.0,"['torrent', 'competitive']",competitive,generation-4,,,False,blue,upright,water1|ground,,medium-slow,45,70,Penguin Pokémon,205,"It lives alone, away from others. Apparently, every one of them believes it is the most important.",https://raw.githubusercontent.com/PokeAPI/sprites/master/sprites/pokemon/394.png,0.2480314960629921,0.3297297297297297,0.2571428571428571,0.3446601941747573,0.2434782608695652,0.2307692307692307
394,395,Empoleon,Water,Steel,84,86,88,111,101,60,530,1.7,84.5,239.0,"['torrent', 'competitive']",competitive,generation-4,,,False,blue,upright,water1|ground,,medium-slow,45,70,Emperor Pokémon,205,The three horns that extend from its beak attest to its power. The leader has the biggest horns.,https://raw.githubusercontent.com/PokeAPI/sprites/master/sprites/pokemon/395.png,0.326771653543307,0.4378378378378378,0.3387755102040816,0.4902912621359223,0.3521739130434783,0.282051282051282
395,396,Starly,Normal,Flying,40,55,30,30,30,60,245,0.3,2.0,49.0,"['keen-eye', 'reckless']",reckless,generation-4,,,False,brown,wings,flying,,medium-slow,255,70,Starling Pokémon,206,"They flock in great numbers. Though small, they flap their wings with great power.",https://raw.githubusercontent.com/PokeAPI/sprites/master/sprites/pokemon/396.png,0.1535433070866141,0.2702702702702703,0.1020408163265306,0.0970873786407767,0.0434782608695652,0.282051282051282
396,397,Staravia,Normal,Flying,55,75,50,40,40,80,340,0.6,15.5,119.0,"['intimidate', 'reckless']",reckless,generation-4,,,False,brown,wings,flying,,medium-slow,120,70,Starling Pokémon,206,It flies around forests and fields in search of bug Pokémon. It stays within a huge flock.,https://raw.githubusercontent.com/PokeAPI/sprites/master/sprites/pokemon/397.png,0.2125984251968504,0.3783783783783784,0.1836734693877551,0.145631067961165,0.0869565217391304,0.3846153846153846
397,398,Staraptor,Normal,Flying,85,120,70,50,60,100,485,1.2,24.9,218.0,"['intimidate', 'reckless']",reckless,generation-4,,,False,brown,wings,flying,,medium-slow,45,70,Predator Pokémon,206,It has a savage nature. It will courageously challenge foes that are much larger.,https://raw.githubusercontent.com/PokeAPI/sprites/master/sprites/pokemon/398.png,0.3307086614173228,0.6216216216216216,0.2653061224489796,0.1941747572815534,0.1739130434782608,0.4871794871794871
398,399,Bidoof,Normal,None,59,45,40,35,40,31,250,0.5,20.0,50.0,"['simple', 'unaware', 'moody']",moody,generation-4,,,False,brown,quadruped,water1|ground,,medium,255,70,Plump Mouse Pokémon,207,"With nerves of steel, nothing can perturb it. It is more agile and active than it appears.",https://raw.githubusercontent.com/PokeAPI/sprites/master/sprites/pokemon/399.png,0.2283464566929134,0.2162162162162162,0.1428571428571428,0.1213592233009708,0.0869565217391304,0.1333333333333333
399,400,Bibarel,Normal,Water,79,85,60,55,60,71,410,1.0,31.5,144.0,"['simple', 'unaware', 'moody']",moody,generation-4,,,False,brown,upright,water1|ground,,medium,127,70,Beaver Pokémon,207,It makes its nest by damming streams with bark and mud. It is known as an industrious worker.,https://raw.githubusercontent.com/PokeAPI/sprites/master/sprites/pokemon/400.png,0.3070866141732283,0.4324324324324324,0.2244897959183673,0.2184466019417475,0.1739130434782608,0.3384615384615385
400,401,Kricketot,Bug,None,37,25,41,25,41,25,194,0.3,2.2,39.0,"['shed-skin', 'run-away']",run-away,generation-4,,,False,red,humanoid,bug,,medium-slow,255,70,Cricket Pokémon,208,"It shakes its head back to front, causing its antennae to hit each other and sound like a xylophone.",https://raw.githubusercontent.com/PokeAPI/sprites/master/sprites/pokemon/401.png,0.1417322834645669,0.1081081081081081,0.1469387755102041,0.0728155339805825,0.0913043478260869,0.1025641025641025
401,402,Kricketune,Bug,None,77,85,51,55,51,65,384,1.0,25.5,134.0,"['swarm', 'technician']",technician,generation-4,,,False,red,bug-wings,bug,,medium-slow,45,70,Cricket Pokémon,208,It crosses its knifelike arms in front of its chest when it cries. It can compose melodies ad lib.,https://raw.githubusercontent.com/PokeAPI/sprites/master/sprites/pokemon/402.png,0.2992125984251969,0.4324324324324324,0.1877551020408163,0.2184466019417475,0.1347826086956521,0.3076923076923077
402,403,Shinx,Electric,None,45,65,34,40,34,45,263,0.5,9.5,53.0,"['rivalry', 'intimidate', 'guts']",guts,generation-4,,,False,blue,quadruped,ground,,medium-slow,235,70,Flash Pokémon,209,All of its fur dazzles if danger is sensed. It flees while the foe is momentarily blinded.,https://raw.githubusercontent.com/PokeAPI/sprites/master/sprites/pokemon/403.png,0.1732283464566929,0.3243243243243243,0.1183673469387755,0.145631067961165,0.0608695652173913,0.2051282051282051
403,404,Luxio,Electric,None,60,85,49,60,49,60,363,0.9,30.5,127.0,"['rivalry', 'intimidate', 'guts']",guts,generation-4,,,False,blue,quadruped,ground,,medium-slow,120,100,Spark Pokémon,209,Its claws loose electricity with enough amperage to cause fainting. They live in small groups.,https://raw.githubusercontent.com/PokeAPI/sprites/master/sprites/pokemon/404.png,0.2322834645669291,0.4324324324324324,0.1795918367346938,0.2427184466019417,0.1260869565217391,0.282051282051282
404,405,Luxray,Electric,None,80,120,79,95,79,70,523,1.4,42.0,235.0,"['rivalry', 'intimidate', 'guts']",guts,generation-4,,,False,blue,quadruped,ground,,medium-slow,45,70,Gleam Eyes Pokémon,209,It has eyes that can see through anything. It spots and captures prey hiding behind objects.,https://raw.githubusercontent.com/PokeAPI/sprites/master/sprites/pokemon/405.png,0.3110236220472441,0.6216216216216216,0.3020408163265306,0.4126213592233009,0.2565217391304348,0.3333333333333333
405,406,Budew,Grass,Poison,40,30,35,50,70,55,280,0.2,1.2,56.0,"['natural-cure', 'poison-point', 'leaf-guard']",leaf-guard,generation-4,,,True,green,humanoid,no-eggs,,medium-slow,255,70,Bud Pokémon,158,"Over the winter, it closes its bud and endures the cold. In spring, the bud opens and releases pollen.",https://raw.githubusercontent.com/PokeAPI/sprites/master/sprites/pokemon/406.png,0.1535433070866141,0.1351351351351351,0.1224489795918367,0.1941747572815534,0.217391304347826,0.2564102564102564
406,407,Roserade,Grass,Poison,60,70,65,125,105,90,515,0.9,14.5,232.0,"['natural-cure', 'poison-point', 'technician']",technician,generation-4,,,False,green,humanoid,fairy|plant,,medium-slow,75,70,Bouquet Pokémon,158,"It attracts prey with a sweet aroma, then downs it with thorny whips hidden in its arms.",https://raw.githubusercontent.com/PokeAPI/sprites/master/sprites/pokemon/407.png,0.2322834645669291,0.3513513513513513,0.2448979591836734,0.558252427184466,0.3695652173913043,0.4358974358974359
407,408,Cranidos,Rock,None,67,125,40,30,30,58,350,0.9,31.5,70.0,"['mold-breaker', 'sheer-force']",sheer-force,generation-4,,,False,blue,upright,monster,,slow-then-very-fast,45,70,Head Butt Pokémon,211,It lived in jungles around 100 million years ago. Its skull is as hard as iron.,https://raw.githubusercontent.com/PokeAPI/sprites/master/sprites/pokemon/408.png,0.2598425196850393,0.6486486486486487,0.1428571428571428,0.0970873786407767,0.0434782608695652,0.2717948717948718
408,409,Rampardos,Rock,None,97,165,60,65,50,58,495,1.6,102.5,173.0,"['mold-breaker', 'sheer-force']",sheer-force,generation-4,,,False,blue,upright,monster,,slow-then-very-fast,45,70,Head Butt Pokémon,211,Its powerful head butt has enough power to shatter even the most durable things upon impact.,https://raw.githubusercontent.com/PokeAPI/sprites/master/sprites/pokemon/409.png,0.3779527559055118,0.8648648648648649,0.2244897959183673,0.2669902912621359,0.1304347826086956,0.2717948717948718
409,410,Shieldon,Rock,Steel,30,42,118,42,88,30,350,0.5,57.0,70.0,"['sturdy', 'soundproof']",soundproof,generation-4,,,False,gray,quadruped,monster,,slow-then-very-fast,45,70,Shield Pokémon,212,A Pokémon that lived in jungles around 100 million years ago. Its facial hide is extremely hard.,https://raw.githubusercontent.com/PokeAPI/sprites/master/sprites/pokemon/410.png,0.1141732283464567,0.2,0.4612244897959183,0.1553398058252427,0.2956521739130435,0.1282051282051282
410,411,Bastiodon,Rock,Steel,60,52,168,47,138,30,495,1.3,149.5,173.0,"['sturdy', 'soundproof']",soundproof,generation-4,,,False,gray,quadruped,monster,,slow-then-very-fast,45,70,Shield Pokémon,212,Any frontal attack is repulsed. It is a docile Pokémon that feeds on grass and berries.,https://raw.githubusercontent.com/PokeAPI/sprites/master/sprites/pokemon/411.png,0.2322834645669291,0.254054054054054,0.6653061224489796,0.1796116504854369,0.5130434782608696,0.1282051282051282
411,412,Burmy,Bug,None,40,29,45,29,45,36,224,0.2,3.4,45.0,"['shed-skin', 'overcoat']",overcoat,generation-4,,,False,green,blob,bug,,medium,120,70,Bagworm Pokémon,213,"To shelter itself from cold, wintry winds, it covers itself with a cloak made of twigs and leaves.",https://raw.githubusercontent.com/PokeAPI/sprites/master/sprites/pokemon/412.png,0.1535433070866141,0.1297297297297297,0.1632653061224489,0.0922330097087378,0.108695652173913,0.1589743589743589
412,413,Wormadam-Plant,Bug,Grass,60,59,85,79,105,36,424,0.5,6.5,148.0,"['anticipation', 'overcoat']",overcoat,generation-4,,,False,green,blob,bug,,medium,45,70,Bagworm Pokémon,213,"When BURMY evolved, its cloak became a part of this Pokémon’s body. The cloak is never shed.",https://raw.githubusercontent.com/PokeAPI/sprites/master/sprites/pokemon/413.png,0.2322834645669291,0.2918918918918919,0.3265306122448979,0.3349514563106796,0.3695652173913043,0.1589743589743589
413,414,Mothim,Bug,Flying,70,94,50,94,50,66,424,0.9,23.3,148.0,"['swarm', 'tinted-lens']",tinted-lens,generation-4,,,False,yellow,bug-wings,bug,,medium,45,70,Moth Pokémon,213,It loves the honey of flowers and steals honey collected by COMBEE.,https://raw.githubusercontent.com/PokeAPI/sprites/master/sprites/pokemon/414.png,0.2716535433070866,0.4810810810810811,0.1836734693877551,0.4077669902912621,0.1304347826086956,0.3128205128205128
414,415,Combee,Bug,Flying,30,30,42,30,42,70,244,0.3,5.5,49.0,"['honey-gather', 'hustle']",hustle,generation-4,,,False,yellow,heads,bug,,medium-slow,120,70,Tiny Bee Pokémon,214,A Pokémon formed by three others. It busily carries sweet floral honey to VESPIQUEN.,https://raw.githubusercontent.com/PokeAPI/sprites/master/sprites/pokemon/415.png,0.1141732283464567,0.1351351351351351,0.1510204081632653,0.0970873786407767,0.0956521739130434,0.3333333333333333
415,416,Vespiquen,Bug,Flying,70,80,102,80,102,40,474,1.2,38.5,166.0,"['pressure', 'unnerve']",unnerve,generation-4,,,False,yellow,bug-wings,bug,,medium-slow,45,70,Beehive Pokémon,214,Its abdomen is a honeycomb for grubs. It raises its grubs on honey collected by COMBEE.,https://raw.githubusercontent.com/PokeAPI/sprites/master/sprites/pokemon/416.png,0.2716535433070866,0.4054054054054054,0.3959183673469387,0.3398058252427184,0.3565217391304348,0.1794871794871795
416,417,Pachirisu,Electric,None,60,45,70,45,90,95,405,0.4,3.9,142.0,"['run-away', 'pickup', 'volt-absorb']",volt-absorb,generation-4,,,False,white,quadruped,ground|fairy,,medium,200,100,EleSquirrel Pokémon,215,It makes fur balls that crackle with static electricity. It stores them with berries in tree holes.,https://raw.githubusercontent.com/PokeAPI/sprites/master/sprites/pokemon/417.png,0.2322834645669291,0.2162162162162162,0.2653061224489796,0.1699029126213592,0.3043478260869565,0.4615384615384615
417,418,Buizel,Water,None,55,65,35,60,30,85,330,0.7,29.5,66.0,"['swift-swim', 'water-veil']",water-veil,generation-4,,,False,brown,quadruped,water1|ground,,medium,190,70,Sea Weasel Pokémon,216,It has a flotation sac that is like an inflatable collar. It floats on water with its head out.,https://raw.githubusercontent.com/PokeAPI/sprites/master/sprites/pokemon/418.png,0.2125984251968504,0.3243243243243243,0.1224489795918367,0.2427184466019417,0.0434782608695652,0.4102564102564102
418,419,Floatzel,Water,None,85,105,55,85,50,115,495,1.1,33.5,173.0,"['swift-swim', 'water-veil']",water-veil,generation-4,,,False,brown,quadruped,water1|ground,,medium,75,70,Sea Weasel Pokémon,216,It floats using its well-developed flotation sac. It assists in the rescues of drowning people.,https://raw.githubusercontent.com/PokeAPI/sprites/master/sprites/pokemon/419.png,0.3307086614173228,0.5405405405405406,0.2040816326530612,0.3640776699029126,0.1304347826086956,0.5641025641025641
419,420,Cherubi,Grass,None,45,35,45,62,53,35,275,0.4,3.3,55.0,['chlorophyll'],,generation-4,,,False,pink,heads,fairy|plant,,medium,190,70,Cherry Pokémon,217,"The small ball holds the nutrients needed for evolution. Apparently, it is very sweet and tasty.",https://raw.githubusercontent.com/PokeAPI/sprites/master/sprites/pokemon/420.png,0.1732283464566929,0.1621621621621621,0.1632653061224489,0.2524271844660194,0.1434782608695652,0.1538461538461538
420,421,Cherrim,Grass,None,70,60,70,87,78,85,450,0.5,9.3,158.0,['flower-gift'],,generation-4,,,False,purple,legs,fairy|plant,,medium,75,70,Blossom Pokémon,217,It blooms during times of strong sunlight. It tries to make up for everything it endured as a bud.,https://raw.githubusercontent.com/PokeAPI/sprites/master/sprites/pokemon/421.png,0.2716535433070866,0.2972972972972973,0.2653061224489796,0.3737864077669903,0.2521739130434782,0.4102564102564102
421,422,Shellos,Water,None,76,48,48,57,62,34,325,0.3,6.3,65.0,"['sticky-hold', 'storm-drain', 'sand-force']",sand-force,generation-4,,,False,purple,squiggle,water1|indeterminate,,medium,190,70,Sea Slug Pokémon,218,"Its colors and shapes differ from region to region. In the Sinnoh region, two types are confirmed.",https://raw.githubusercontent.com/PokeAPI/sprites/master/sprites/pokemon/422.png,0.2952755905511811,0.2324324324324324,0.1755102040816326,0.2281553398058252,0.1826086956521739,0.1487179487179487
422,423,Gastrodon,Water,Ground,111,83,68,92,82,39,475,0.9,29.9,166.0,"['sticky-hold', 'storm-drain', 'sand-force']",sand-force,generation-4,,,False,purple,squiggle,water1|indeterminate,,medium,75,70,Sea Slug Pokémon,218,"It has a pliable body without any bones. If any part of its body is torn off, it grows right back.",https://raw.githubusercontent.com/PokeAPI/sprites/master/sprites/pokemon/423.png,0.4330708661417323,0.4216216216216216,0.2571428571428571,0.3980582524271844,0.2695652173913043,0.1743589743589743
423,424,Ambipom,Normal,None,75,100,66,60,66,115,482,1.2,20.3,169.0,"['technician', 'pickup', 'skill-link']",skill-link,generation-4,,,False,purple,upright,ground,,fast,45,100,Long Tail Pokémon,93,"To eat, it deftly shucks nuts with its two tails. It rarely uses its arms now.",https://raw.githubusercontent.com/PokeAPI/sprites/master/sprites/pokemon/424.png,0.2913385826771653,0.5135135135135135,0.2489795918367346,0.2427184466019417,0.2,0.5641025641025641
424,425,Drifloon,Ghost,Flying,90,50,34,60,44,70,348,0.4,1.2,70.0,"['aftermath', 'unburden', 'flare-boost']",flare-boost,generation-4,,,False,purple,arms,indeterminate,,fast-then-very-slow,125,70,Balloon Pokémon,219,"A Pokémon formed by the spirits of people and Pokémon. It loves damp, humid seasons.",https://raw.githubusercontent.com/PokeAPI/sprites/master/sprites/pokemon/425.png,0.3503937007874015,0.2432432432432432,0.1183673469387755,0.2427184466019417,0.1043478260869565,0.3333333333333333
425,426,Drifblim,Ghost,Flying,150,80,44,90,54,80,498,1.2,15.0,174.0,"['aftermath', 'unburden', 'flare-boost']",flare-boost,generation-4,,,False,purple,arms,indeterminate,,fast-then-very-slow,60,70,Blimp Pokémon,219,"At dusk, swarms of them are carried aloft on winds. When noticed, they suddenly vanish.",https://raw.githubusercontent.com/PokeAPI/sprites/master/sprites/pokemon/426.png,0.5866141732283464,0.4054054054054054,0.1591836734693877,0.3883495145631068,0.1478260869565217,0.3846153846153846
426,427,Buneary,Normal,None,55,66,44,44,56,85,350,0.4,5.5,70.0,"['run-away', 'klutz', 'limber']",limber,generation-4,,,False,brown,upright,ground|humanshape,,medium,190,0,Rabbit Pokémon,220,It slams foes by sharply uncoiling its rolled ears. It stings enough to make a grown-up cry in pain.,https://raw.githubusercontent.com/PokeAPI/sprites/master/sprites/pokemon/427.png,0.2125984251968504,0.3297297297297297,0.1591836734693877,0.1650485436893204,0.1565217391304348,0.4102564102564102
427,428,Lopunny,Normal,None,65,76,84,54,96,105,480,1.2,33.3,168.0,"['cute-charm', 'klutz', 'limber']",limber,generation-4,,,False,brown,upright,ground|humanshape,,medium,60,140,Rabbit Pokémon,220,An extremely cautious Pokémon. It cloaks its body with its fluffy ear fur when it senses danger.,https://raw.githubusercontent.com/PokeAPI/sprites/master/sprites/pokemon/428.png,0.2519685039370078,0.3837837837837838,0.3224489795918367,0.2135922330097087,0.3304347826086956,0.5128205128205128
428,429,Mismagius,Ghost,None,60,60,60,105,105,105,495,0.9,4.4,173.0,['levitate'],,generation-4,,,False,purple,ball,indeterminate,,fast,45,35,Magical Pokémon,98,Its cries sound like incantations. Those hearing it are tormented by headaches and hallucinations.,https://raw.githubusercontent.com/PokeAPI/sprites/master/sprites/pokemon/429.png,0.2322834645669291,0.2972972972972973,0.2244897959183673,0.4611650485436893,0.3695652173913043,0.5128205128205128
429,430,Honchkrow,Dark,Flying,100,125,52,105,52,71,505,0.9,27.3,177.0,"['insomnia', 'super-luck', 'moxie']",moxie,generation-4,,,False,black,wings,flying,,medium-slow,30,35,Big Boss Pokémon,97,"Becoming active at night, it is known to swarm with numerous MURKROW in tow.",https://raw.githubusercontent.com/PokeAPI/sprites/master/sprites/pokemon/430.png,0.389763779527559,0.6486486486486487,0.1918367346938775,0.4611650485436893,0.1391304347826087,0.3384615384615385
430,431,Glameow,Normal,None,49,55,42,42,37,85,310,0.5,3.9,62.0,"['limber', 'own-tempo', 'keen-eye']",keen-eye,generation-4,,,False,gray,quadruped,ground,,fast,190,70,Catty Pokémon,221,It claws if displeased and purrs when affectionate. Its fickleness is very popular among some.,https://raw.githubusercontent.com/PokeAPI/sprites/master/sprites/pokemon/431.png,0.1889763779527559,0.2702702702702703,0.1510204081632653,0.1553398058252427,0.0739130434782608,0.4102564102564102
431,432,Purugly,Normal,None,71,82,64,64,59,112,452,1.0,43.8,158.0,"['thick-fat', 'own-tempo', 'defiant']",defiant,generation-4,,,False,gray,quadruped,ground,,fast,75,70,Tiger Cat Pokémon,221,It is a brazen brute that barges its way into another Pokémon’s nest and claims it as its own.,https://raw.githubusercontent.com/PokeAPI/sprites/master/sprites/pokemon/432.png,0.2755905511811024,0.4162162162162162,0.2408163265306122,0.2621359223300971,0.1695652173913043,0.5487179487179488
432,433,Chingling,Psychic,None,45,30,50,65,50,45,285,0.2,0.6,57.0,['levitate'],,generation-4,,,True,yellow,humanoid,no-eggs,,fast,120,70,Bell Pokémon,184,It emits cries by agitating an orb at the back of its throat. It moves with flouncing hops.,https://raw.githubusercontent.com/PokeAPI/sprites/master/sprites/pokemon/433.png,0.1732283464566929,0.1351351351351351,0.1836734693877551,0.2669902912621359,0.1304347826086956,0.2051282051282051
433,434,Stunky,Poison,Dark,63,63,47,41,41,74,329,0.4,19.2,66.0,"['stench', 'aftermath', 'keen-eye']",keen-eye,generation-4,,,False,purple,quadruped,ground,,medium,225,70,Skunk Pokémon,223,It protects itself by spraying a noxious fluid from its rear. The stench lingers for 24 hours.,https://raw.githubusercontent.com/PokeAPI/sprites/master/sprites/pokemon/434.png,0.2440944881889764,0.3135135135135135,0.1714285714285714,0.1504854368932038,0.0913043478260869,0.3538461538461538
434,435,Skuntank,Poison,Dark,103,93,67,71,61,84,479,1.0,38.0,168.0,"['stench', 'aftermath', 'keen-eye']",keen-eye,generation-4,,,False,purple,quadruped,ground,,medium,60,70,Skunk Pokémon,223,It sprays a vile-smelling fluid from the tip of its tail to attack. Its range is over 160 feet.,https://raw.githubusercontent.com/PokeAPI/sprites/master/sprites/pokemon/435.png,0.4015748031496063,0.4756756756756757,0.2530612244897959,0.2961165048543689,0.1782608695652174,0.4051282051282051
435,436,Bronzor,Steel,Psychic,57,24,86,24,86,23,300,0.5,60.5,60.0,"['levitate', 'heatproof', 'heavy-metal']",heavy-metal,generation-4,,,False,green,ball,mineral,,medium,255,70,Bronze Pokémon,224,Implements shaped like it were discovered in ancient tombs. It is unknown if they are related.,https://raw.githubusercontent.com/PokeAPI/sprites/master/sprites/pokemon/436.png,0.2204724409448819,0.1027027027027027,0.3306122448979592,0.0679611650485436,0.2869565217391304,0.0923076923076923
436,437,Bronzong,Steel,Psychic,67,89,116,79,116,33,500,1.3,187.0,175.0,"['levitate', 'heatproof', 'heavy-metal']",heavy-metal,generation-4,,,False,green,arms,mineral,,medium,90,70,Bronze Bell Pokémon,224,"One caused a news sensation when it was dug up at a construction site after a 2,000-year sleep.",https://raw.githubusercontent.com/PokeAPI/sprites/master/sprites/pokemon/437.png,0.2598425196850393,0.4540540540540541,0.4530612244897959,0.3349514563106796,0.417391304347826,0.1435897435897435
437,438,Bonsly,Rock,None,50,80,95,10,45,10,290,0.5,15.0,58.0,"['sturdy', 'rock-head', 'rattled']",rattled,generation-4,,,True,brown,legs,no-eggs,,medium,255,70,Bonsai Pokémon,91,It looks as if it is always crying. It is actually adjusting its body’s fluid levels by eliminating excess.,https://raw.githubusercontent.com/PokeAPI/sprites/master/sprites/pokemon/438.png,0.1929133858267716,0.4054054054054054,0.3673469387755102,0.0,0.108695652173913,0.0256410256410256
438,439,Mime-Jr,Psychic,Fairy,20,25,45,70,90,60,310,0.6,13.0,62.0,"['soundproof', 'filter', 'technician']",technician,generation-4,,,True,pink,humanoid,no-eggs,,medium,145,70,Mime Pokémon,57,"It habitually mimics foes. Once mimicked, the foe cannot take its eyes off this Pokémon.",https://raw.githubusercontent.com/PokeAPI/sprites/master/sprites/pokemon/439.png,0.0748031496062992,0.1081081081081081,0.1632653061224489,0.2912621359223301,0.3043478260869565,0.282051282051282
439,440,Happiny,Normal,None,100,5,5,15,65,30,220,0.6,24.4,110.0,"['natural-cure', 'serene-grace', 'friend-guard']",friend-guard,generation-4,,,True,pink,humanoid,no-eggs,,fast,130,140,Playhouse Pokémon,51,It loves round white things. It carries an egg-shaped rock in imitation of CHANSEY.,https://raw.githubusercontent.com/PokeAPI/sprites/master/sprites/pokemon/440.png,0.389763779527559,0.0,0.0,0.0242718446601941,0.1956521739130435,0.1282051282051282
440,441,Chatot,Normal,Flying,76,65,45,92,42,91,411,0.5,1.9,144.0,"['keen-eye', 'tangled-feet', 'big-pecks']",big-pecks,generation-4,,,False,black,wings,flying,,medium-slow,30,35,Music Note Pokémon,228,"It can learn and speak human words. If they gather, they all learn the same saying.",https://raw.githubusercontent.com/PokeAPI/sprites/master/sprites/pokemon/441.png,0.2952755905511811,0.3243243243243243,0.1632653061224489,0.3980582524271844,0.0956521739130434,0.441025641025641
441,442,Spiritomb,Ghost,Dark,50,92,108,92,108,35,485,1.0,108.0,170.0,"['pressure', 'infiltrator']",infiltrator,generation-4,,,False,purple,blob,indeterminate,,medium,100,70,Forbidden Pokémon,229,A Pokémon that was formed by 108 spirits. It is bound to a fissure in an odd keystone.,https://raw.githubusercontent.com/PokeAPI/sprites/master/sprites/pokemon/442.png,0.1929133858267716,0.4702702702702703,0.4204081632653061,0.3980582524271844,0.3826086956521739,0.1538461538461538
442,443,Gible,Dragon,Ground,58,70,45,40,45,42,300,0.7,20.5,60.0,"['sand-veil', 'rough-skin']",rough-skin,generation-4,,,False,blue,upright,monster|dragon,,slow,45,70,Land Shark Pokémon,230,"It nests in small, horizontal holes in cave walls. It pounces to catch prey that stray too close.",https://raw.githubusercontent.com/PokeAPI/sprites/master/sprites/pokemon/443.png,0.2244094488188976,0.3513513513513513,0.1632653061224489,0.145631067961165,0.108695652173913,0.1897435897435897
443,444,Gabite,Dragon,Ground,68,90,65,50,55,82,410,1.4,56.0,144.0,"['sand-veil', 'rough-skin']",rough-skin,generation-4,,,False,blue,upright,monster|dragon,,slow,45,70,Cave Pokémon,230,There is a long-held belief that medicine made from its scales will heal even incurable illnesses.,https://raw.githubusercontent.com/PokeAPI/sprites/master/sprites/pokemon/444.png,0.2637795275590551,0.4594594594594595,0.2448979591836734,0.1941747572815534,0.1521739130434782,0.3948717948717948
444,445,Garchomp,Dragon,Ground,108,130,95,80,85,102,600,1.9,95.0,270.0,"['sand-veil', 'rough-skin']",rough-skin,generation-4,,,False,blue,upright,monster|dragon,,slow,45,70,Mach Pokémon,230,"When it folds up its body and extends its wings, it looks like a jet plane. It flies at sonic speed.",https://raw.githubusercontent.com/PokeAPI/sprites/master/sprites/pokemon/445.png,0.421259842519685,0.6756756756756757,0.3673469387755102,0.3398058252427184,0.2826086956521739,0.4974358974358974
445,446,Munchlax,Normal,None,135,85,40,40,85,5,390,0.6,105.0,78.0,"['pickup', 'thick-fat', 'gluttony']",gluttony,generation-4,,,True,black,humanoid,no-eggs,,slow,50,70,Big Eater Pokémon,72,"It wolfs down its weight in food once a day, swallowing food whole with almost no chewing.",https://raw.githubusercontent.com/PokeAPI/sprites/master/sprites/pokemon/446.png,0.5275590551181102,0.4324324324324324,0.1428571428571428,0.145631067961165,0.2826086956521739,0.0
446,447,Riolu,Fighting,None,40,70,40,35,40,60,285,0.7,20.2,57.0,"['steadfast', 'inner-focus', 'prankster']",prankster,generation-4,,,True,blue,upright,no-eggs,,medium-slow,75,70,Emanation Pokémon,232,The aura that emanates from its body intensifies to alert others if it is afraid or sad.,https://raw.githubusercontent.com/PokeAPI/sprites/master/sprites/pokemon/447.png,0.1535433070866141,0.3513513513513513,0.1428571428571428,0.1213592233009708,0.0869565217391304,0.282051282051282
447,448,Lucario,Fighting,Steel,70,110,70,115,70,90,525,1.2,54.0,184.0,"['steadfast', 'inner-focus', 'justified']",justified,generation-4,,,False,blue,upright,ground|humanshape,,medium-slow,45,70,Aura Pokémon,232,It has the ability to sense the auras of all things. It understands human speech.,https://raw.githubusercontent.com/PokeAPI/sprites/master/sprites/pokemon/448.png,0.2716535433070866,0.5675675675675675,0.2653061224489796,0.5097087378640777,0.217391304347826,0.4358974358974359
448,449,Hippopotas,Ground,None,68,72,78,38,42,32,330,0.8,49.5,66.0,"['sand-stream', 'sand-force']",sand-force,generation-4,,,False,brown,quadruped,ground,,slow,140,70,Hippo Pokémon,233,"It lives in arid places. Instead of perspiration, it expels grainy sand from its body.",https://raw.githubusercontent.com/PokeAPI/sprites/master/sprites/pokemon/449.png,0.2637795275590551,0.3621621621621622,0.2979591836734694,0.1359223300970873,0.0956521739130434,0.1384615384615384
449,450,Hippowdon,Ground,None,108,112,118,68,72,47,525,2.0,300.0,184.0,"['sand-stream', 'sand-force']",sand-force,generation-4,,,False,brown,quadruped,ground,,slow,60,70,Heavyweight Pokémon,233,It blasts internally stored sand from ports on its body to create a towering twister for attack.,https://raw.githubusercontent.com/PokeAPI/sprites/master/sprites/pokemon/450.png,0.421259842519685,0.5783783783783784,0.4612244897959183,0.2815533980582524,0.2260869565217391,0.2153846153846154
450,451,Skorupi,Poison,Bug,40,50,90,30,55,65,330,0.8,12.0,66.0,"['battle-armor', 'sniper', 'keen-eye']",keen-eye,generation-4,,,False,purple,armor,bug|water3,,slow,120,70,Scorpion Pokémon,234,It grips prey with its tail claws and injects poison. It tenaciously hangs on until the poison takes.,https://raw.githubusercontent.com/PokeAPI/sprites/master/sprites/pokemon/451.png,0.1535433070866141,0.2432432432432432,0.3469387755102041,0.0970873786407767,0.1521739130434782,0.3076923076923077
451,452,Drapion,Poison,Dark,70,90,110,60,75,95,500,1.3,61.5,175.0,"['battle-armor', 'sniper', 'keen-eye']",keen-eye,generation-4,,,False,purple,armor,bug|water3,,slow,45,70,Ogre Scorpion Pokémon,234,It has the power in its clawed arms to make scrap of a car. The tips of its claws release poison.,https://raw.githubusercontent.com/PokeAPI/sprites/master/sprites/pokemon/452.png,0.2716535433070866,0.4594594594594595,0.4285714285714285,0.2427184466019417,0.2391304347826087,0.4615384615384615
452,453,Croagunk,Poison,Fighting,48,61,40,61,40,50,300,0.7,23.0,60.0,"['anticipation', 'dry-skin', 'poison-touch']",poison-touch,generation-4,,,False,blue,humanoid,humanshape,,medium,140,100,Toxic Mouth Pokémon,235,Its cheeks hold poison sacs. It tries to catch foes off guard to jab them with toxic fingers.,https://raw.githubusercontent.com/PokeAPI/sprites/master/sprites/pokemon/453.png,0.1850393700787401,0.3027027027027027,0.1428571428571428,0.2475728155339805,0.0869565217391304,0.2307692307692307
453,454,Toxicroak,Poison,Fighting,83,106,65,86,65,85,490,1.3,44.4,172.0,"['anticipation', 'dry-skin', 'poison-touch']",poison-touch,generation-4,,,False,blue,humanoid,humanshape,,medium,75,70,Toxic Mouth Pokémon,235,Its knuckle claws secrete a toxin so vile that even a scratch could prove fatal.,https://raw.githubusercontent.com/PokeAPI/sprites/master/sprites/pokemon/454.png,0.3228346456692913,0.5459459459459459,0.2448979591836734,0.3689320388349514,0.1956521739130435,0.4102564102564102
454,455,Carnivine,Grass,None,74,100,72,90,72,46,454,1.4,27.0,159.0,['levitate'],,generation-4,,,False,green,tentacles,plant,,slow,200,70,Bug Catcher Pokémon,236,"It attracts prey with its sweet- smelling saliva, then chomps down. It takes a whole day to eat prey.",https://raw.githubusercontent.com/PokeAPI/sprites/master/sprites/pokemon/455.png,0.2874015748031496,0.5135135135135135,0.273469387755102,0.3883495145631068,0.2260869565217391,0.2102564102564102
455,456,Finneon,Water,None,49,49,56,49,61,66,330,0.4,7.0,66.0,"['swift-swim', 'storm-drain', 'water-veil']",water-veil,generation-4,,,False,blue,fish,water2,,slow-then-very-fast,190,70,Wing Fish Pokémon,237,"After long exposure to sunlight, the patterns on its tail fins shine vividly when darkness arrives.",https://raw.githubusercontent.com/PokeAPI/sprites/master/sprites/pokemon/456.png,0.1889763779527559,0.2378378378378378,0.2081632653061224,0.1893203883495145,0.1782608695652174,0.3128205128205128
456,457,Lumineon,Water,None,69,69,76,69,86,91,460,1.2,24.0,161.0,"['swift-swim', 'storm-drain', 'water-veil']",water-veil,generation-4,,,False,blue,fish,water2,,slow-then-very-fast,75,70,Neon Pokémon,237,It lives on the deep-sea floor. It attracts prey by flashing the patterns on its four tail fins.,https://raw.githubusercontent.com/PokeAPI/sprites/master/sprites/pokemon/457.png,0.2677165354330709,0.3459459459459459,0.2897959183673469,0.2864077669902912,0.2869565217391304,0.441025641025641
457,458,Mantyke,Water,Flying,45,20,50,60,120,50,345,1.0,65.0,69.0,"['swift-swim', 'water-absorb', 'water-veil']",water-veil,generation-4,,,True,blue,wings,no-eggs,,slow,25,70,Kite Pokémon,116,A friendly Pokémon that captures the subtle flows of seawater using its two antennae.,https://raw.githubusercontent.com/PokeAPI/sprites/master/sprites/pokemon/458.png,0.1732283464566929,0.081081081081081,0.1836734693877551,0.2427184466019417,0.4347826086956521,0.2307692307692307
458,459,Snover,Grass,Ice,60,62,50,62,60,40,334,1.0,50.5,67.0,"['snow-warning', 'soundproof']",soundproof,generation-4,,,False,white,upright,monster|plant,,slow,120,70,Frost Tree Pokémon,239,"It lives on snowy mountains. Having had little contact with humans, it is boldly inquisitive.",https://raw.githubusercontent.com/PokeAPI/sprites/master/sprites/pokemon/459.png,0.2322834645669291,0.3081081081081081,0.1836734693877551,0.2524271844660194,0.1739130434782608,0.1794871794871795
459,460,Abomasnow,Grass,Ice,90,92,75,92,85,60,494,2.2,135.5,173.0,"['snow-warning', 'soundproof']",soundproof,generation-4,,,False,white,upright,monster|plant,,slow,60,70,Frost Tree Pokémon,239,It whips up blizzards in mountains that are always buried in snow. It is the abominable snowman.,https://raw.githubusercontent.com/PokeAPI/sprites/master/sprites/pokemon/460.png,0.3503937007874015,0.4702702702702703,0.2857142857142857,0.3980582524271844,0.2826086956521739,0.282051282051282
460,461,Weavile,Dark,Ice,70,120,65,45,85,125,510,1.1,34.0,179.0,"['pressure', 'pickpocket']",pickpocket,generation-4,,,False,black,upright,ground,,medium-slow,45,35,Sharp Claw Pokémon,109,"They live in cold regions, forming groups of four or five that hunt prey with impressive coordination.",https://raw.githubusercontent.com/PokeAPI/sprites/master/sprites/pokemon/461.png,0.2716535433070866,0.6216216216216216,0.2448979591836734,0.1699029126213592,0.2826086956521739,0.6153846153846154
461,462,Magnezone,Electric,Steel,70,70,115,130,90,60,535,1.2,180.0,241.0,"['magnet-pull', 'sturdy', 'analytic']",analytic,generation-4,,,False,gray,arms,mineral,,medium,30,70,Magnet Area Pokémon,34,It evolved from exposure to a special magnetic field. Three units generate magnetism.,https://raw.githubusercontent.com/PokeAPI/sprites/master/sprites/pokemon/462.png,0.2716535433070866,0.3513513513513513,0.4489795918367347,0.5825242718446602,0.3043478260869565,0.282051282051282
462,463,Lickilicky,Normal,None,110,85,95,80,95,50,515,1.7,140.0,180.0,"['own-tempo', 'oblivious', 'cloud-nine']",cloud-nine,generation-4,,,False,pink,humanoid,monster,,medium,30,70,Licking Pokémon,48,It wraps things with its extensible tongue. Getting too close to it will leave you soaked with drool.,https://raw.githubusercontent.com/PokeAPI/sprites/master/sprites/pokemon/463.png,0.4291338582677165,0.4324324324324324,0.3673469387755102,0.3398058252427184,0.3260869565217391,0.2307692307692307
463,464,Rhyperior,Ground,Rock,115,140,130,55,55,40,535,2.4,282.8,241.0,"['lightning-rod', 'solid-rock', 'reckless']",reckless,generation-4,,,False,gray,upright,monster|ground,,slow,30,70,Drill Pokémon,50,It puts rocks in holes in its palms and uses its muscles to shoot them. GEODUDE are shot at rare times.,https://raw.githubusercontent.com/PokeAPI/sprites/master/sprites/pokemon/464.png,0.4488188976377952,0.7297297297297297,0.5102040816326531,0.2184466019417475,0.1521739130434782,0.1794871794871795
464,465,Tangrowth,Grass,None,100,100,125,110,50,50,535,2.0,128.6,187.0,"['chlorophyll', 'leaf-guard', 'regenerator']",regenerator,generation-4,,,False,blue,humanoid,plant,,medium,30,70,Vine Pokémon,52,It ensnares prey by extending arms made of vines. Losing arms to predators does not trouble it.,https://raw.githubusercontent.com/PokeAPI/sprites/master/sprites/pokemon/465.png,0.389763779527559,0.5135135135135135,0.4897959183673469,0.4854368932038835,0.1304347826086956,0.2307692307692307
465,466,Electivire,Electric,None,75,123,67,95,85,95,540,1.8,138.6,243.0,"['motor-drive', 'vital-spirit']",vital-spirit,generation-4,,,False,yellow,upright,humanshape,,medium,30,70,Thunderbolt Pokémon,60,"As its electric charge amplifies, blue sparks begin to crackle between its horns.",https://raw.githubusercontent.com/PokeAPI/sprites/master/sprites/pokemon/466.png,0.2913385826771653,0.6378378378378379,0.2530612244897959,0.4126213592233009,0.2826086956521739,0.4615384615384615
466,467,Magmortar,Fire,None,75,95,67,125,95,83,540,1.6,68.0,243.0,"['flame-body', 'vital-spirit']",vital-spirit,generation-4,,,False,red,upright,humanshape,,medium,30,70,Blast Pokémon,61,"It blasts fireballs of over 3,600 degrees F from the ends of its arms. It lives in volcanic craters.",https://raw.githubusercontent.com/PokeAPI/sprites/master/sprites/pokemon/467.png,0.2913385826771653,0.4864864864864865,0.2530612244897959,0.558252427184466,0.3260869565217391,0.4
467,468,Togekiss,Fairy,Flying,85,50,95,120,115,80,545,1.5,38.0,245.0,"['hustle', 'serene-grace', 'super-luck']",super-luck,generation-4,,,False,white,wings,flying|fairy,,fast,30,70,Jubilee Pokémon,87,It will never appear where there is strife. Its sightings have become rare recently.,https://raw.githubusercontent.com/PokeAPI/sprites/master/sprites/pokemon/468.png,0.3307086614173228,0.2432432432432432,0.3673469387755102,0.5339805825242718,0.4130434782608695,0.3846153846153846
468,469,Yanmega,Bug,Flying,86,76,86,116,56,95,515,1.9,51.5,180.0,"['speed-boost', 'tinted-lens', 'frisk']",frisk,generation-4,,,False,green,bug-wings,bug,,medium,30,70,Ogre Darner Pokémon,95,"By churning its wings, it creates shock waves that inflict critical internal injuries to foes.",https://raw.githubusercontent.com/PokeAPI/sprites/master/sprites/pokemon/469.png,0.3346456692913386,0.3837837837837838,0.3306122448979592,0.5145631067961165,0.1565217391304348,0.4615384615384615
469,470,Leafeon,Grass,None,65,110,130,60,65,95,525,1.0,25.5,184.0,"['leaf-guard', 'chlorophyll']",chlorophyll,generation-4,,,False,green,quadruped,ground,,medium,45,35,Verdant Pokémon,67,"Just like a plant, it uses photosynthesis. As a result, it is always enveloped in clear air.",https://raw.githubusercontent.com/PokeAPI/sprites/master/sprites/pokemon/470.png,0.2519685039370078,0.5675675675675675,0.5102040816326531,0.2427184466019417,0.1956521739130435,0.4615384615384615
470,471,Glaceon,Ice,None,65,60,110,130,95,65,525,0.8,25.9,184.0,"['snow-cloak', 'ice-body']",ice-body,generation-4,,,False,blue,quadruped,ground,,medium,45,35,Fresh Snow Pokémon,67,"As a protective technique, it can completely freeze its fur to make its hairs stand like needles.",https://raw.githubusercontent.com/PokeAPI/sprites/master/sprites/pokemon/471.png,0.2519685039370078,0.2972972972972973,0.4285714285714285,0.5825242718446602,0.3260869565217391,0.3076923076923077
471,472,Gliscor,Ground,Flying,75,95,125,45,75,95,510,2.0,42.5,179.0,"['hyper-cutter', 'sand-veil', 'poison-heal']",poison-heal,generation-4,,,False,purple,wings,bug,,medium-slow,30,70,Fang Scorpion Pokémon,104,"It observes prey while hanging inverted from branches. When the chance presents itself, it swoops!",https://raw.githubusercontent.com/PokeAPI/sprites/master/sprites/pokemon/472.png,0.2913385826771653,0.4864864864864865,0.4897959183673469,0.1699029126213592,0.2391304347826087,0.4615384615384615
472,473,Mamoswine,Ice,Ground,110,130,80,70,60,80,530,2.5,291.0,239.0,"['oblivious', 'snow-cloak', 'thick-fat']",thick-fat,generation-4,,,False,brown,quadruped,ground,,slow,50,70,Twin Tusk Pokémon,112,Its impressive tusks are made of ice. The population thinned when it turned warm after the ice age.,https://raw.githubusercontent.com/PokeAPI/sprites/master/sprites/pokemon/473.png,0.4291338582677165,0.6756756756756757,0.3061224489795918,0.2912621359223301,0.1739130434782608,0.3846153846153846
473,474,Porygon-Z,Normal,None,85,80,70,135,75,90,535,0.9,34.0,241.0,"['adaptability', 'download', 'analytic']",analytic,generation-4,,,False,red,arms,mineral,,medium,30,70,Virtual Pokémon,68,"Additional software was installed to make it a better Pokémon. It began acting oddly, however.",https://raw.githubusercontent.com/PokeAPI/sprites/master/sprites/pokemon/474.png,0.3307086614173228,0.4054054054054054,0.2653061224489796,0.6067961165048543,0.2391304347826087,0.4358974358974359
474,475,Gallade,Psychic,Fighting,68,125,65,65,115,80,518,1.6,52.0,233.0,"['steadfast', 'sharpness', 'justified']",justified,generation-4,,,False,white,humanoid,humanshape|indeterminate,,slow,45,35,Blade Pokémon,140,"A master of courtesy and swordsmanship, it fights using extending swords on its elbows.",https://raw.githubusercontent.com/PokeAPI/sprites/master/sprites/pokemon/475.png,0.2637795275590551,0.6486486486486487,0.2448979591836734,0.2669902912621359,0.4130434782608695,0.3846153846153846
475,476,Probopass,Rock,Steel,60,55,145,75,150,40,525,1.4,340.0,184.0,"['sturdy', 'magnet-pull', 'sand-force']",sand-force,generation-4,,,False,gray,heads,mineral,,medium,60,70,Compass Pokémon,147,It freely controls three small units called Mini-Noses using magnetic force.,https://raw.githubusercontent.com/PokeAPI/sprites/master/sprites/pokemon/476.png,0.2322834645669291,0.2702702702702703,0.5714285714285714,0.3155339805825243,0.5652173913043478,0.1794871794871795
476,477,Dusknoir,Ghost,None,45,100,135,65,135,45,525,2.2,106.6,236.0,"['pressure', 'frisk']",frisk,generation-4,,,False,black,arms,indeterminate,,fast,45,35,Gripper Pokémon,182,The antenna on its head captures radio waves from the world of spirits that command it to take people there.,https://raw.githubusercontent.com/PokeAPI/sprites/master/sprites/pokemon/477.png,0.1732283464566929,0.5135135135135135,0.5306122448979592,0.2669902912621359,0.5,0.2051282051282051
477,478,Froslass,Ice,Ghost,70,80,70,80,70,110,480,1.3,26.6,168.0,"['snow-cloak', 'cursed-body']",cursed-body,generation-4,,,False,white,arms,fairy|mineral,,medium,75,70,Snow Land Pokémon,186,It freezes foes with an icy breath nearly -60 degrees F. What seems to be its body is actually hollow.,https://raw.githubusercontent.com/PokeAPI/sprites/master/sprites/pokemon/478.png,0.2716535433070866,0.4054054054054054,0.2653061224489796,0.3398058252427184,0.217391304347826,0.5384615384615384
478,479,Rotom,Electric,Ghost,50,50,77,95,77,91,440,0.3,0.3,154.0,['levitate'],,generation-4,,,False,red,ball,indeterminate,,medium,45,70,Plasma Pokémon,240,Its body is composed of plasma. It is known to infiltrate electronic devices and wreak havoc.,https://raw.githubusercontent.com/PokeAPI/sprites/master/sprites/pokemon/479.png,0.1929133858267716,0.2432432432432432,0.2938775510204082,0.4126213592233009,0.2478260869565217,0.441025641025641
479,480,Uxie,Psychic,None,75,75,130,75,130,95,580,0.3,0.3,261.0,['levitate'],,generation-4,,,False,yellow,upright,no-eggs,,slow,3,140,Knowledge Pokémon,241,Known as “The Being of Knowledge.” It is said that it can wipe out the memory of those who see its eyes.,https://raw.githubusercontent.com/PokeAPI/sprites/master/sprites/pokemon/480.png,0.2913385826771653,0.3783783783783784,0.5102040816326531,0.3155339805825243,0.4782608695652174,0.4615384615384615
480,481,Mesprit,Psychic,None,80,105,105,105,105,80,580,0.3,0.3,261.0,['levitate'],,generation-4,,,False,pink,upright,no-eggs,,slow,3,140,Emotion Pokémon,242,"Known as “The Being of Emotion.” It taught humans the nobility of sorrow, pain, and joy.",https://raw.githubusercontent.com/PokeAPI/sprites/master/sprites/pokemon/481.png,0.3110236220472441,0.5405405405405406,0.4081632653061224,0.4611650485436893,0.3695652173913043,0.3846153846153846
481,482,Azelf,Psychic,None,75,125,70,125,70,115,580,0.3,0.3,261.0,['levitate'],,generation-4,,,False,blue,upright,no-eggs,,slow,3,140,Willpower Pokémon,243,Known as “The Being of Willpower.” It sleeps at the bottom of a lake to keep the world in balance.,https://raw.githubusercontent.com/PokeAPI/sprites/master/sprites/pokemon/482.png,0.2913385826771653,0.6486486486486487,0.2653061224489796,0.558252427184466,0.217391304347826,0.5641025641025641
482,483,Dialga,Steel,Dragon,100,120,120,150,100,90,680,5.4,683.0,306.0,"['pressure', 'telepathy']",telepathy,generation-4,,,False,white,quadruped,no-eggs,,slow,3,0,Temporal Pokémon,244,It has the power to control time. It appears in Sinnoh-region myths as an ancient deity.,https://raw.githubusercontent.com/PokeAPI/sprites/master/sprites/pokemon/483.png,0.389763779527559,0.6216216216216216,0.4693877551020408,0.6796116504854369,0.3478260869565217,0.4358974358974359
483,484,Palkia,Water,Dragon,90,120,100,150,120,100,680,4.2,336.0,306.0,"['pressure', 'telepathy']",telepathy,generation-4,,,False,purple,upright,no-eggs,,slow,3,0,Spatial Pokémon,245,It has the ability to distort space. It is described as a deity in Sinnoh-region mythology.,https://raw.githubusercontent.com/PokeAPI/sprites/master/sprites/pokemon/484.png,0.3503937007874015,0.6216216216216216,0.3877551020408163,0.6796116504854369,0.4347826086956521,0.4871794871794871
484,485,Heatran,Fire,Steel,91,90,106,130,106,77,600,1.7,430.0,270.0,"['flash-fire', 'flame-body']",flame-body,generation-4,,,False,brown,quadruped,no-eggs,,slow,3,100,Lava Dome Pokémon,246,It dwells in volcanic caves. It digs in with its cross-shaped feet to crawl on ceilings and walls.,https://raw.githubusercontent.com/PokeAPI/sprites/master/sprites/pokemon/485.png,0.3543307086614173,0.4594594594594595,0.4122448979591837,0.5825242718446602,0.3739130434782609,0.3692307692307692
485,486,Regigigas,Normal,None,110,160,110,80,110,100,670,3.7,420.0,302.0,['slow-start'],,generation-4,,,False,white,humanoid,no-eggs,,slow,3,0,Colossal Pokémon,247,There is an enduring legend that states this Pokémon towed continents with ropes.,https://raw.githubusercontent.com/PokeAPI/sprites/master/sprites/pokemon/486.png,0.4291338582677165,0.8378378378378378,0.4285714285714285,0.3398058252427184,0.391304347826087,0.4871794871794871
486,487,Giratina-Altered,Ghost,Dragon,150,100,120,100,120,90,680,4.5,750.0,306.0,"['pressure', 'telepathy']",telepathy,generation-4,,,False,black,tentacles,no-eggs,,slow,3,0,Renegade Pokémon,248,A Pokémon that is said to live in a world on the reverse side of ours. It appears in an ancient cemetery.,https://raw.githubusercontent.com/PokeAPI/sprites/master/sprites/pokemon/487.png,0.5866141732283464,0.5135135135135135,0.4693877551020408,0.4368932038834951,0.4347826086956521,0.4358974358974359
487,488,Cresselia,Psychic,None,120,70,110,75,120,85,580,1.5,85.6,270.0,['levitate'],,generation-4,,,False,yellow,squiggle,no-eggs,,slow,3,100,Lunar Pokémon,249,Shiny particles are released from its wings like a veil. It is said to represent the crescent moon.,https://raw.githubusercontent.com/PokeAPI/sprites/master/sprites/pokemon/488.png,0.468503937007874,0.3513513513513513,0.4285714285714285,0.3155339805825243,0.4347826086956521,0.4102564102564102
488,489,Phione,Water,None,80,80,80,80,80,80,480,0.4,3.1,216.0,['hydration'],,generation-4,,,False,blue,arms,water1|fairy,,slow,30,70,Sea Drifter Pokémon,250,"It drifts in warm seas. It always returns to where it was born, no matter how far it may have drifted.",https://raw.githubusercontent.com/PokeAPI/sprites/master/sprites/pokemon/489.png,0.3110236220472441,0.4054054054054054,0.3061224489795918,0.3398058252427184,0.2608695652173913,0.3846153846153846
489,490,Manaphy,Water,None,100,100,100,100,100,100,600,0.3,1.4,270.0,['hydration'],,generation-4,,,False,blue,humanoid,water1|fairy,,slow,3,70,Seafaring Pokémon,250,"Born on a cold seafloor, it will swim great distances to return to its birthplace.",https://raw.githubusercontent.com/PokeAPI/sprites/master/sprites/pokemon/490.png,0.389763779527559,0.5135135135135135,0.3877551020408163,0.4368932038834951,0.3478260869565217,0.4871794871794871
490,491,Darkrai,Dark,None,70,90,90,135,90,125,600,1.5,50.5,270.0,['bad-dreams'],,generation-4,,,False,black,humanoid,no-eggs,,slow,3,0,Pitch-Black Pokémon,252,It can lull people to sleep and make them dream. It is active during nights of the new moon.,https://raw.githubusercontent.com/PokeAPI/sprites/master/sprites/pokemon/491.png,0.2716535433070866,0.4594594594594595,0.3469387755102041,0.6067961165048543,0.3043478260869565,0.6153846153846154
491,492,Shaymin-Land,Grass,None,100,100,100,100,100,100,600,0.2,2.1,270.0,['natural-cure'],,generation-4,,,False,green,quadruped,no-eggs,,medium-slow,45,100,Gratitude Pokémon,253,It lives in flower patches and avoids detection by curling up to look like a flowering plant.,https://raw.githubusercontent.com/PokeAPI/sprites/master/sprites/pokemon/492.png,0.389763779527559,0.5135135135135135,0.3877551020408163,0.4368932038834951,0.3478260869565217,0.4871794871794871
492,493,Arceus,Normal,None,120,120,120,120,120,120,720,3.2,320.0,324.0,['multitype'],,generation-4,,,False,white,quadruped,no-eggs,,slow,3,0,Alpha Pokémon,254,"It is described in mythology as the Pokémon that shaped the universe with its 1,000 arms.",https://raw.githubusercontent.com/PokeAPI/sprites/master/sprites/pokemon/493.png,0.468503937007874,0.6216216216216216,0.4693877551020408,0.5339805825242718,0.4347826086956521,0.5897435897435898
493,494,Victini,Psychic,Fire,100,100,100,100,100,100,600,0.4,4.0,270.0,['victory-star'],,generation-5,,,False,yellow,humanoid,no-eggs,,slow,3,100,Victory Pokémon,255,"This Pokémon brings victory. It is said that Trainers with Victini always win, regardless of the type of encounter.",https://raw.githubusercontent.com/PokeAPI/sprites/master/sprites/pokemon/494.png,0.389763779527559,0.5135135135135135,0.3877551020408163,0.4368932038834951,0.3478260869565217,0.4871794871794871
494,495,Snivy,Grass,None,45,45,55,45,55,63,308,0.6,8.1,62.0,"['overgrow', 'contrary']",contrary,generation-5,,,False,green,upright,ground|plant,,medium-slow,45,70,Grass Snake Pokémon,256,It is very intelligent and calm. Being exposed to lots of sunlight makes its movements swifter.,https://raw.githubusercontent.com/PokeAPI/sprites/master/sprites/pokemon/495.png,0.1732283464566929,0.2162162162162162,0.2040816326530612,0.1699029126213592,0.1521739130434782,0.2974358974358974
495,496,Servine,Grass,None,60,60,75,60,75,83,413,0.8,16.0,145.0,"['overgrow', 'contrary']",contrary,generation-5,,,False,green,upright,ground|plant,,medium-slow,45,70,Grass Snake Pokémon,256,"It moves along the ground as if sliding. Its swift movements befuddle its foes, and it then attacks with a vine whip.",https://raw.githubusercontent.com/PokeAPI/sprites/master/sprites/pokemon/496.png,0.2322834645669291,0.2972972972972973,0.2857142857142857,0.2427184466019417,0.2391304347826087,0.4
496,497,Serperior,Grass,None,75,75,95,75,95,113,528,3.3,63.0,238.0,"['overgrow', 'contrary']",contrary,generation-5,,,False,green,squiggle,ground|plant,,medium-slow,45,70,Regal Pokémon,256,It can stop its opponents’ movements with just a glare. It takes in solar energy and boosts it internally.,https://raw.githubusercontent.com/PokeAPI/sprites/master/sprites/pokemon/497.png,0.2913385826771653,0.3783783783783784,0.3673469387755102,0.3155339805825243,0.3260869565217391,0.5538461538461539
497,498,Tepig,Fire,None,65,63,45,45,45,45,308,0.5,9.9,62.0,"['blaze', 'thick-fat']",thick-fat,generation-5,,,False,red,quadruped,ground,,medium-slow,45,70,Fire Pig Pokémon,257,It can deftly dodge its foe’s attacks while shooting fireballs from its nose. It roasts berries before it eats them.,https://raw.githubusercontent.com/PokeAPI/sprites/master/sprites/pokemon/498.png,0.2519685039370078,0.3135135135135135,0.1632653061224489,0.1699029126213592,0.108695652173913,0.2051282051282051
498,499,Pignite,Fire,Fighting,90,93,55,70,55,55,418,1.0,55.5,146.0,"['blaze', 'thick-fat']",thick-fat,generation-5,,,False,red,upright,ground,,medium-slow,45,70,Fire Pig Pokémon,257,"When its internal fire flares up, its movements grow sharper and faster. When in trouble, it emits smoke.",https://raw.githubusercontent.com/PokeAPI/sprites/master/sprites/pokemon/499.png,0.3503937007874015,0.4756756756756757,0.2040816326530612,0.2912621359223301,0.1521739130434782,0.2564102564102564
499,500,Emboar,Fire,Fighting,110,123,65,100,65,65,528,1.6,150.0,238.0,"['blaze', 'reckless']",reckless,generation-5,,,False,red,upright,ground,,medium-slow,45,70,Mega Fire Pig Pokémon,257,It can throw a fire punch by setting its fists on fire with its fiery chin. It cares deeply about its friends.,https://raw.githubusercontent.com/PokeAPI/sprites/master/sprites/pokemon/500.png,0.4291338582677165,0.6378378378378379,0.2448979591836734,0.4368932038834951,0.1956521739130435,0.3076923076923077
500,501,Oshawott,Water,None,55,55,45,63,45,45,308,0.5,5.9,62.0,"['torrent', 'shell-armor']",shell-armor,generation-5,,,False,blue,upright,ground,,medium-slow,45,70,Sea Otter Pokémon,258,"It fights using the scalchop on its stomach. In response to an attack, it retaliates immediately by slashing.",https://raw.githubusercontent.com/PokeAPI/sprites/master/sprites/pokemon/501.png,0.2125984251968504,0.2702702702702703,0.1632653061224489,0.2572815533980582,0.108695652173913,0.2051282051282051
501,502,Dewott,Water,None,75,75,60,83,60,60,413,0.8,24.5,145.0,"['torrent', 'shell-armor']",shell-armor,generation-5,,,False,blue,upright,ground,,medium-slow,45,70,Discipline Pokémon,258,Strict training is how it learns its flowing double-scalchop technique.,https://raw.githubusercontent.com/PokeAPI/sprites/master/sprites/pokemon/502.png,0.2913385826771653,0.3783783783783784,0.2244897959183673,0.3543689320388349,0.1739130434782608,0.282051282051282
502,503,Samurott,Water,None,95,100,85,108,70,70,528,1.5,94.6,238.0,"['torrent', 'shell-armor']",shell-armor,generation-5,,,False,blue,quadruped,ground,,medium-slow,45,70,Formidable Pokémon,258,One swing of the sword incorporated in its armor can fell an opponent. A simple glare from one of them quiets everybody.,https://raw.githubusercontent.com/PokeAPI/sprites/master/sprites/pokemon/503.png,0.3700787401574803,0.5135135135135135,0.3265306122448979,0.4757281553398058,0.217391304347826,0.3333333333333333
503,504,Patrat,Normal,None,45,55,39,35,39,42,255,0.5,11.6,51.0,"['run-away', 'keen-eye', 'analytic']",analytic,generation-5,,,False,brown,quadruped,ground,,medium,255,70,Scout Pokémon,259,"Using food stored in cheek pouches, they can keep watch for days. They use their tails to communicate with others.",https://raw.githubusercontent.com/PokeAPI/sprites/master/sprites/pokemon/504.png,0.1732283464566929,0.2702702702702703,0.1387755102040816,0.1213592233009708,0.0826086956521739,0.1897435897435897
504,505,Watchog,Normal,None,60,85,69,60,69,77,420,1.1,27.0,147.0,"['illuminate', 'keen-eye', 'analytic']",analytic,generation-5,,,False,brown,upright,ground,,medium,255,70,Lookout Pokémon,259,"When they see an enemy, their tails stand high, and they spit the seeds of berries stored in their cheek pouches.",https://raw.githubusercontent.com/PokeAPI/sprites/master/sprites/pokemon/505.png,0.2322834645669291,0.4324324324324324,0.2612244897959184,0.2427184466019417,0.2130434782608695,0.3692307692307692
505,506,Lillipup,Normal,None,45,60,45,25,45,55,275,0.4,4.1,55.0,"['vital-spirit', 'pickup', 'run-away']",run-away,generation-5,,,False,brown,quadruped,ground,,medium-slow,255,70,Puppy Pokémon,260,"It faces strong opponents with great courage. But, when at a disadvantage in a fight, this intelligent Pokémon flees.",https://raw.githubusercontent.com/PokeAPI/sprites/master/sprites/pokemon/506.png,0.1732283464566929,0.2972972972972973,0.1632653061224489,0.0728155339805825,0.108695652173913,0.2564102564102564
506,507,Herdier,Normal,None,65,80,65,35,65,60,370,0.9,14.7,130.0,"['intimidate', 'sand-rush', 'scrappy']",scrappy,generation-5,,,False,gray,quadruped,ground,,medium-slow,120,70,Loyal Dog Pokémon,260,"It has black, cape-like fur that is very hard and decreases the amount of damage it receives.",https://raw.githubusercontent.com/PokeAPI/sprites/master/sprites/pokemon/507.png,0.2519685039370078,0.4054054054054054,0.2448979591836734,0.1213592233009708,0.1956521739130435,0.282051282051282
507,508,Stoutland,Normal,None,85,110,90,45,90,80,500,1.2,61.0,225.0,"['intimidate', 'sand-rush', 'scrappy']",scrappy,generation-5,,,False,gray,quadruped,ground,,medium-slow,45,70,Big-Hearted Pokémon,260,It rescues people stranded by blizzards in the mountains. Its shaggy fur shields it from the cold.,https://raw.githubusercontent.com/PokeAPI/sprites/master/sprites/pokemon/508.png,0.3307086614173228,0.5675675675675675,0.3469387755102041,0.1699029126213592,0.3043478260869565,0.3846153846153846
508,509,Purrloin,Dark,None,41,50,37,50,37,66,281,0.4,10.1,56.0,"['limber', 'unburden', 'prankster']",prankster,generation-5,,,False,purple,quadruped,ground,,medium,255,70,Devious Pokémon,261,"They steal from people for fun, but their victims can’t help but forgive them. Their deceptively cute act is perfect.",https://raw.githubusercontent.com/PokeAPI/sprites/master/sprites/pokemon/509.png,0.1574803149606299,0.2432432432432432,0.1306122448979592,0.1941747572815534,0.0739130434782608,0.3128205128205128
509,510,Liepard,Dark,None,64,88,50,88,50,106,446,1.1,37.5,156.0,"['limber', 'unburden', 'prankster']",prankster,generation-5,,,False,purple,quadruped,ground,,medium,90,70,Cruel Pokémon,261,These Pokémon vanish and appear unexpectedly. Many Trainers are drawn to their beautiful form and fur.,https://raw.githubusercontent.com/PokeAPI/sprites/master/sprites/pokemon/510.png,0.2480314960629921,0.4486486486486487,0.1836734693877551,0.3786407766990291,0.1304347826086956,0.517948717948718
510,511,Pansage,Grass,None,50,53,48,53,48,64,316,0.6,10.5,63.0,"['gluttony', 'overgrow']",overgrow,generation-5,,,False,green,upright,ground,,medium,190,70,Grass Monkey Pokémon,262,This Pokémon dwells deep in the forest. Eating a leaf from its head whisks weariness away as if by magic.,https://raw.githubusercontent.com/PokeAPI/sprites/master/sprites/pokemon/511.png,0.1929133858267716,0.2594594594594595,0.1755102040816326,0.2087378640776699,0.1217391304347826,0.3025641025641025
511,512,Simisage,Grass,None,75,98,63,98,63,101,498,1.1,30.5,174.0,"['gluttony', 'overgrow']",overgrow,generation-5,,,False,green,upright,ground,,medium,75,70,Thorn Monkey Pokémon,262,"Ill tempered, it fights by swinging its barbed tail around wildly. The leaf growing on its head is very bitter.",https://raw.githubusercontent.com/PokeAPI/sprites/master/sprites/pokemon/512.png,0.2913385826771653,0.5027027027027027,0.236734693877551,0.4271844660194174,0.1869565217391304,0.4923076923076923
512,513,Pansear,Fire,None,50,53,48,53,48,64,316,0.6,11.0,63.0,"['gluttony', 'blaze']",blaze,generation-5,,,False,red,upright,ground,,medium,190,70,High Temp Pokémon,263,"When it is angered, the temperature of its head tuft reaches 600° F. It uses its tuft to roast berries.",https://raw.githubusercontent.com/PokeAPI/sprites/master/sprites/pokemon/513.png,0.1929133858267716,0.2594594594594595,0.1755102040816326,0.2087378640776699,0.1217391304347826,0.3025641025641025
513,514,Simisear,Fire,None,75,98,63,98,63,101,498,1.0,28.0,174.0,"['gluttony', 'blaze']",blaze,generation-5,,,False,red,upright,ground,,medium,75,70,Ember Pokémon,263,It loves sweets because they become energy for the fire burning inside its body.,https://raw.githubusercontent.com/PokeAPI/sprites/master/sprites/pokemon/514.png,0.2913385826771653,0.5027027027027027,0.236734693877551,0.4271844660194174,0.1869565217391304,0.4923076923076923
514,515,Panpour,Water,None,50,53,48,53,48,64,316,0.6,13.5,63.0,"['gluttony', 'torrent']",torrent,generation-5,,,False,blue,upright,ground,,medium,190,70,Spray Pokémon,264,The water stored inside the tuft on its head is full of nutrients. Plants that receive its water grow large.,https://raw.githubusercontent.com/PokeAPI/sprites/master/sprites/pokemon/515.png,0.1929133858267716,0.2594594594594595,0.1755102040816326,0.2087378640776699,0.1217391304347826,0.3025641025641025
515,516,Simipour,Water,None,75,98,63,98,63,101,498,1.0,29.0,174.0,"['gluttony', 'torrent']",torrent,generation-5,,,False,blue,upright,ground,,medium,75,70,Geyser Pokémon,264,"The tuft on its head holds water. When the level runs low, it replenishes the tuft by siphoning up water with its tail.",https://raw.githubusercontent.com/PokeAPI/sprites/master/sprites/pokemon/516.png,0.2913385826771653,0.5027027027027027,0.236734693877551,0.4271844660194174,0.1869565217391304,0.4923076923076923
516,517,Munna,Psychic,None,76,25,45,67,55,24,292,0.6,23.3,58.0,"['forewarn', 'synchronize', 'telepathy']",telepathy,generation-5,,,False,pink,quadruped,ground,,fast,190,70,Dream Eater Pokémon,265,Munna always float in the air. People whose dreams are eaten by them forget what the dreams had been about.,https://raw.githubusercontent.com/PokeAPI/sprites/master/sprites/pokemon/517.png,0.2952755905511811,0.1081081081081081,0.1632653061224489,0.2766990291262136,0.1521739130434782,0.0974358974358974
517,518,Musharna,Psychic,None,116,55,85,107,95,29,487,1.1,60.5,170.0,"['forewarn', 'synchronize', 'telepathy']",telepathy,generation-5,,,False,pink,humanoid,ground,,fast,75,70,Drowsing Pokémon,265,The mist emanating from their foreheads is packed with the dreams of people and Pokémon.,https://raw.githubusercontent.com/PokeAPI/sprites/master/sprites/pokemon/518.png,0.452755905511811,0.2702702702702703,0.3265306122448979,0.470873786407767,0.3260869565217391,0.123076923076923
518,519,Pidove,Normal,Flying,50,55,50,36,30,43,264,0.3,2.1,53.0,"['big-pecks', 'super-luck', 'rivalry']",rivalry,generation-5,,,False,gray,wings,flying,,medium-slow,255,70,Tiny Pigeon Pokémon,266,"Each follows its Trainer’s orders as best it can, but they sometimes fail to understand complicated commands.",https://raw.githubusercontent.com/PokeAPI/sprites/master/sprites/pokemon/519.png,0.1929133858267716,0.2702702702702703,0.1836734693877551,0.1262135922330097,0.0434782608695652,0.1948717948717948
519,520,Tranquill,Normal,Flying,62,77,62,50,42,65,358,0.6,15.0,125.0,"['big-pecks', 'super-luck', 'rivalry']",rivalry,generation-5,,,False,gray,wings,flying,,medium-slow,120,70,Wild Pigeon Pokémon,266,It can return to its Trainer’s location regardless of the distance separating them.,https://raw.githubusercontent.com/PokeAPI/sprites/master/sprites/pokemon/520.png,0.2401574803149606,0.3891891891891892,0.2326530612244897,0.1941747572815534,0.0956521739130434,0.3076923076923077
520,521,Unfezant,Normal,Flying,80,115,80,65,55,93,488,1.2,29.0,220.0,"['big-pecks', 'super-luck', 'rivalry']",rivalry,generation-5,,,False,gray,wings,flying,,medium-slow,45,70,Proud Pokémon,266,Males swing their head plumage to threaten opponents. The females’ flying abilities surpass those of the males.,https://raw.githubusercontent.com/PokeAPI/sprites/master/sprites/pokemon/521.png,0.3110236220472441,0.5945945945945946,0.3061224489795918,0.2669902912621359,0.1521739130434782,0.4512820512820513
521,522,Blitzle,Electric,None,45,60,32,50,32,76,295,0.8,29.8,59.0,"['lightning-rod', 'motor-drive', 'sap-sipper']",sap-sipper,generation-5,,,False,black,quadruped,ground,,medium,190,70,Electrified Pokémon,267,"When thunderclouds cover the sky, it will appear. It can catch lightning with its mane and store the electricity.",https://raw.githubusercontent.com/PokeAPI/sprites/master/sprites/pokemon/522.png,0.1732283464566929,0.2972972972972973,0.110204081632653,0.1941747572815534,0.0521739130434782,0.3641025641025641
522,523,Zebstrika,Electric,None,75,100,63,80,63,116,497,1.6,79.5,174.0,"['lightning-rod', 'motor-drive', 'sap-sipper']",sap-sipper,generation-5,,,False,black,quadruped,ground,,medium,75,70,Thunderbolt Pokémon,267,"They have lightning-like movements. When Zebstrika run at full speed, the sound of thunder reverberates.",https://raw.githubusercontent.com/PokeAPI/sprites/master/sprites/pokemon/523.png,0.2913385826771653,0.5135135135135135,0.236734693877551,0.3398058252427184,0.1869565217391304,0.5692307692307692
523,524,Roggenrola,Rock,None,55,75,85,25,25,15,280,0.4,18.0,56.0,"['sturdy', 'weak-armor', 'sand-force']",sand-force,generation-5,,,False,blue,legs,mineral,,medium-slow,255,70,Mantle Pokémon,268,"Its ear is hexagonal in shape. Compressed underground, its body is as hard as steel.",https://raw.githubusercontent.com/PokeAPI/sprites/master/sprites/pokemon/524.png,0.2125984251968504,0.3783783783783784,0.3265306122448979,0.0728155339805825,0.0217391304347826,0.0512820512820512
524,525,Boldore,Rock,None,70,105,105,50,40,20,390,0.9,102.0,137.0,"['sturdy', 'weak-armor', 'sand-force']",sand-force,generation-5,,,False,blue,tentacles,mineral,,medium-slow,120,70,Ore Pokémon,268,"When it overflows with power, the orange crystal on its body glows. It looks for underground water in caves.",https://raw.githubusercontent.com/PokeAPI/sprites/master/sprites/pokemon/525.png,0.2716535433070866,0.5405405405405406,0.4081632653061224,0.1941747572815534,0.0869565217391304,0.0769230769230769
525,526,Gigalith,Rock,None,85,135,130,60,80,25,515,1.7,260.0,232.0,"['sturdy', 'sand-stream', 'sand-force']",sand-force,generation-5,,,False,blue,tentacles,mineral,,medium-slow,45,70,Compressed Pokémon,268,Compressing the energy from its internal core lets it fire off an attack capable of blowing away a mountain.,https://raw.githubusercontent.com/PokeAPI/sprites/master/sprites/pokemon/526.png,0.3307086614173228,0.7027027027027027,0.5102040816326531,0.2427184466019417,0.2608695652173913,0.1025641025641025
526,527,Woobat,Psychic,Flying,65,45,43,55,43,72,323,0.4,2.1,65.0,"['unaware', 'klutz', 'simple']",simple,generation-5,,,False,blue,wings,ground|flying,,medium,190,70,Bat Pokémon,269,Its habitat is dark forests and caves. It emits ultrasonic waves from its nose to learn about its surroundings.,https://raw.githubusercontent.com/PokeAPI/sprites/master/sprites/pokemon/527.png,0.2519685039370078,0.2162162162162162,0.1551020408163265,0.2184466019417475,0.1,0.3435897435897436
527,528,Swoobat,Psychic,Flying,67,57,55,77,55,114,425,0.9,10.5,149.0,"['unaware', 'klutz', 'simple']",simple,generation-5,,,False,blue,wings,ground|flying,,medium,45,70,Courting Pokémon,269,"It emits sound waves of various frequencies from its nose, including some powerful enough to destroy rocks.",https://raw.githubusercontent.com/PokeAPI/sprites/master/sprites/pokemon/528.png,0.2598425196850393,0.2810810810810811,0.2040816326530612,0.3252427184466019,0.1521739130434782,0.558974358974359
528,529,Drilbur,Ground,None,60,85,40,30,45,68,328,0.3,8.5,66.0,"['sand-rush', 'sand-force', 'mold-breaker']",mold-breaker,generation-5,,,False,gray,upright,ground,,medium,120,70,Mole Pokémon,270,It can dig through the ground at a speed of 30 mph. It could give a car running aboveground a good race.,https://raw.githubusercontent.com/PokeAPI/sprites/master/sprites/pokemon/529.png,0.2322834645669291,0.4324324324324324,0.1428571428571428,0.0970873786407767,0.108695652173913,0.3230769230769231
529,530,Excadrill,Ground,Steel,110,135,60,50,65,88,508,0.7,40.4,178.0,"['sand-rush', 'sand-force', 'mold-breaker']",mold-breaker,generation-5,,,False,gray,humanoid,ground,,medium,60,70,Subterrene Pokémon,270,It can help in tunnel construction. Its drill has evolved into steel strong enough to bore through iron plates.,https://raw.githubusercontent.com/PokeAPI/sprites/master/sprites/pokemon/530.png,0.4291338582677165,0.7027027027027027,0.2244897959183673,0.1941747572815534,0.1956521739130435,0.4256410256410256
530,531,Audino,Normal,None,103,60,86,60,86,50,445,1.1,31.0,390.0,"['healer', 'regenerator', 'klutz']",klutz,generation-5,,,False,pink,upright,fairy,,fast,255,70,Hearing Pokémon,271,"It touches others with the feelers on its ears, using the sound of their heartbeats to tell how they are feeling.",https://raw.githubusercontent.com/PokeAPI/sprites/master/sprites/pokemon/531.png,0.4015748031496063,0.2972972972972973,0.3306122448979592,0.2427184466019417,0.2869565217391304,0.2307692307692307
531,532,Timburr,Fighting,None,75,80,55,25,35,35,305,0.6,12.5,61.0,"['guts', 'sheer-force', 'iron-fist']",iron-fist,generation-5,,,False,gray,humanoid,humanshape,,medium-slow,180,70,Muscular Pokémon,272,It fights by swinging a piece of lumber around. It is close to evolving when it can handle the lumber without difficulty.,https://raw.githubusercontent.com/PokeAPI/sprites/master/sprites/pokemon/532.png,0.2913385826771653,0.4054054054054054,0.2040816326530612,0.0728155339805825,0.0652173913043478,0.1538461538461538
532,533,Gurdurr,Fighting,None,85,105,85,40,50,40,405,1.2,40.0,142.0,"['guts', 'sheer-force', 'iron-fist']",iron-fist,generation-5,,,False,gray,humanoid,humanshape,,medium-slow,90,70,Muscular Pokémon,272,This Pokémon is so muscular and strongly built that even a group of wrestlers could not make it budge an inch.,https://raw.githubusercontent.com/PokeAPI/sprites/master/sprites/pokemon/533.png,0.3307086614173228,0.5405405405405406,0.3265306122448979,0.145631067961165,0.1304347826086956,0.1794871794871795
533,534,Conkeldurr,Fighting,None,105,140,95,55,65,45,505,1.4,87.0,227.0,"['guts', 'sheer-force', 'iron-fist']",iron-fist,generation-5,,,False,brown,humanoid,humanshape,,medium-slow,45,70,Muscular Pokémon,272,"It is thought that Conkeldurr taught humans how to make concrete more than 2,000 years ago.",https://raw.githubusercontent.com/PokeAPI/sprites/master/sprites/pokemon/534.png,0.4094488188976378,0.7297297297297297,0.3673469387755102,0.2184466019417475,0.1956521739130435,0.2051282051282051
534,535,Tympole,Water,None,50,50,40,50,40,64,294,0.5,4.5,59.0,"['swift-swim', 'hydration', 'water-absorb']",water-absorb,generation-5,,,False,blue,fish,water1,,medium-slow,255,70,Tadpole Pokémon,273,They warn others of danger by vibrating their cheeks to create a high-pitched sound.,https://raw.githubusercontent.com/PokeAPI/sprites/master/sprites/pokemon/535.png,0.1929133858267716,0.2432432432432432,0.1428571428571428,0.1941747572815534,0.0869565217391304,0.3025641025641025
535,536,Palpitoad,Water,Ground,75,65,55,65,55,69,384,0.8,17.0,134.0,"['swift-swim', 'hydration', 'water-absorb']",water-absorb,generation-5,,,False,blue,upright,water1,,medium-slow,120,70,Vibration Pokémon,273,"When they vibrate the bumps on their heads, they can make waves in water or earthquake-like vibrations on land.",https://raw.githubusercontent.com/PokeAPI/sprites/master/sprites/pokemon/536.png,0.2913385826771653,0.3243243243243243,0.2040816326530612,0.2669902912621359,0.1521739130434782,0.3282051282051282
536,537,Seismitoad,Water,Ground,105,95,75,85,75,74,509,1.5,62.0,229.0,"['swift-swim', 'poison-touch', 'water-absorb']",water-absorb,generation-5,,,False,blue,humanoid,water1,,medium-slow,45,70,Vibration Pokémon,273,They shoot paralyzing liquid from their head bumps. They use vibration to hurt their opponents.,https://raw.githubusercontent.com/PokeAPI/sprites/master/sprites/pokemon/537.png,0.4094488188976378,0.4864864864864865,0.2857142857142857,0.3640776699029126,0.2391304347826087,0.3538461538461538
537,538,Throh,Fighting,None,120,100,85,30,85,45,465,1.3,55.5,163.0,"['guts', 'inner-focus', 'mold-breaker']",mold-breaker,generation-5,,,False,red,humanoid,humanshape,,medium,45,70,Judo Pokémon,274,"When it tightens its belt, it becomes stronger. Wild Throh use vines to weave their own belts.",https://raw.githubusercontent.com/PokeAPI/sprites/master/sprites/pokemon/538.png,0.468503937007874,0.5135135135135135,0.3265306122448979,0.0970873786407767,0.2826086956521739,0.2051282051282051
538,539,Sawk,Fighting,None,75,125,75,30,75,85,465,1.4,51.0,163.0,"['sturdy', 'inner-focus', 'mold-breaker']",mold-breaker,generation-5,,,False,blue,humanoid,humanshape,,medium,45,70,Karate Pokémon,275,The sound of Sawk punching boulders and trees can be heard all the way from the mountains where they train.,https://raw.githubusercontent.com/PokeAPI/sprites/master/sprites/pokemon/539.png,0.2913385826771653,0.6486486486486487,0.2857142857142857,0.0970873786407767,0.2391304347826087,0.4102564102564102
539,540,Sewaddle,Bug,Grass,45,53,70,40,60,42,310,0.3,2.5,62.0,"['swarm', 'chlorophyll', 'overcoat']",overcoat,generation-5,,,False,yellow,armor,bug,,medium-slow,255,70,Sewing Pokémon,276,Leavanny dress it in clothes they made for it when it hatched. It hides its head in its hood while it is sleeping.,https://raw.githubusercontent.com/PokeAPI/sprites/master/sprites/pokemon/540.png,0.1732283464566929,0.2594594594594595,0.2653061224489796,0.145631067961165,0.1739130434782608,0.1897435897435897
540,541,Swadloon,Bug,Grass,55,63,90,50,80,42,380,0.5,7.3,133.0,"['leaf-guard', 'chlorophyll', 'overcoat']",overcoat,generation-5,,,False,green,arms,bug,,medium-slow,120,70,Leaf-Wrapped Pokémon,276,Forests where Swadloon live have superb foliage because the nutrients they make from fallen leaves nourish the plant life.,https://raw.githubusercontent.com/PokeAPI/sprites/master/sprites/pokemon/541.png,0.2125984251968504,0.3135135135135135,0.3469387755102041,0.1941747572815534,0.2608695652173913,0.1897435897435897
541,542,Leavanny,Bug,Grass,75,103,80,70,80,92,500,1.2,20.5,225.0,"['swarm', 'chlorophyll', 'overcoat']",overcoat,generation-5,,,False,yellow,humanoid,bug,,medium-slow,45,70,Nurturing Pokémon,276,"Upon finding a small Pokémon, it weaves clothing for it from leaves, using the cutters on its arms and sticky silk.",https://raw.githubusercontent.com/PokeAPI/sprites/master/sprites/pokemon/542.png,0.2913385826771653,0.5297297297297298,0.3061224489795918,0.2912621359223301,0.2608695652173913,0.4461538461538462
542,543,Venipede,Bug,Poison,30,45,59,30,39,57,260,0.4,5.3,52.0,"['poison-point', 'swarm', 'speed-boost']",speed-boost,generation-5,,,False,red,armor,bug,,medium-slow,255,70,Centipede Pokémon,277,"Its bite injects a potent poison, enough to paralyze large bird Pokémon that try to prey on it.",https://raw.githubusercontent.com/PokeAPI/sprites/master/sprites/pokemon/543.png,0.1141732283464567,0.2162162162162162,0.2204081632653061,0.0970873786407767,0.0826086956521739,0.2666666666666666
543,544,Whirlipede,Bug,Poison,40,55,99,40,79,47,360,1.2,58.5,126.0,"['poison-point', 'swarm', 'speed-boost']",speed-boost,generation-5,,,False,gray,ball,bug,,medium-slow,120,70,Curlipede Pokémon,277,"Protected by a hard shell, it spins its body like a wheel and crashes furiously into its enemies.",https://raw.githubusercontent.com/PokeAPI/sprites/master/sprites/pokemon/544.png,0.1535433070866141,0.2702702702702703,0.3836734693877551,0.145631067961165,0.2565217391304348,0.2153846153846154
544,545,Scolipede,Bug,Poison,60,100,89,55,69,112,485,2.5,200.5,218.0,"['poison-point', 'swarm', 'speed-boost']",speed-boost,generation-5,,,False,red,armor,bug,,medium-slow,45,70,Megapede Pokémon,277,"With quick movements, it chases down its foes, attacking relentlessly with its horns until it prevails.",https://raw.githubusercontent.com/PokeAPI/sprites/master/sprites/pokemon/545.png,0.2322834645669291,0.5135135135135135,0.3428571428571428,0.2184466019417475,0.2130434782608695,0.5487179487179488
545,546,Cottonee,Grass,Fairy,40,27,60,37,50,66,280,0.3,0.6,56.0,"['prankster', 'infiltrator', 'chlorophyll']",chlorophyll,generation-5,,,False,green,ball,plant|fairy,,medium,190,70,Cotton Puff Pokémon,278,"When attacked, it escapes by shooting cotton from its body. The cotton serves as a decoy to distract the attacker.",https://raw.githubusercontent.com/PokeAPI/sprites/master/sprites/pokemon/546.png,0.1535433070866141,0.1189189189189189,0.2244897959183673,0.1310679611650485,0.1304347826086956,0.3128205128205128
546,547,Whimsicott,Grass,Fairy,60,67,85,77,75,116,480,0.7,6.6,168.0,"['prankster', 'infiltrator', 'chlorophyll']",chlorophyll,generation-5,,,False,green,humanoid,plant|fairy,,medium,75,70,Windveiled Pokémon,278,"Like the wind, it can slip through any gap, no matter how small. It leaves balls of white fluff behind.",https://raw.githubusercontent.com/PokeAPI/sprites/master/sprites/pokemon/547.png,0.2322834645669291,0.3351351351351351,0.3265306122448979,0.3252427184466019,0.2391304347826087,0.5692307692307692
547,548,Petilil,Grass,None,45,35,50,70,50,30,280,0.5,6.6,56.0,"['chlorophyll', 'own-tempo', 'leaf-guard']",leaf-guard,generation-5,,,False,green,blob,plant,,medium,190,70,Bulb Pokémon,279,The leaves on its head are very bitter. Eating one of these leaves is known to refresh a tired body.,https://raw.githubusercontent.com/PokeAPI/sprites/master/sprites/pokemon/548.png,0.1732283464566929,0.1621621621621621,0.1836734693877551,0.2912621359223301,0.1304347826086956,0.1282051282051282
548,549,Lilligant,Grass,None,70,60,75,110,75,90,480,1.1,16.3,168.0,"['chlorophyll', 'own-tempo', 'leaf-guard']",leaf-guard,generation-5,,,False,green,blob,plant,,medium,75,70,Flowering Pokémon,279,Even veteran Trainers face a challenge in getting its beautiful flower to bloom. This Pokémon is popular with celebrities.,https://raw.githubusercontent.com/PokeAPI/sprites/master/sprites/pokemon/549.png,0.2716535433070866,0.2972972972972973,0.2857142857142857,0.4854368932038835,0.2391304347826087,0.4358974358974359
549,550,Basculin-Red-Striped,Water,None,70,92,65,80,55,98,460,1.0,18.0,161.0,"['reckless', 'adaptability', 'mold-breaker']",mold-breaker,generation-5,,,False,green,fish,water2,,medium,25,70,Hostile Pokémon,280,"Red and blue Basculin get along so poorly, they’ll start fighting instantly. These Pokémon are very hostile.",https://raw.githubusercontent.com/PokeAPI/sprites/master/sprites/pokemon/550.png,0.2716535433070866,0.4702702702702703,0.2448979591836734,0.3398058252427184,0.1521739130434782,0.4769230769230769
550,551,Sandile,Ground,Dark,50,72,35,35,35,65,292,0.7,15.2,58.0,"['intimidate', 'moxie', 'anger-point']",anger-point,generation-5,,,False,brown,quadruped,ground,,medium-slow,180,70,Desert Croc Pokémon,281,They live buried in the sands of the desert. The sun-warmed sands prevent their body temperature from dropping.,https://raw.githubusercontent.com/PokeAPI/sprites/master/sprites/pokemon/551.png,0.1929133858267716,0.3621621621621622,0.1224489795918367,0.1213592233009708,0.0652173913043478,0.3076923076923077
551,552,Krokorok,Ground,Dark,60,82,45,45,45,74,351,1.0,33.4,123.0,"['intimidate', 'moxie', 'anger-point']",anger-point,generation-5,,,False,brown,quadruped,ground,,medium-slow,90,70,Desert Croc Pokémon,281,They live in groups of a few individuals. Protective membranes shield their eyes from sandstorms.,https://raw.githubusercontent.com/PokeAPI/sprites/master/sprites/pokemon/552.png,0.2322834645669291,0.4162162162162162,0.1632653061224489,0.1699029126213592,0.108695652173913,0.3538461538461538
552,553,Krookodile,Ground,Dark,95,117,80,65,70,92,519,1.5,96.3,234.0,"['intimidate', 'moxie', 'anger-point']",anger-point,generation-5,,,False,red,upright,ground,,medium-slow,45,70,Intimidation Pokémon,281,"They never allow prey to escape. Their jaws are so powerful, they can crush the body of an automobile.",https://raw.githubusercontent.com/PokeAPI/sprites/master/sprites/pokemon/553.png,0.3700787401574803,0.6054054054054054,0.3061224489795918,0.2669902912621359,0.217391304347826,0.4461538461538462
553,554,Darumaka,Fire,None,70,90,45,15,45,50,315,0.6,37.5,63.0,"['hustle', 'inner-focus']",inner-focus,generation-5,,,False,red,humanoid,ground,,medium-slow,120,70,Zen Charm Pokémon,282,"When its internal fire is burning, it cannot calm down and it runs around. When the fire diminishes, it falls asleep.",https://raw.githubusercontent.com/PokeAPI/sprites/master/sprites/pokemon/554.png,0.2716535433070866,0.4594594594594595,0.1632653061224489,0.0242718446601941,0.108695652173913,0.2307692307692307
554,555,Darmanitan-Standard,Fire,None,105,140,55,30,55,95,480,1.3,92.9,168.0,"['sheer-force', 'zen-mode']",zen-mode,generation-5,,,False,red,quadruped,ground,,medium-slow,60,70,Blazing Pokémon,282,"Its internal fire burns at 2,500° F, making enough power that it can destroy a dump truck with one punch.",https://raw.githubusercontent.com/PokeAPI/sprites/master/sprites/pokemon/555.png,0.4094488188976378,0.7297297297297297,0.2040816326530612,0.0970873786407767,0.1521739130434782,0.4615384615384615
555,556,Maractus,Grass,None,75,86,67,106,67,60,461,1.0,28.0,161.0,"['water-absorb', 'chlorophyll', 'storm-drain']",storm-drain,generation-5,,,False,green,blob,plant,,medium,255,70,Cactus Pokémon,283,It uses an up-tempo song and dance to drive away the bird Pokémon that prey on its flower seeds.,https://raw.githubusercontent.com/PokeAPI/sprites/master/sprites/pokemon/556.png,0.2913385826771653,0.4378378378378378,0.2530612244897959,0.4660194174757281,0.2043478260869565,0.282051282051282
556,557,Dwebble,Bug,Rock,50,65,85,35,35,55,325,0.3,14.5,65.0,"['sturdy', 'shell-armor', 'weak-armor']",weak-armor,generation-5,,,False,red,armor,bug|mineral,,medium,190,70,Rock Inn Pokémon,284,This Pokémon can easily melt holes in hard rocks with a liquid secreted from its mouth.,https://raw.githubusercontent.com/PokeAPI/sprites/master/sprites/pokemon/557.png,0.1929133858267716,0.3243243243243243,0.3265306122448979,0.1213592233009708,0.0652173913043478,0.2564102564102564
557,558,Crustle,Bug,Rock,70,105,125,65,75,45,485,1.4,200.0,170.0,"['sturdy', 'shell-armor', 'weak-armor']",weak-armor,generation-5,,,False,red,armor,bug|mineral,,medium,75,70,Stone Home Pokémon,284,"Competing for territory, Crustle fight viciously. The one whose boulder is broken is the loser of the battle.",https://raw.githubusercontent.com/PokeAPI/sprites/master/sprites/pokemon/558.png,0.2716535433070866,0.5405405405405406,0.4897959183673469,0.2669902912621359,0.2391304347826087,0.2051282051282051
558,559,Scraggy,Dark,Fighting,50,75,70,35,70,48,348,0.6,11.8,70.0,"['shed-skin', 'moxie', 'intimidate']",intimidate,generation-5,,,False,yellow,upright,ground|dragon,,medium,180,35,Shedding Pokémon,285,"Its skin has a rubbery elasticity, so it can reduce damage by defensively pulling its skin up to its neck.",https://raw.githubusercontent.com/PokeAPI/sprites/master/sprites/pokemon/559.png,0.1929133858267716,0.3783783783783784,0.2653061224489796,0.1213592233009708,0.217391304347826,0.2205128205128205
559,560,Scrafty,Dark,Fighting,65,90,115,45,115,58,488,1.1,30.0,171.0,"['shed-skin', 'moxie', 'intimidate']",intimidate,generation-5,,,False,red,upright,ground|dragon,,medium,90,70,Hoodlum Pokémon,285,Groups of them beat up anything that enters their territory. Each can spit acidic liquid from its mouth.,https://raw.githubusercontent.com/PokeAPI/sprites/master/sprites/pokemon/560.png,0.2519685039370078,0.4594594594594595,0.4489795918367347,0.1699029126213592,0.4130434782608695,0.2717948717948718
560,561,Sigilyph,Psychic,Flying,72,58,80,103,80,97,490,1.4,14.0,172.0,"['wonder-skin', 'magic-guard', 'tinted-lens']",tinted-lens,generation-5,,,False,black,wings,flying,,medium,45,70,Avianoid Pokémon,286,"They never vary the route they fly, because their memories of guarding an ancient city remain steadfast.",https://raw.githubusercontent.com/PokeAPI/sprites/master/sprites/pokemon/561.png,0.2795275590551181,0.2864864864864865,0.3061224489795918,0.4514563106796116,0.2608695652173913,0.4717948717948718
561,562,Yamask,Ghost,None,38,30,85,55,65,30,303,0.5,1.5,61.0,['mummy'],,generation-5,,,False,black,arms,mineral|indeterminate,,medium,190,70,Spirit Pokémon,287,Each of them carries a mask that used to be its face when it was human. Sometimes they look at it and cry.,https://raw.githubusercontent.com/PokeAPI/sprites/master/sprites/pokemon/562.png,0.1456692913385826,0.1351351351351351,0.3265306122448979,0.2184466019417475,0.1956521739130435,0.1282051282051282
562,563,Cofagrigus,Ghost,None,58,50,145,95,105,30,483,1.7,76.5,169.0,['mummy'],,generation-5,,,False,yellow,blob,mineral|indeterminate,,medium,90,70,Coffin Pokémon,287,It has been said that they swallow those who get too close and turn them into mummies. They like to eat gold nuggets.,https://raw.githubusercontent.com/PokeAPI/sprites/master/sprites/pokemon/563.png,0.2244094488188976,0.2432432432432432,0.5714285714285714,0.4126213592233009,0.3695652173913043,0.1282051282051282
563,564,Tirtouga,Water,Rock,54,78,103,53,45,22,355,0.7,16.5,71.0,"['solid-rock', 'sturdy', 'swift-swim']",swift-swim,generation-5,,,False,blue,quadruped,water1|water3,,medium,45,70,Prototurtle Pokémon,288,"Restored from a fossil, this Pokémon can dive to depths beyond half a mile.",https://raw.githubusercontent.com/PokeAPI/sprites/master/sprites/pokemon/564.png,0.2086614173228346,0.3945945945945946,0.4,0.2087378640776699,0.108695652173913,0.0871794871794871
564,565,Carracosta,Water,Rock,74,108,133,83,65,32,495,1.2,81.0,173.0,"['solid-rock', 'sturdy', 'swift-swim']",swift-swim,generation-5,,,False,blue,upright,water1|water3,,medium,45,70,Prototurtle Pokémon,288,They can live both in the ocean and on land. A slap from one of them is enough to open a hole in the bottom of a tanker.,https://raw.githubusercontent.com/PokeAPI/sprites/master/sprites/pokemon/565.png,0.2874015748031496,0.5567567567567567,0.5224489795918368,0.3543689320388349,0.1956521739130435,0.1384615384615384
565,566,Archen,Rock,Flying,55,112,45,74,45,70,401,0.5,9.5,71.0,['defeatist'],,generation-5,,,False,yellow,wings,flying|water3,,medium,45,70,First Bird Pokémon,289,"Said to be an ancestor of bird Pokémon, they were unable to fly and moved about by hopping from one branch to another.",https://raw.githubusercontent.com/PokeAPI/sprites/master/sprites/pokemon/566.png,0.2125984251968504,0.5783783783783784,0.1632653061224489,0.3106796116504854,0.108695652173913,0.3333333333333333
566,567,Archeops,Rock,Flying,75,140,65,112,65,110,567,1.4,32.0,177.0,['defeatist'],,generation-5,,,False,yellow,wings,flying|water3,,medium,45,70,First Bird Pokémon,289,"They are intelligent and will cooperate to catch prey. From the ground, they use a running start to take flight.",https://raw.githubusercontent.com/PokeAPI/sprites/master/sprites/pokemon/567.png,0.2913385826771653,0.7297297297297297,0.2448979591836734,0.4951456310679611,0.1956521739130435,0.5384615384615384
567,568,Trubbish,Poison,None,50,50,62,40,62,65,329,0.6,31.0,66.0,"['stench', 'sticky-hold', 'aftermath']",aftermath,generation-5,,,False,green,humanoid,mineral,,medium,190,70,Trash Bag Pokémon,290,Inhaling the gas they belch will make you sleep for a week. They prefer unsanitary places.,https://raw.githubusercontent.com/PokeAPI/sprites/master/sprites/pokemon/568.png,0.1929133858267716,0.2432432432432432,0.2326530612244897,0.145631067961165,0.1826086956521739,0.3076923076923077
568,569,Garbodor,Poison,None,80,95,82,60,82,75,474,1.9,107.3,166.0,"['stench', 'weak-armor', 'aftermath']",aftermath,generation-5,,,False,green,humanoid,mineral,,medium,60,70,Trash Heap Pokémon,290,It clenches opponents with its left arm and finishes them off with foul-smelling poison gas belched from its mouth.,https://raw.githubusercontent.com/PokeAPI/sprites/master/sprites/pokemon/569.png,0.3110236220472441,0.4864864864864865,0.3142857142857143,0.2427184466019417,0.2695652173913043,0.358974358974359
569,570,Zorua,Dark,None,40,65,40,80,40,65,330,0.7,12.5,66.0,['illusion'],,generation-5,,,False,gray,quadruped,ground,,medium-slow,75,70,Tricky Fox Pokémon,291,"It changes into the forms of others to surprise them. Apparently, it often transforms into a silent child.",https://raw.githubusercontent.com/PokeAPI/sprites/master/sprites/pokemon/570.png,0.1535433070866141,0.3243243243243243,0.1428571428571428,0.3398058252427184,0.0869565217391304,0.3076923076923077
570,571,Zoroark,Dark,None,60,105,60,120,60,105,510,1.6,81.1,179.0,['illusion'],,generation-5,,,False,gray,upright,ground,,medium-slow,45,70,Illusion Fox Pokémon,291,Bonds between these Pokémon are very strong. It protects the safety of its pack by tricking its opponents.,https://raw.githubusercontent.com/PokeAPI/sprites/master/sprites/pokemon/571.png,0.2322834645669291,0.5405405405405406,0.2244897959183673,0.5339805825242718,0.1739130434782608,0.5128205128205128
571,572,Minccino,Normal,None,55,50,40,40,40,75,300,0.4,5.8,60.0,"['cute-charm', 'technician', 'skill-link']",skill-link,generation-5,,,False,gray,quadruped,ground,,fast,255,70,Chinchilla Pokémon,292,"They greet one another by rubbing each other with their tails, which are always kept well groomed and clean.",https://raw.githubusercontent.com/PokeAPI/sprites/master/sprites/pokemon/572.png,0.2125984251968504,0.2432432432432432,0.1428571428571428,0.145631067961165,0.0869565217391304,0.358974358974359
572,573,Cinccino,Normal,None,75,95,60,65,60,115,470,0.5,7.5,165.0,"['cute-charm', 'technician', 'skill-link']",skill-link,generation-5,,,False,gray,quadruped,ground,,fast,60,70,Scarf Pokémon,292,Their white fur is coated in a special oil that makes it easy for them to deflect attacks.,https://raw.githubusercontent.com/PokeAPI/sprites/master/sprites/pokemon/573.png,0.2913385826771653,0.4864864864864865,0.2244897959183673,0.2669902912621359,0.1739130434782608,0.5641025641025641
573,574,Gothita,Psychic,None,45,30,50,55,65,45,290,0.4,5.8,58.0,"['frisk', 'competitive', 'shadow-tag']",shadow-tag,generation-5,,,False,purple,humanoid,humanshape,,medium-slow,200,70,Fixation Pokémon,293,Their ribbonlike feelers increase their psychic power. They are always staring at something.,https://raw.githubusercontent.com/PokeAPI/sprites/master/sprites/pokemon/574.png,0.1732283464566929,0.1351351351351351,0.1836734693877551,0.2184466019417475,0.1956521739130435,0.2051282051282051
574,575,Gothorita,Psychic,None,60,45,70,75,85,55,390,0.7,18.0,137.0,"['frisk', 'competitive', 'shadow-tag']",shadow-tag,generation-5,,,False,purple,humanoid,humanshape,,medium-slow,100,70,Manipulate Pokémon,293,They use hypnosis to control people and Pokémon. Tales of Gothorita leading people astray are told in every corner.,https://raw.githubusercontent.com/PokeAPI/sprites/master/sprites/pokemon/575.png,0.2322834645669291,0.2162162162162162,0.2653061224489796,0.3155339805825243,0.2826086956521739,0.2564102564102564
575,576,Gothitelle,Psychic,None,70,55,95,95,110,65,490,1.5,44.0,221.0,"['frisk', 'competitive', 'shadow-tag']",shadow-tag,generation-5,,,False,purple,humanoid,humanshape,,medium-slow,50,70,Astral Body Pokémon,293,Starry skies thousands of light-years away are visible in the space distorted by their intense psychic power.,https://raw.githubusercontent.com/PokeAPI/sprites/master/sprites/pokemon/576.png,0.2716535433070866,0.2702702702702703,0.3673469387755102,0.4126213592233009,0.391304347826087,0.3076923076923077
576,577,Solosis,Psychic,None,45,30,40,105,50,20,290,0.3,1.0,58.0,"['overcoat', 'magic-guard', 'regenerator']",regenerator,generation-5,,,False,green,ball,indeterminate,,medium-slow,200,70,Cell Pokémon,294,They drive away attackers by unleashing psychic power. They can use telepathy to talk with others.,https://raw.githubusercontent.com/PokeAPI/sprites/master/sprites/pokemon/577.png,0.1732283464566929,0.1351351351351351,0.1428571428571428,0.4611650485436893,0.1304347826086956,0.0769230769230769
577,578,Duosion,Psychic,None,65,40,50,125,60,30,370,0.6,8.0,130.0,"['overcoat', 'magic-guard', 'regenerator']",regenerator,generation-5,,,False,green,ball,indeterminate,,medium-slow,100,70,Mitosis Pokémon,294,"Since they have two divided brains, at times they suddenly try to take two different actions at once.",https://raw.githubusercontent.com/PokeAPI/sprites/master/sprites/pokemon/578.png,0.2519685039370078,0.1891891891891892,0.1836734693877551,0.558252427184466,0.1739130434782608,0.1282051282051282
578,579,Reuniclus,Psychic,None,110,65,75,125,85,30,490,1.0,20.1,221.0,"['overcoat', 'magic-guard', 'regenerator']",regenerator,generation-5,,,False,green,arms,indeterminate,,medium-slow,50,70,Multiplying Pokémon,294,"When Reuniclus shake hands, a network forms between their brains, increasing their psychic power.",https://raw.githubusercontent.com/PokeAPI/sprites/master/sprites/pokemon/579.png,0.4291338582677165,0.3243243243243243,0.2857142857142857,0.558252427184466,0.2826086956521739,0.1282051282051282
579,580,Ducklett,Water,Flying,62,44,50,44,50,55,305,0.5,5.5,61.0,"['keen-eye', 'big-pecks', 'hydration']",hydration,generation-5,,,False,blue,wings,water1|flying,,medium,190,70,Water Bird Pokémon,295,These bird Pokémon are excellent divers. They swim around in the water eating their favorite food--peat moss.,https://raw.githubusercontent.com/PokeAPI/sprites/master/sprites/pokemon/580.png,0.2401574803149606,0.2108108108108108,0.1836734693877551,0.1650485436893204,0.1304347826086956,0.2564102564102564
580,581,Swanna,Water,Flying,75,87,63,87,63,98,473,1.3,24.2,166.0,"['keen-eye', 'big-pecks', 'hydration']",hydration,generation-5,,,False,white,wings,water1|flying,,medium,45,70,White Bird Pokémon,295,Swanna start to dance at dusk. The one dancing in the middle is the leader of the flock.,https://raw.githubusercontent.com/PokeAPI/sprites/master/sprites/pokemon/581.png,0.2913385826771653,0.4432432432432432,0.236734693877551,0.3737864077669903,0.1869565217391304,0.4769230769230769
581,582,Vanillite,Ice,None,36,50,50,65,60,44,305,0.4,5.7,61.0,"['ice-body', 'snow-cloak', 'weak-armor']",weak-armor,generation-5,,,False,white,blob,mineral,,slow,255,70,Fresh Snow Pokémon,296,The temperature of their breath is -58° F. They create snow crystals and make snow fall in the areas around them.,https://raw.githubusercontent.com/PokeAPI/sprites/master/sprites/pokemon/582.png,0.1377952755905512,0.2432432432432432,0.1836734693877551,0.2669902912621359,0.1739130434782608,0.2
582,583,Vanillish,Ice,None,51,65,65,80,75,59,395,1.1,41.0,138.0,"['ice-body', 'snow-cloak', 'weak-armor']",weak-armor,generation-5,,,False,white,blob,mineral,,slow,120,70,Icy Snow Pokémon,296,"Snowy mountains are this Pokémon’s habitat. During an ancient ice age, they moved to southern areas.",https://raw.githubusercontent.com/PokeAPI/sprites/master/sprites/pokemon/583.png,0.1968503937007874,0.3243243243243243,0.2448979591836734,0.3398058252427184,0.2391304347826087,0.2769230769230769
583,584,Vanilluxe,Ice,None,71,95,85,110,95,79,535,1.3,57.5,241.0,"['ice-body', 'snow-warning', 'weak-armor']",weak-armor,generation-5,,,False,white,heads,mineral,,slow,45,70,Snowstorm Pokémon,296,"Swallowing large amounts of water, they make snow clouds inside their bodies and attack their foes with violent blizzards.",https://raw.githubusercontent.com/PokeAPI/sprites/master/sprites/pokemon/584.png,0.2755905511811024,0.4864864864864865,0.3265306122448979,0.4854368932038835,0.3260869565217391,0.3794871794871794
584,585,Deerling,Normal,Grass,60,60,50,40,50,75,335,0.6,19.5,67.0,"['chlorophyll', 'sap-sipper', 'serene-grace']",serene-grace,generation-5,,,False,pink,quadruped,ground,,medium,190,70,Season Pokémon,297,"The color and scent of their fur changes to match the mountain grass. When they sense hostility, they hide in the grass.",https://raw.githubusercontent.com/PokeAPI/sprites/master/sprites/pokemon/585.png,0.2322834645669291,0.2972972972972973,0.1836734693877551,0.145631067961165,0.1304347826086956,0.358974358974359
585,586,Sawsbuck,Normal,Grass,80,100,70,60,70,95,475,1.9,92.5,166.0,"['chlorophyll', 'sap-sipper', 'serene-grace']",serene-grace,generation-5,,,False,brown,quadruped,ground,,medium,75,70,Season Pokémon,297,They migrate according to the seasons. People can tell the season by looking at Sawsbuck’s horns.,https://raw.githubusercontent.com/PokeAPI/sprites/master/sprites/pokemon/586.png,0.3110236220472441,0.5135135135135135,0.2653061224489796,0.2427184466019417,0.217391304347826,0.4615384615384615
586,587,Emolga,Electric,Flying,55,75,60,75,60,103,428,0.4,5.0,150.0,"['static', 'motor-drive']",motor-drive,generation-5,,,False,white,quadruped,ground,,medium,200,70,Sky Squirrel Pokémon,298,The energy made in its cheeks’ electric pouches is stored inside its membrane and released while it is gliding.,https://raw.githubusercontent.com/PokeAPI/sprites/master/sprites/pokemon/587.png,0.2125984251968504,0.3783783783783784,0.2244897959183673,0.3155339805825243,0.1739130434782608,0.5025641025641026
587,588,Karrablast,Bug,None,50,75,45,40,45,60,315,0.5,5.9,63.0,"['swarm', 'shed-skin', 'no-guard']",no-guard,generation-5,,,False,blue,humanoid,bug,,medium,200,70,Clamping Pokémon,299,These mysterious Pokémon evolve when they receive electrical stimulation while they are in the same place as Shelmet.,https://raw.githubusercontent.com/PokeAPI/sprites/master/sprites/pokemon/588.png,0.1929133858267716,0.3783783783783784,0.1632653061224489,0.145631067961165,0.108695652173913,0.282051282051282
588,589,Escavalier,Bug,Steel,70,135,105,60,105,20,495,1.0,33.0,173.0,"['swarm', 'shell-armor', 'overcoat']",overcoat,generation-5,,,False,gray,arms,bug,,medium,75,70,Cavalry Pokémon,299,"They fly around at high speed, striking with their pointed spears. Even when in trouble, they face opponents bravely.",https://raw.githubusercontent.com/PokeAPI/sprites/master/sprites/pokemon/589.png,0.2716535433070866,0.7027027027027027,0.4081632653061224,0.2427184466019417,0.3695652173913043,0.0769230769230769
589,590,Foongus,Grass,Poison,69,55,45,55,55,15,294,0.2,1.0,59.0,"['effect-spore', 'regenerator']",regenerator,generation-5,,,False,white,arms,plant,,medium,190,70,Mushroom Pokémon,300,"It lures people in with its Poké Ball pattern, then releases poison spores. Why it resembles a Poké Ball is unknown.",https://raw.githubusercontent.com/PokeAPI/sprites/master/sprites/pokemon/590.png,0.2677165354330709,0.2702702702702703,0.1632653061224489,0.2184466019417475,0.1521739130434782,0.0512820512820512
590,591,Amoonguss,Grass,Poison,114,85,70,85,80,30,464,0.6,10.5,162.0,"['effect-spore', 'regenerator']",regenerator,generation-5,,,False,white,arms,plant,,medium,75,70,Mushroom Pokémon,300,"It lures prey close by dancing and waving its arm caps, which resemble Poké Balls, in a swaying motion.",https://raw.githubusercontent.com/PokeAPI/sprites/master/sprites/pokemon/591.png,0.4448818897637795,0.4324324324324324,0.2653061224489796,0.3640776699029126,0.2608695652173913,0.1282051282051282
591,592,Frillish-Male,Water,Ghost,55,40,50,65,85,40,335,1.2,33.0,67.0,"['water-absorb', 'cursed-body', 'damp']",damp,generation-5,,,False,white,tentacles,indeterminate,,medium,190,70,Floating Pokémon,301,"With its thin, veil-like arms wrapped around the body of its opponent, it sinks to the ocean floor.",https://raw.githubusercontent.com/PokeAPI/sprites/master/sprites/pokemon/592.png,0.2125984251968504,0.1891891891891892,0.1836734693877551,0.2669902912621359,0.2826086956521739,0.1794871794871795
592,593,Jellicent-Male,Water,Ghost,100,60,70,85,105,60,480,2.2,135.0,168.0,"['water-absorb', 'cursed-body', 'damp']",damp,generation-5,,,False,white,tentacles,indeterminate,,medium,60,70,Floating Pokémon,301,"The fate of the ships and crew that wander into Jellicent’s habitat: all sunken, all lost, all vanished.",https://raw.githubusercontent.com/PokeAPI/sprites/master/sprites/pokemon/593.png,0.389763779527559,0.2972972972972973,0.2653061224489796,0.3640776699029126,0.3695652173913043,0.282051282051282
593,594,Alomomola,Water,None,165,75,80,40,45,65,470,1.2,31.6,165.0,"['healer', 'hydration', 'regenerator']",regenerator,generation-5,,,False,pink,fish,water1|water2,,fast,75,70,Caring Pokémon,302,The special membrane enveloping Alomomola has the ability to heal wounds.,https://raw.githubusercontent.com/PokeAPI/sprites/master/sprites/pokemon/594.png,0.6456692913385826,0.3783783783783784,0.3061224489795918,0.145631067961165,0.108695652173913,0.3076923076923077
594,595,Joltik,Bug,Electric,50,47,50,57,50,65,319,0.1,0.6,64.0,"['compound-eyes', 'unnerve', 'swarm']",swarm,generation-5,,,False,yellow,armor,bug,,medium,190,70,Attaching Pokémon,303,Joltik that live in cities have learned a technique for sucking electricity from the outlets in houses.,https://raw.githubusercontent.com/PokeAPI/sprites/master/sprites/pokemon/595.png,0.1929133858267716,0.227027027027027,0.1836734693877551,0.2281553398058252,0.1304347826086956,0.3076923076923077
595,596,Galvantula,Bug,Electric,70,77,60,97,60,108,472,0.8,14.3,165.0,"['compound-eyes', 'unnerve', 'swarm']",swarm,generation-5,,,False,yellow,armor,bug,,medium,75,70,EleSpider Pokémon,303,"When attacked, they create an electric barrier by spitting out many electrically charged threads.",https://raw.githubusercontent.com/PokeAPI/sprites/master/sprites/pokemon/596.png,0.2716535433070866,0.3891891891891892,0.2244897959183673,0.4223300970873786,0.1739130434782608,0.5282051282051282
596,597,Ferroseed,Grass,Steel,44,50,91,24,86,10,305,0.6,18.8,61.0,['iron-barbs'],,generation-5,,,False,gray,ball,plant|mineral,,medium,255,70,Thorn Seed Pokémon,304,"When threatened, it attacks by shooting a barrage of spikes, which gives it a chance to escape by rolling away.",https://raw.githubusercontent.com/PokeAPI/sprites/master/sprites/pokemon/597.png,0.1692913385826771,0.2432432432432432,0.3510204081632653,0.0679611650485436,0.2869565217391304,0.0256410256410256
597,598,Ferrothorn,Grass,Steel,74,94,131,54,116,20,489,1.0,110.0,171.0,"['iron-barbs', 'anticipation']",anticipation,generation-5,,,False,gray,tentacles,plant|mineral,,medium,90,70,Thorn Pod Pokémon,304,It fights by swinging around its three spiky feelers. A hit from these steel spikes can reduce a boulder to rubble.,https://raw.githubusercontent.com/PokeAPI/sprites/master/sprites/pokemon/598.png,0.2874015748031496,0.4810810810810811,0.5142857142857142,0.2135922330097087,0.417391304347826,0.0769230769230769
598,599,Klink,Steel,None,40,55,70,45,60,30,300,0.3,21.0,60.0,"['plus', 'minus', 'clear-body']",clear-body,generation-5,,,False,gray,heads,mineral,,medium-slow,130,70,Gear Pokémon,305,The two minigears that mesh together are predetermined. Each will rebound from other minigears without meshing.,https://raw.githubusercontent.com/PokeAPI/sprites/master/sprites/pokemon/599.png,0.1535433070866141,0.2702702702702703,0.2653061224489796,0.1699029126213592,0.1739130434782608,0.1282051282051282
599,600,Klang,Steel,None,60,80,95,70,85,50,440,0.6,51.0,154.0,"['plus', 'minus', 'clear-body']",clear-body,generation-5,,,False,gray,heads,mineral,,medium-slow,60,70,Gear Pokémon,305,"By changing the direction in which it rotates, it communicates its feelings to others. When angry, it rotates faster.",https://raw.githubusercontent.com/PokeAPI/sprites/master/sprites/pokemon/600.png,0.2322834645669291,0.4054054054054054,0.3673469387755102,0.2912621359223301,0.2826086956521739,0.2307692307692307
600,601,Klinklang,Steel,None,60,100,115,70,85,90,520,0.6,81.0,234.0,"['plus', 'minus', 'clear-body']",clear-body,generation-5,,,False,gray,heads,mineral,,medium-slow,30,70,Gear Pokémon,305,The gear with the red core is rotated at high speed for a rapid energy charge.,https://raw.githubusercontent.com/PokeAPI/sprites/master/sprites/pokemon/601.png,0.2322834645669291,0.5135135135135135,0.4489795918367347,0.2912621359223301,0.2826086956521739,0.4358974358974359
601,602,Tynamo,Electric,None,35,55,40,45,40,60,275,0.2,0.3,55.0,['levitate'],,generation-5,,,False,white,fish,indeterminate,,slow,190,70,EleFish Pokémon,306,"While one alone doesn’t have much power, a chain of many Tynamo can be as powerful as lightning.",https://raw.githubusercontent.com/PokeAPI/sprites/master/sprites/pokemon/602.png,0.1338582677165354,0.2702702702702703,0.1428571428571428,0.1699029126213592,0.0869565217391304,0.282051282051282
602,603,Eelektrik,Electric,None,65,85,70,75,70,40,405,1.2,22.0,142.0,['levitate'],,generation-5,,,False,blue,fish,indeterminate,,slow,60,70,EleFish Pokémon,306,They coil around foes and shock them with electricity-generating organs that seem simply to be circular patterns.,https://raw.githubusercontent.com/PokeAPI/sprites/master/sprites/pokemon/603.png,0.2519685039370078,0.4324324324324324,0.2653061224489796,0.3155339805825243,0.217391304347826,0.1794871794871795
603,604,Eelektross,Electric,None,85,115,80,105,80,50,515,2.1,80.5,232.0,['levitate'],,generation-5,,,False,blue,fish,indeterminate,,slow,30,70,EleFish Pokémon,306,They crawl out of the ocean using their arms. They will attack prey on shore and immediately drag it into the ocean.,https://raw.githubusercontent.com/PokeAPI/sprites/master/sprites/pokemon/604.png,0.3307086614173228,0.5945945945945946,0.3061224489795918,0.4611650485436893,0.2608695652173913,0.2307692307692307
604,605,Elgyem,Psychic,None,55,55,55,85,55,30,335,0.5,9.0,67.0,"['telepathy', 'synchronize', 'analytic']",analytic,generation-5,,,False,blue,upright,humanshape,,medium,255,70,Cerebral Pokémon,307,"It uses its strong psychic power to squeeze its opponent’s brain, causing unendurable headaches.",https://raw.githubusercontent.com/PokeAPI/sprites/master/sprites/pokemon/605.png,0.2125984251968504,0.2702702702702703,0.2040816326530612,0.3640776699029126,0.1521739130434782,0.1282051282051282
605,606,Beheeyem,Psychic,None,75,75,75,125,95,40,485,1.0,34.5,170.0,"['telepathy', 'synchronize', 'analytic']",analytic,generation-5,,,False,brown,humanoid,humanshape,,medium,90,70,Cerebral Pokémon,307,"It can manipulate an opponent’s memory. Apparently, it communicates by flashing its three different-colored fingers.",https://raw.githubusercontent.com/PokeAPI/sprites/master/sprites/pokemon/606.png,0.2913385826771653,0.3783783783783784,0.2857142857142857,0.558252427184466,0.3260869565217391,0.1794871794871795
606,607,Litwick,Ghost,Fire,50,30,55,65,55,20,275,0.3,3.1,55.0,"['flash-fire', 'flame-body', 'infiltrator']",infiltrator,generation-5,,,False,white,blob,indeterminate,,medium-slow,190,70,Candle Pokémon,308,"Litwick shines a light that absorbs the life energy of people and Pokémon, which becomes the fuel that it burns.",https://raw.githubusercontent.com/PokeAPI/sprites/master/sprites/pokemon/607.png,0.1929133858267716,0.1351351351351351,0.2040816326530612,0.2669902912621359,0.1521739130434782,0.0769230769230769
607,608,Lampent,Ghost,Fire,60,40,60,95,60,55,370,0.6,13.0,130.0,"['flash-fire', 'flame-body', 'infiltrator']",infiltrator,generation-5,,,False,black,arms,indeterminate,,medium-slow,90,70,Lamp Pokémon,308,"This ominous Pokémon is feared. Through cities it wanders, searching for the spirits of the fallen.",https://raw.githubusercontent.com/PokeAPI/sprites/master/sprites/pokemon/608.png,0.2322834645669291,0.1891891891891892,0.2244897959183673,0.4126213592233009,0.1739130434782608,0.2564102564102564
608,609,Chandelure,Ghost,Fire,60,55,90,145,90,80,520,1.0,34.3,234.0,"['flash-fire', 'flame-body', 'infiltrator']",infiltrator,generation-5,,,False,black,arms,indeterminate,,medium-slow,45,70,Luring Pokémon,308,"It absorbs a spirit, which it then burns. By waving the flames on its arms, it puts its foes into a hypnotic trance.",https://raw.githubusercontent.com/PokeAPI/sprites/master/sprites/pokemon/609.png,0.2322834645669291,0.2702702702702703,0.3469387755102041,0.6553398058252428,0.3043478260869565,0.3846153846153846
609,610,Axew,Dragon,None,46,87,60,30,40,57,320,0.6,18.0,64.0,"['rivalry', 'mold-breaker', 'unnerve']",unnerve,generation-5,,,False,green,upright,monster|dragon,,slow,75,35,Tusk Pokémon,309,They use their tusks to crush the berries they eat. Repeated regrowth makes their tusks strong and sharp.,https://raw.githubusercontent.com/PokeAPI/sprites/master/sprites/pokemon/610.png,0.1771653543307086,0.4432432432432432,0.2244897959183673,0.0970873786407767,0.0869565217391304,0.2666666666666666
610,611,Fraxure,Dragon,None,66,117,70,40,50,67,410,1.0,36.0,144.0,"['rivalry', 'mold-breaker', 'unnerve']",unnerve,generation-5,,,False,green,upright,monster|dragon,,slow,60,35,Axe Jaw Pokémon,309,"Since a broken tusk will not grow back, they diligently sharpen their tusks on river rocks after they’ve been fighting.",https://raw.githubusercontent.com/PokeAPI/sprites/master/sprites/pokemon/611.png,0.2559055118110236,0.6054054054054054,0.2653061224489796,0.145631067961165,0.1304347826086956,0.3179487179487179
611,612,Haxorus,Dragon,None,76,147,90,60,70,97,540,1.8,105.5,243.0,"['rivalry', 'mold-breaker', 'unnerve']",unnerve,generation-5,,,False,yellow,upright,monster|dragon,,slow,45,35,Axe Jaw Pokémon,309,They are kind but can be relentless when defending territory. They challenge foes with tusks that can cut steel.,https://raw.githubusercontent.com/PokeAPI/sprites/master/sprites/pokemon/612.png,0.2952755905511811,0.7675675675675676,0.3469387755102041,0.2427184466019417,0.217391304347826,0.4717948717948718
612,613,Cubchoo,Ice,None,55,70,40,60,40,40,305,0.5,8.5,61.0,"['snow-cloak', 'slush-rush', 'rattled']",rattled,generation-5,,,False,white,upright,ground,,medium,120,70,Chill Pokémon,310,"When it is not feeling well, its mucus gets watery and the power of its Ice-type moves decreases.",https://raw.githubusercontent.com/PokeAPI/sprites/master/sprites/pokemon/613.png,0.2125984251968504,0.3513513513513513,0.1428571428571428,0.2427184466019417,0.0869565217391304,0.1794871794871795
613,614,Beartic,Ice,None,95,130,80,70,80,50,505,2.6,260.0,177.0,"['snow-cloak', 'slush-rush', 'swift-swim']",swift-swim,generation-5,,,False,white,quadruped,ground,,medium,60,70,Freezing Pokémon,310,"It can make its breath freeze at will. Very able in the water, it swims around in northern seas and catches prey.",https://raw.githubusercontent.com/PokeAPI/sprites/master/sprites/pokemon/614.png,0.3700787401574803,0.6756756756756757,0.3061224489795918,0.2912621359223301,0.2608695652173913,0.2307692307692307
614,615,Cryogonal,Ice,None,80,50,50,95,135,105,515,1.1,148.0,180.0,['levitate'],,generation-5,,,False,blue,ball,mineral,,medium,25,70,Crystallizing Pokémon,311,"When its body temperature goes up, it turns into steam and vanishes. When its temperature lowers, it returns to ice.",https://raw.githubusercontent.com/PokeAPI/sprites/master/sprites/pokemon/615.png,0.3110236220472441,0.2432432432432432,0.1836734693877551,0.4126213592233009,0.5,0.5128205128205128
615,616,Shelmet,Bug,None,50,40,85,40,65,25,305,0.4,7.7,61.0,"['hydration', 'shell-armor', 'overcoat']",overcoat,generation-5,,,False,red,ball,bug,,medium,200,70,Snail Pokémon,312,"When attacked, it defends itself by closing the lid of its shell. It can spit a sticky, poisonous liquid.",https://raw.githubusercontent.com/PokeAPI/sprites/master/sprites/pokemon/616.png,0.1929133858267716,0.1891891891891892,0.3265306122448979,0.145631067961165,0.1956521739130435,0.1025641025641025
616,617,Accelgor,Bug,None,80,70,40,100,60,145,495,0.8,25.3,173.0,"['hydration', 'sticky-hold', 'unburden']",unburden,generation-5,,,False,red,arms,bug,,medium,75,70,Shell Out Pokémon,312,"When its body dries out, it weakens. So, to prevent dehydration, it wraps itself in many layers of thin membrane.",https://raw.githubusercontent.com/PokeAPI/sprites/master/sprites/pokemon/617.png,0.3110236220472441,0.3513513513513513,0.1428571428571428,0.4368932038834951,0.1739130434782608,0.717948717948718
617,618,Stunfisk,Ground,Electric,109,66,84,81,99,32,471,0.7,11.0,165.0,"['static', 'limber', 'sand-veil']",sand-veil,generation-5,,,False,brown,fish,water1|indeterminate,,medium,75,70,Trap Pokémon,313,"Its skin is very hard, so it is unhurt even if stepped on by sumo wrestlers. It smiles when transmitting electricity.",https://raw.githubusercontent.com/PokeAPI/sprites/master/sprites/pokemon/618.png,0.4251968503937008,0.3297297297297297,0.3224489795918367,0.3446601941747573,0.3434782608695652,0.1384615384615384
618,619,Mienfoo,Fighting,None,45,85,50,55,50,65,350,0.9,20.0,70.0,"['inner-focus', 'regenerator', 'reckless']",reckless,generation-5,,,False,yellow,upright,ground|humanshape,,medium-slow,180,70,Martial Arts Pokémon,314,"In fights, they dominate with onslaughts of flowing, continuous attacks. With their sharp claws, they cut enemies.",https://raw.githubusercontent.com/PokeAPI/sprites/master/sprites/pokemon/619.png,0.1732283464566929,0.4324324324324324,0.1836734693877551,0.2184466019417475,0.1304347826086956,0.3076923076923077
619,620,Mienshao,Fighting,None,65,125,60,95,60,105,510,1.4,35.5,179.0,"['inner-focus', 'regenerator', 'reckless']",reckless,generation-5,,,False,purple,upright,ground|humanshape,,medium-slow,45,70,Martial Arts Pokémon,314,It wields the fur on its arms like a whip. Its arm attacks come with such rapidity that they cannot even be seen.,https://raw.githubusercontent.com/PokeAPI/sprites/master/sprites/pokemon/620.png,0.2519685039370078,0.6486486486486487,0.2244897959183673,0.4126213592233009,0.1739130434782608,0.5128205128205128
620,621,Druddigon,Dragon,None,77,120,90,60,90,48,485,1.6,139.0,170.0,"['rough-skin', 'sheer-force', 'mold-breaker']",mold-breaker,generation-5,,,False,red,upright,dragon|monster,,medium,45,70,Cave Pokémon,315,"It warms its body by absorbing sunlight with its wings. When its body temperature falls, it can no longer move.",https://raw.githubusercontent.com/PokeAPI/sprites/master/sprites/pokemon/621.png,0.2992125984251969,0.6216216216216216,0.3469387755102041,0.2427184466019417,0.3043478260869565,0.2205128205128205
621,622,Golett,Ground,Ghost,59,74,50,35,50,35,303,1.0,92.0,61.0,"['iron-fist', 'klutz', 'no-guard']",no-guard,generation-5,,,False,green,humanoid,mineral,,medium,190,70,Automaton Pokémon,316,"The energy that burns inside it enables it to move, but no one has yet been able to identify this energy.",https://raw.githubusercontent.com/PokeAPI/sprites/master/sprites/pokemon/622.png,0.2283464566929134,0.372972972972973,0.1836734693877551,0.1213592233009708,0.1304347826086956,0.1538461538461538
622,623,Golurk,Ground,Ghost,89,124,80,55,80,55,483,2.8,330.0,169.0,"['iron-fist', 'klutz', 'no-guard']",no-guard,generation-5,,,False,green,humanoid,mineral,,medium,90,70,Automaton Pokémon,316,It flies across the sky at Mach speeds. Removing the seal on its chest makes its internal energy go out of control.,https://raw.githubusercontent.com/PokeAPI/sprites/master/sprites/pokemon/623.png,0.3464566929133858,0.6432432432432432,0.3061224489795918,0.2184466019417475,0.2608695652173913,0.2564102564102564
623,624,Pawniard,Dark,Steel,45,85,70,40,40,60,340,0.5,10.2,68.0,"['defiant', 'inner-focus', 'pressure']",pressure,generation-5,,,False,red,humanoid,humanshape,,medium,120,35,Sharp Blade Pokémon,317,"Blades comprise this Pokémon’s entire body. If battling dulls the blades, it sharpens them on stones by the river.",https://raw.githubusercontent.com/PokeAPI/sprites/master/sprites/pokemon/624.png,0.1732283464566929,0.4324324324324324,0.2653061224489796,0.145631067961165,0.0869565217391304,0.282051282051282
624,625,Bisharp,Dark,Steel,65,125,100,60,70,70,490,1.6,70.0,172.0,"['defiant', 'inner-focus', 'pressure']",pressure,generation-5,,,False,red,humanoid,humanshape,,medium,45,35,Sword Blade Pokémon,317,"It leads a group of Pawniard. It battles to become the boss, but will be driven from the group if it loses.",https://raw.githubusercontent.com/PokeAPI/sprites/master/sprites/pokemon/625.png,0.2519685039370078,0.6486486486486487,0.3877551020408163,0.2427184466019417,0.217391304347826,0.3333333333333333
625,626,Bouffalant,Normal,None,95,110,95,40,95,55,490,1.6,94.6,172.0,"['reckless', 'sap-sipper', 'soundproof']",soundproof,generation-5,,,False,brown,quadruped,ground,,medium,45,70,Bash Buffalo Pokémon,318,"Their fluffy fur absorbs damage, even if they strike foes with a fierce headbutt.",https://raw.githubusercontent.com/PokeAPI/sprites/master/sprites/pokemon/626.png,0.3700787401574803,0.5675675675675675,0.3673469387755102,0.145631067961165,0.3260869565217391,0.2564102564102564
626,627,Rufflet,Normal,Flying,70,83,50,37,50,60,350,0.5,10.5,70.0,"['keen-eye', 'sheer-force', 'hustle']",hustle,generation-5,,,False,white,wings,flying,,slow,190,70,Eaglet Pokémon,319,"They crush berries with their talons. They bravely stand up to any opponent, no matter how strong it is.",https://raw.githubusercontent.com/PokeAPI/sprites/master/sprites/pokemon/627.png,0.2716535433070866,0.4216216216216216,0.1836734693877551,0.1310679611650485,0.1304347826086956,0.282051282051282
627,628,Braviary,Normal,Flying,100,123,75,57,75,80,510,1.5,41.0,179.0,"['keen-eye', 'sheer-force', 'defiant']",defiant,generation-5,,,False,red,wings,flying,,slow,60,70,Valiant Pokémon,319,They fight for their friends without any thought about danger to themselves. One can carry a car while flying.,https://raw.githubusercontent.com/PokeAPI/sprites/master/sprites/pokemon/628.png,0.389763779527559,0.6378378378378379,0.2857142857142857,0.2281553398058252,0.2391304347826087,0.3846153846153846
628,629,Vullaby,Dark,Flying,70,55,75,45,65,60,370,0.5,9.0,74.0,"['big-pecks', 'overcoat', 'weak-armor']",weak-armor,generation-5,,,False,brown,wings,flying,,slow,190,35,Diapered Pokémon,320,Their wings are too tiny to allow them to fly. They guard their posteriors with bones that were gathered by Mandibuzz.,https://raw.githubusercontent.com/PokeAPI/sprites/master/sprites/pokemon/629.png,0.2716535433070866,0.2702702702702703,0.2857142857142857,0.1699029126213592,0.1956521739130435,0.282051282051282
629,630,Mandibuzz,Dark,Flying,110,65,105,55,95,80,510,1.2,39.5,179.0,"['big-pecks', 'overcoat', 'weak-armor']",weak-armor,generation-5,,,False,brown,wings,flying,,slow,60,35,Bone Vulture Pokémon,320,It makes a nest out of bones it finds. It grabs weakened prey in its talons and hauls it to its nest of bones.,https://raw.githubusercontent.com/PokeAPI/sprites/master/sprites/pokemon/630.png,0.4291338582677165,0.3243243243243243,0.4081632653061224,0.2184466019417475,0.3260869565217391,0.3846153846153846
630,631,Heatmor,Fire,None,85,97,66,105,66,65,484,1.4,58.0,169.0,"['gluttony', 'flash-fire', 'white-smoke']",white-smoke,generation-5,,,False,red,upright,ground,,medium,90,70,Anteater Pokémon,321,It breathes through a hole in its tail while it burns with an internal fire. Durant is its prey.,https://raw.githubusercontent.com/PokeAPI/sprites/master/sprites/pokemon/631.png,0.3307086614173228,0.4972972972972973,0.2489795918367346,0.4611650485436893,0.2,0.3076923076923077
631,632,Durant,Bug,Steel,58,109,112,48,48,109,484,0.3,33.0,169.0,"['swarm', 'hustle', 'truant']",truant,generation-5,,,False,gray,armor,bug,,medium,90,70,Iron Ant Pokémon,322,"They attack in groups, covering themselves in steel armor to protect themselves from Heatmor.",https://raw.githubusercontent.com/PokeAPI/sprites/master/sprites/pokemon/632.png,0.2244094488188976,0.5621621621621622,0.436734693877551,0.1844660194174757,0.1217391304347826,0.5333333333333333
632,633,Deino,Dark,Dragon,52,65,50,45,50,38,300,0.8,17.3,60.0,['hustle'],,generation-5,,,False,blue,quadruped,dragon,,slow,45,35,Irate Pokémon,323,"It tends to bite everything, and it is not a picky eater. Approaching it carelessly is dangerous.",https://raw.githubusercontent.com/PokeAPI/sprites/master/sprites/pokemon/633.png,0.2007874015748031,0.3243243243243243,0.1836734693877551,0.1699029126213592,0.1304347826086956,0.1692307692307692
633,634,Zweilous,Dark,Dragon,72,85,70,65,70,58,420,1.4,50.0,147.0,['hustle'],,generation-5,,,False,blue,quadruped,dragon,,slow,45,35,Hostile Pokémon,323,"After it has eaten up all the food in its territory, it moves to another area. Its two heads do not get along.",https://raw.githubusercontent.com/PokeAPI/sprites/master/sprites/pokemon/634.png,0.2795275590551181,0.4324324324324324,0.2653061224489796,0.2669902912621359,0.217391304347826,0.2717948717948718
634,635,Hydreigon,Dark,Dragon,92,105,90,125,90,98,600,1.8,160.0,270.0,['levitate'],,generation-5,,,False,blue,upright,dragon,,slow,45,35,Brutal Pokémon,323,"This brutal Pokémon travels the skies on its six wings. Anything that moves seems like a foe to it, triggering its attack.",https://raw.githubusercontent.com/PokeAPI/sprites/master/sprites/pokemon/635.png,0.358267716535433,0.5405405405405406,0.3469387755102041,0.558252427184466,0.3043478260869565,0.4769230769230769
635,636,Larvesta,Bug,Fire,55,85,55,50,55,60,360,1.1,28.8,72.0,"['flame-body', 'swarm']",swarm,generation-5,,,False,white,armor,bug,,slow,45,70,Torch Pokémon,324,"This Pokémon was believed to have been born from the sun. When it evolves, its entire body is engulfed in flames.",https://raw.githubusercontent.com/PokeAPI/sprites/master/sprites/pokemon/636.png,0.2125984251968504,0.4324324324324324,0.2040816326530612,0.1941747572815534,0.1521739130434782,0.282051282051282
636,637,Volcarona,Bug,Fire,85,60,65,135,105,100,550,1.6,46.0,248.0,"['flame-body', 'swarm']",swarm,generation-5,,,False,white,bug-wings,bug,,slow,15,70,Sun Pokémon,324,"When volcanic ash darkened the atmosphere, it is said that Volcarona’s fire provided a replacement for the sun.",https://raw.githubusercontent.com/PokeAPI/sprites/master/sprites/pokemon/637.png,0.3307086614173228,0.2972972972972973,0.2448979591836734,0.6067961165048543,0.3695652173913043,0.4871794871794871
637,638,Cobalion,Steel,Fighting,91,90,129,90,72,108,580,2.1,250.0,261.0,['justified'],,generation-5,,,False,blue,quadruped,no-eggs,,slow,3,35,Iron Will Pokémon,325,This legendary Pokémon battled against humans to protect Pokémon. Its personality is calm and composed.,https://raw.githubusercontent.com/PokeAPI/sprites/master/sprites/pokemon/638.png,0.3543307086614173,0.4594594594594595,0.5061224489795918,0.3883495145631068,0.2260869565217391,0.5282051282051282
638,639,Terrakion,Rock,Fighting,91,129,90,72,90,108,580,1.9,260.0,261.0,['justified'],,generation-5,,,False,gray,quadruped,no-eggs,,slow,3,35,Cavern Pokémon,326,This Pokémon came to the defense of Pokémon that had lost their homes in a war among humans.,https://raw.githubusercontent.com/PokeAPI/sprites/master/sprites/pokemon/639.png,0.3543307086614173,0.6702702702702703,0.3469387755102041,0.3009708737864077,0.3043478260869565,0.5282051282051282
639,640,Virizion,Grass,Fighting,91,90,72,90,129,108,580,2.0,200.0,261.0,['justified'],,generation-5,,,False,green,quadruped,no-eggs,,slow,3,35,Grassland Pokémon,327,This Pokémon fought humans in order to protect its friends. Legends about it continue to be passed down.,https://raw.githubusercontent.com/PokeAPI/sprites/master/sprites/pokemon/640.png,0.3543307086614173,0.4594594594594595,0.273469387755102,0.3883495145631068,0.4739130434782608,0.5282051282051282
640,641,Tornadus-Incarnate,Flying,None,79,115,70,125,80,111,580,1.5,63.0,261.0,"['prankster', 'defiant']",defiant,generation-5,,,False,green,arms,no-eggs,,slow,3,90,Cyclone Pokémon,328,The lower half of its body is wrapped in a cloud of energy. It zooms through the sky at 200 mph.,https://raw.githubusercontent.com/PokeAPI/sprites/master/sprites/pokemon/641.png,0.3070866141732283,0.5945945945945946,0.2653061224489796,0.558252427184466,0.2608695652173913,0.5435897435897435
641,642,Thundurus-Incarnate,Electric,Flying,79,115,70,125,80,111,580,1.5,61.0,261.0,"['prankster', 'defiant']",defiant,generation-5,,,False,blue,arms,no-eggs,,slow,3,90,Bolt Strike Pokémon,329,Countless charred remains mar the landscape of places through which Thundurus has passed.,https://raw.githubusercontent.com/PokeAPI/sprites/master/sprites/pokemon/642.png,0.3070866141732283,0.5945945945945946,0.2653061224489796,0.558252427184466,0.2608695652173913,0.5435897435897435
642,643,Reshiram,Dragon,Fire,100,120,100,150,120,90,680,3.2,330.0,306.0,['turboblaze'],,generation-5,,,False,white,wings,no-eggs,,slow,3,0,Vast White Pokémon,330,"This Pokémon appears in legends. It sends flames into the air from its tail, burning up everything around it.",https://raw.githubusercontent.com/PokeAPI/sprites/master/sprites/pokemon/643.png,0.389763779527559,0.6216216216216216,0.3877551020408163,0.6796116504854369,0.4347826086956521,0.4358974358974359
643,644,Zekrom,Dragon,Electric,100,150,120,120,100,90,680,2.9,345.0,306.0,['teravolt'],,generation-5,,,False,black,upright,no-eggs,,slow,3,0,Deep Black Pokémon,331,"Concealing itself in lightning clouds, it flies throughout the Unova region. It creates electricity in its tail.",https://raw.githubusercontent.com/PokeAPI/sprites/master/sprites/pokemon/644.png,0.389763779527559,0.7837837837837838,0.4693877551020408,0.5339805825242718,0.3478260869565217,0.4358974358974359
644,645,Landorus-Incarnate,Ground,Flying,89,125,90,115,80,101,600,1.5,68.0,270.0,"['sand-force', 'sheer-force']",sheer-force,generation-5,,,False,brown,arms,no-eggs,,slow,3,90,Abundance Pokémon,332,Lands visited by Landorus grant such bountiful crops that it has been hailed as “The Guardian of the Fields.”,https://raw.githubusercontent.com/PokeAPI/sprites/master/sprites/pokemon/645.png,0.3464566929133858,0.6486486486486487,0.3469387755102041,0.5097087378640777,0.2608695652173913,0.4923076923076923
645,646,Kyurem,Dragon,Ice,125,130,90,130,90,95,660,3.0,325.0,297.0,['pressure'],,generation-5,,,False,gray,upright,no-eggs,,slow,3,0,Boundary Pokémon,333,"It generates a powerful, freezing energy inside itself, but its body became frozen when the energy leaked out.",https://raw.githubusercontent.com/PokeAPI/sprites/master/sprites/pokemon/646.png,0.4881889763779528,0.6756756756756757,0.3469387755102041,0.5825242718446602,0.3043478260869565,0.4615384615384615
646,647,Keldeo-Ordinary,Water,Fighting,91,72,90,129,90,108,580,1.4,48.5,261.0,['justified'],,generation-5,,,False,yellow,quadruped,no-eggs,,slow,3,35,Colt Pokémon,334,"By blasting water from its hooves, it can glide across water. It excels at using leg moves while battling.",https://raw.githubusercontent.com/PokeAPI/sprites/master/sprites/pokemon/647.png,0.3543307086614173,0.3621621621621622,0.3469387755102041,0.5776699029126213,0.3043478260869565,0.5282051282051282
647,648,Meloetta-Aria,Normal,Psychic,100,77,77,128,128,90,600,0.6,6.5,270.0,['serene-grace'],,generation-5,,,False,white,humanoid,no-eggs,,slow,3,100,Melody Pokémon,335,Its melodies are sung with a special vocalization method that can control the feelings of those who hear it.,https://raw.githubusercontent.com/PokeAPI/sprites/master/sprites/pokemon/648.png,0.389763779527559,0.3891891891891892,0.2938775510204082,0.5728155339805825,0.4695652173913043,0.4358974358974359
648,649,Genesect,Bug,Steel,71,120,95,120,95,99,600,1.5,82.5,270.0,['download'],,generation-5,,,False,purple,humanoid,no-eggs,,slow,3,0,Paleozoic Pokémon,336,"Over 300 million years ago, it was feared as the strongest of hunters. It has been modified by Team Plasma.",https://raw.githubusercontent.com/PokeAPI/sprites/master/sprites/pokemon/649.png,0.2755905511811024,0.6216216216216216,0.3673469387755102,0.5339805825242718,0.3260869565217391,0.482051282051282
649,650,Chespin,Grass,None,56,61,65,48,45,38,313,0.4,9.0,63.0,"['overgrow', 'bulletproof']",bulletproof,generation-6,,,False,green,upright,ground,,medium-slow,45,70,Spiny Nut Pokémon,337,"The quills on its head are usually soft. When it flexes them, the points become so hard and sharp that they can pierce rock.",https://raw.githubusercontent.com/PokeAPI/sprites/master/sprites/pokemon/650.png,0.2165354330708661,0.3027027027027027,0.2448979591836734,0.1844660194174757,0.108695652173913,0.1692307692307692
650,651,Quilladin,Grass,None,61,78,95,56,58,57,405,0.7,29.0,142.0,"['overgrow', 'bulletproof']",bulletproof,generation-6,,,False,green,upright,ground,,medium-slow,45,70,Spiny Armor Pokémon,337,It relies on its sturdy shell to deflect predators’ attacks. It counterattacks with its sharp quills.,https://raw.githubusercontent.com/PokeAPI/sprites/master/sprites/pokemon/651.png,0.2362204724409448,0.3945945945945946,0.3673469387755102,0.2233009708737864,0.1652173913043478,0.2666666666666666
651,652,Chesnaught,Grass,Fighting,88,107,122,74,75,64,530,1.6,90.0,239.0,"['overgrow', 'bulletproof']",bulletproof,generation-6,,,False,green,upright,ground,,medium-slow,45,70,Spiny Armor Pokémon,337,Its Tackle is forceful enough to flip a 50-ton tank. It shields its allies from danger with its own body.,https://raw.githubusercontent.com/PokeAPI/sprites/master/sprites/pokemon/652.png,0.3425196850393701,0.5513513513513514,0.4775510204081633,0.3106796116504854,0.2391304347826087,0.3025641025641025
652,653,Fennekin,Fire,None,40,45,40,62,60,60,307,0.4,9.4,61.0,"['blaze', 'magician']",magician,generation-6,,,False,red,quadruped,ground,,medium-slow,45,70,Fox Pokémon,338,"Eating a twig fills it with energy, and its roomy ears give vent to air hotter than 390 degrees Fahrenheit.",https://raw.githubusercontent.com/PokeAPI/sprites/master/sprites/pokemon/653.png,0.1535433070866141,0.2162162162162162,0.1428571428571428,0.2524271844660194,0.1739130434782608,0.282051282051282
653,654,Braixen,Fire,None,59,59,58,90,70,73,409,1.0,14.5,143.0,"['blaze', 'magician']",magician,generation-6,,,False,red,upright,ground,,medium-slow,45,70,Fox Pokémon,338,"It has a twig stuck in its tail. With friction from its tail fur, it sets the twig on fire and launches into battle.",https://raw.githubusercontent.com/PokeAPI/sprites/master/sprites/pokemon/654.png,0.2283464566929134,0.2918918918918919,0.2163265306122449,0.3883495145631068,0.217391304347826,0.3487179487179487
654,655,Delphox,Fire,Psychic,75,69,72,114,100,104,534,1.5,39.0,240.0,"['blaze', 'magician']",magician,generation-6,,,False,red,upright,ground,,medium-slow,45,70,Fox Pokémon,338,"It gazes into the flame at the tip of its branch to achieve a focused state, which allows it to see into the future.",https://raw.githubusercontent.com/PokeAPI/sprites/master/sprites/pokemon/655.png,0.2913385826771653,0.3459459459459459,0.273469387755102,0.5048543689320388,0.3478260869565217,0.5076923076923077
655,656,Froakie,Water,None,41,56,40,62,44,71,314,0.3,7.0,63.0,"['torrent', 'protean']",protean,generation-6,,,False,blue,quadruped,water1,,medium-slow,45,70,Bubble Frog Pokémon,339,It secretes flexible bubbles from its chest and back. The bubbles reduce the damage it would otherwise take when attacked.,https://raw.githubusercontent.com/PokeAPI/sprites/master/sprites/pokemon/656.png,0.1574803149606299,0.2756756756756757,0.1428571428571428,0.2524271844660194,0.1043478260869565,0.3384615384615385
656,657,Frogadier,Water,None,54,63,52,83,56,97,405,0.6,10.9,142.0,"['torrent', 'protean']",protean,generation-6,,,False,blue,humanoid,water1,,medium-slow,45,70,Bubble Frog Pokémon,339,"It can throw bubble-covered pebbles with precise control, hitting empty cans up to a hundred feet away.",https://raw.githubusercontent.com/PokeAPI/sprites/master/sprites/pokemon/657.png,0.2086614173228346,0.3135135135135135,0.1918367346938775,0.3543689320388349,0.1565217391304348,0.4717948717948718
657,658,Greninja,Water,Dark,72,95,67,103,71,122,530,1.5,40.0,239.0,"['torrent', 'protean']",protean,generation-6,,,False,blue,humanoid,water1,,medium-slow,45,70,Ninja Pokémon,339,"It creates throwing stars out of compressed water. When it spins them and throws them at high speed, these stars can split metal in two.",https://raw.githubusercontent.com/PokeAPI/sprites/master/sprites/pokemon/658.png,0.2795275590551181,0.4864864864864865,0.2530612244897959,0.4514563106796116,0.2217391304347826,0.6
658,659,Bunnelby,Normal,None,38,36,38,32,36,57,237,0.4,5.0,47.0,"['pickup', 'cheek-pouch', 'huge-power']",huge-power,generation-6,,,False,brown,upright,ground,,medium,255,70,Digging Pokémon,340,They use their large ears to dig burrows. They will dig the whole night through.,https://raw.githubusercontent.com/PokeAPI/sprites/master/sprites/pokemon/659.png,0.1456692913385826,0.1675675675675675,0.1346938775510204,0.1067961165048543,0.0695652173913043,0.2666666666666666
659,660,Diggersby,Normal,Ground,85,56,77,50,77,78,423,1.0,42.4,148.0,"['pickup', 'cheek-pouch', 'huge-power']",huge-power,generation-6,,,False,brown,upright,ground,,medium,127,70,Digging Pokémon,340,"With their powerful ears, they can heft boulders of a ton or more with ease. They can be a big help at construction sites.",https://raw.githubusercontent.com/PokeAPI/sprites/master/sprites/pokemon/660.png,0.3307086614173228,0.2756756756756757,0.2938775510204082,0.1941747572815534,0.2478260869565217,0.3743589743589743
660,661,Fletchling,Normal,Flying,45,50,43,40,38,62,278,0.3,1.7,56.0,"['big-pecks', 'gale-wings']",gale-wings,generation-6,,,False,red,wings,flying,,medium-slow,255,70,Tiny Robin Pokémon,341,These friendly Pokémon send signals to one another with beautiful chirps and tail-feather movements.,https://raw.githubusercontent.com/PokeAPI/sprites/master/sprites/pokemon/661.png,0.1732283464566929,0.2432432432432432,0.1551020408163265,0.145631067961165,0.0782608695652174,0.2923076923076923
661,662,Fletchinder,Fire,Flying,62,73,55,56,52,84,382,0.7,16.0,134.0,"['flame-body', 'gale-wings']",gale-wings,generation-6,,,False,red,wings,flying,,medium-slow,120,70,Ember Pokémon,341,"From its beak, it expels embers that set the tall grass on fire. Then it pounces on the bewildered prey that pop out of the grass.",https://raw.githubusercontent.com/PokeAPI/sprites/master/sprites/pokemon/662.png,0.2401574803149606,0.3675675675675676,0.2040816326530612,0.2233009708737864,0.1391304347826087,0.4051282051282051
662,663,Talonflame,Fire,Flying,78,81,71,74,69,126,499,1.2,24.5,175.0,"['flame-body', 'gale-wings']",gale-wings,generation-6,,,False,red,wings,flying,,medium-slow,45,70,Scorching Pokémon,341,"In the fever of an exciting battle, it showers embers from the gaps between its feathers and takes to the air.",https://raw.githubusercontent.com/PokeAPI/sprites/master/sprites/pokemon/663.png,0.3031496062992126,0.4108108108108108,0.2693877551020408,0.3106796116504854,0.2130434782608695,0.6205128205128205
663,664,Scatterbug,Bug,None,38,35,40,27,25,35,200,0.3,2.5,40.0,"['shield-dust', 'compound-eyes', 'friend-guard']",friend-guard,generation-6,,,False,black,armor,bug,,medium,255,70,Scatterdust Pokémon,342,"When under attack from bird Pokémon, it spews a poisonous black powder that causes paralysis on contact.",https://raw.githubusercontent.com/PokeAPI/sprites/master/sprites/pokemon/664.png,0.1456692913385826,0.1621621621621621,0.1428571428571428,0.0825242718446602,0.0217391304347826,0.1538461538461538
664,665,Spewpa,Bug,None,45,22,60,27,30,29,213,0.3,8.4,75.0,"['shed-skin', 'friend-guard']",friend-guard,generation-6,,,False,black,blob,bug,,medium,120,70,Scatterdust Pokémon,342,"It lives hidden within thicket shadows. When predators attack, it quickly bristles the fur covering its body in an effort to threaten them.",https://raw.githubusercontent.com/PokeAPI/sprites/master/sprites/pokemon/665.png,0.1732283464566929,0.0918918918918919,0.2244897959183673,0.0825242718446602,0.0434782608695652,0.123076923076923
665,666,Vivillon,Bug,Flying,80,52,50,90,50,89,411,1.2,17.0,185.0,"['shield-dust', 'compound-eyes', 'friend-guard']",friend-guard,generation-6,,,False,white,bug-wings,bug,,medium,45,70,Scale Pokémon,342,Vivillon with many different patterns are found all over the world. These patterns are affected by the climate of their habitat.,https://raw.githubusercontent.com/PokeAPI/sprites/master/sprites/pokemon/666.png,0.3110236220472441,0.254054054054054,0.1836734693877551,0.3883495145631068,0.1304347826086956,0.4307692307692308
666,667,Litleo,Fire,Normal,62,50,58,73,54,72,369,0.6,13.5,74.0,"['rivalry', 'unnerve', 'moxie']",moxie,generation-6,,,False,brown,quadruped,ground,,medium-slow,220,70,Lion Cub Pokémon,343,"The stronger the opponent it faces, the more heat surges from its mane and the more power flows through its body.",https://raw.githubusercontent.com/PokeAPI/sprites/master/sprites/pokemon/667.png,0.2401574803149606,0.2432432432432432,0.2163265306122449,0.3058252427184466,0.1478260869565217,0.3435897435897436
667,668,Pyroar-Male,Fire,Normal,86,68,72,109,66,106,507,1.5,81.5,177.0,"['rivalry', 'unnerve', 'moxie']",moxie,generation-6,,,False,brown,quadruped,ground,,medium-slow,65,70,Royal Pokémon,343,The male with the largest mane of fire is the leader of the pride.,https://raw.githubusercontent.com/PokeAPI/sprites/master/sprites/pokemon/668.png,0.3346456692913386,0.3405405405405405,0.273469387755102,0.4805825242718446,0.2,0.517948717948718
668,669,Flabebe,Fairy,None,44,38,39,61,79,42,303,0.1,0.1,61.0,"['flower-veil', 'symbiosis']",symbiosis,generation-6,,,False,white,arms,fairy,,medium,225,70,Single Bloom Pokémon,344,It draws out and controls the hidden power of flowers. The flower Flabébé holds is most likely part of its body.,https://raw.githubusercontent.com/PokeAPI/sprites/master/sprites/pokemon/669.png,0.1692913385826771,0.1783783783783784,0.1387755102040816,0.2475728155339805,0.2565217391304348,0.1897435897435897
669,670,Floette,Fairy,None,54,45,47,75,98,52,371,0.2,0.9,130.0,"['flower-veil', 'symbiosis']",symbiosis,generation-6,,,False,white,arms,fairy,,medium,120,70,Single Bloom Pokémon,344,It flutters around fields of flowers and cares for flowers that are starting to wilt. It draws out the hidden power of flowers to battle.,https://raw.githubusercontent.com/PokeAPI/sprites/master/sprites/pokemon/670.png,0.2086614173228346,0.2162162162162162,0.1714285714285714,0.3155339805825243,0.3391304347826087,0.241025641025641
670,671,Florges,Fairy,None,78,65,68,112,154,75,552,1.1,10.0,248.0,"['flower-veil', 'symbiosis']",symbiosis,generation-6,,,False,white,arms,fairy,,medium,45,70,Garden Pokémon,344,"It claims exquisite flower gardens as its territory, and it obtains power from basking in the energy emitted by flowering plants.",https://raw.githubusercontent.com/PokeAPI/sprites/master/sprites/pokemon/671.png,0.3031496062992126,0.3243243243243243,0.2571428571428571,0.4951456310679611,0.5826086956521739,0.358974358974359
671,672,Skiddo,Grass,None,66,65,48,62,57,52,350,0.9,31.0,70.0,"['sap-sipper', 'grass-pelt']",grass-pelt,generation-6,,,False,brown,quadruped,ground,,medium,200,70,Mount Pokémon,345,"Thought to be one of the first Pokémon to live in harmony with humans, it has a placid disposition.",https://raw.githubusercontent.com/PokeAPI/sprites/master/sprites/pokemon/672.png,0.2559055118110236,0.3243243243243243,0.1755102040816326,0.2524271844660194,0.1608695652173913,0.241025641025641
672,673,Gogoat,Grass,None,123,100,62,97,81,68,531,1.7,91.0,186.0,"['sap-sipper', 'grass-pelt']",grass-pelt,generation-6,,,False,brown,quadruped,ground,,medium,45,70,Mount Pokémon,345,It can tell how its Trainer is feeling by subtle shifts in the grip on its horns. This empathic sense lets them run as if one being.,https://raw.githubusercontent.com/PokeAPI/sprites/master/sprites/pokemon/673.png,0.4803149606299212,0.5135135135135135,0.2326530612244897,0.4223300970873786,0.2652173913043478,0.3230769230769231
673,674,Pancham,Fighting,None,67,82,62,46,48,43,348,0.6,8.0,70.0,"['iron-fist', 'mold-breaker', 'scrappy']",scrappy,generation-6,,,False,white,upright,ground|humanshape,,medium,220,70,Playful Pokémon,346,"It does its best to be taken seriously by its enemies, but its glare is not sufficiently intimidating. Chewing on a leaf is its trademark.",https://raw.githubusercontent.com/PokeAPI/sprites/master/sprites/pokemon/674.png,0.2598425196850393,0.4162162162162162,0.2326530612244897,0.174757281553398,0.1217391304347826,0.1948717948717948
674,675,Pangoro,Fighting,Dark,95,124,78,69,71,58,495,2.1,136.0,173.0,"['iron-fist', 'mold-breaker', 'scrappy']",scrappy,generation-6,,,False,white,humanoid,ground|humanshape,,medium,65,70,Daunting Pokémon,346,"Although it possesses a violent temperament, it won’t put up with bullying. It uses the leaf in its mouth to sense the movements of its enemies.",https://raw.githubusercontent.com/PokeAPI/sprites/master/sprites/pokemon/675.png,0.3700787401574803,0.6432432432432432,0.2979591836734694,0.2864077669902912,0.2217391304347826,0.2717948717948718
675,676,Furfrou,Normal,None,75,80,60,65,90,102,472,1.2,28.0,165.0,['fur-coat'],,generation-6,,,False,white,quadruped,ground,,medium,160,70,Poodle Pokémon,347,Trimming its fluffy fur not only makes it more elegant but also increases the swiftness of its movements.,https://raw.githubusercontent.com/PokeAPI/sprites/master/sprites/pokemon/676.png,0.2913385826771653,0.4054054054054054,0.2244897959183673,0.2669902912621359,0.3043478260869565,0.4974358974358974
676,677,Espurr,Psychic,None,62,48,54,63,60,68,355,0.3,3.5,71.0,"['keen-eye', 'infiltrator', 'own-tempo']",own-tempo,generation-6,,,False,gray,upright,ground,,medium,190,70,Restraint Pokémon,348,The organ that emits its intense psychic power is sheltered by its ears to keep power from leaking out.,https://raw.githubusercontent.com/PokeAPI/sprites/master/sprites/pokemon/677.png,0.2401574803149606,0.2324324324324324,0.2,0.2572815533980582,0.1739130434782608,0.3230769230769231
677,678,Meowstic-Male,Psychic,None,74,48,76,83,81,104,466,0.6,8.5,163.0,"['keen-eye', 'infiltrator', 'prankster']",prankster,generation-6,,,False,blue,upright,ground,,medium,75,70,Constraint Pokémon,348,"When in danger, it raises its ears and releases enough psychic power to grind a 10-ton truck into dust.",https://raw.githubusercontent.com/PokeAPI/sprites/master/sprites/pokemon/678.png,0.2874015748031496,0.2324324324324324,0.2897959183673469,0.3543689320388349,0.2652173913043478,0.5076923076923077
678,679,Honedge,Steel,Ghost,45,80,100,35,37,28,325,0.8,2.0,65.0,['no-guard'],,generation-6,,,False,brown,blob,mineral,,medium,180,70,Sword Pokémon,349,Apparently this Pokémon is born when a departed spirit inhabits a sword. It attaches itself to people and drinks their life force.,https://raw.githubusercontent.com/PokeAPI/sprites/master/sprites/pokemon/679.png,0.1732283464566929,0.4054054054054054,0.3877551020408163,0.1213592233009708,0.0739130434782608,0.1179487179487179
679,680,Doublade,Steel,Ghost,59,110,150,45,49,35,448,0.8,4.5,157.0,['no-guard'],,generation-6,,,False,brown,heads,mineral,,medium,90,70,Sword Pokémon,349,"When Honedge evolves, it divides into two swords, which cooperate via telepathy to coordinate attacks and slash their enemies to ribbons.",https://raw.githubusercontent.com/PokeAPI/sprites/master/sprites/pokemon/680.png,0.2283464566929134,0.5675675675675675,0.5918367346938775,0.1699029126213592,0.1260869565217391,0.1538461538461538
680,681,Aegislash-Shield,Steel,Ghost,60,50,140,50,140,60,500,1.7,53.0,234.0,['stance-change'],,generation-6,,,False,brown,blob,mineral,,medium,45,70,Royal Sword Pokémon,349,"Generations of kings were attended by these Pokémon, which used their spectral power to manipulate and control people and Pokémon.",https://raw.githubusercontent.com/PokeAPI/sprites/master/sprites/pokemon/681.png,0.2322834645669291,0.2432432432432432,0.5510204081632653,0.1941747572815534,0.5217391304347826,0.282051282051282
681,682,Spritzee,Fairy,None,78,52,60,63,65,23,341,0.2,0.5,68.0,"['healer', 'aroma-veil']",aroma-veil,generation-6,,,False,pink,arms,fairy,,medium,200,70,Perfume Pokémon,350,It emits a scent that enraptures those who smell it. This fragrance changes depending on what it has eaten.,https://raw.githubusercontent.com/PokeAPI/sprites/master/sprites/pokemon/682.png,0.3031496062992126,0.254054054054054,0.2244897959183673,0.2572815533980582,0.1956521739130435,0.0923076923076923
682,683,Aromatisse,Fairy,None,101,72,72,99,89,29,462,0.8,15.5,162.0,"['healer', 'aroma-veil']",aroma-veil,generation-6,,,False,pink,humanoid,fairy,,medium,140,70,Fragrance Pokémon,350,"It devises various scents, pleasant and unpleasant, and emits scents that its enemies dislike in order to gain an edge in battle.",https://raw.githubusercontent.com/PokeAPI/sprites/master/sprites/pokemon/683.png,0.3937007874015748,0.3621621621621622,0.273469387755102,0.4320388349514563,0.3,0.123076923076923
683,684,Swirlix,Fairy,None,62,48,66,59,57,49,341,0.4,3.5,68.0,"['sweet-veil', 'unburden']",unburden,generation-6,,,False,white,legs,fairy,,medium,200,70,Cotton Candy Pokémon,351,"To entangle its opponents in battle, it extrudes white threads as sweet and sticky as cotton candy.",https://raw.githubusercontent.com/PokeAPI/sprites/master/sprites/pokemon/684.png,0.2401574803149606,0.2324324324324324,0.2489795918367346,0.2378640776699029,0.1608695652173913,0.2256410256410256
684,685,Slurpuff,Fairy,None,82,80,86,85,75,72,480,0.8,5.0,168.0,"['sweet-veil', 'unburden']",unburden,generation-6,,,False,white,humanoid,fairy,,medium,140,70,Meringue Pokémon,351,It can distinguish the faintest of scents. It puts its sensitive sense of smell to use by helping pastry chefs in their work.,https://raw.githubusercontent.com/PokeAPI/sprites/master/sprites/pokemon/685.png,0.3188976377952756,0.4054054054054054,0.3306122448979592,0.3640776699029126,0.2391304347826087,0.3435897435897436
685,686,Inkay,Dark,Psychic,53,54,53,37,46,45,288,0.4,3.5,58.0,"['contrary', 'suction-cups', 'infiltrator']",infiltrator,generation-6,,,False,blue,tentacles,water1|water2,,medium,190,70,Revolving Pokémon,352,Opponents who stare at the flashing of the light-emitting spots on its body become dazed and lose their will to fight.,https://raw.githubusercontent.com/PokeAPI/sprites/master/sprites/pokemon/686.png,0.2047244094488189,0.2648648648648649,0.1959183673469387,0.1310679611650485,0.1130434782608695,0.2051282051282051
686,687,Malamar,Dark,Psychic,86,92,88,68,75,73,482,1.5,47.0,169.0,"['contrary', 'suction-cups', 'infiltrator']",infiltrator,generation-6,,,False,blue,blob,water1|water2,,medium,80,70,Overturning Pokémon,352,"It wields the most compelling hypnotic powers of any Pokémon, and it forces others to do whatever it wants.",https://raw.githubusercontent.com/PokeAPI/sprites/master/sprites/pokemon/687.png,0.3346456692913386,0.4702702702702703,0.3387755102040816,0.2815533980582524,0.2391304347826087,0.3487179487179487
687,688,Binacle,Rock,Water,42,52,67,39,56,50,306,0.5,31.0,61.0,"['tough-claws', 'sniper', 'pickpocket']",pickpocket,generation-6,,,False,brown,heads,water3,,medium,120,70,Two-Handed Pokémon,353,"Two Binacle live together on one rock. When they fight, one of them will move to a different rock.",https://raw.githubusercontent.com/PokeAPI/sprites/master/sprites/pokemon/688.png,0.1614173228346456,0.254054054054054,0.2530612244897959,0.1407766990291262,0.1565217391304348,0.2307692307692307
688,689,Barbaracle,Rock,Water,72,105,115,54,86,68,500,1.3,96.0,175.0,"['tough-claws', 'sniper', 'pickpocket']",pickpocket,generation-6,,,False,brown,heads,water3,,medium,45,70,Collective Pokémon,353,"When they evolve, two Binacle multiply into seven. They fight with the power of seven Binacle.",https://raw.githubusercontent.com/PokeAPI/sprites/master/sprites/pokemon/689.png,0.2795275590551181,0.5405405405405406,0.4489795918367347,0.2135922330097087,0.2869565217391304,0.3230769230769231
689,690,Skrelp,Poison,Water,50,60,60,60,60,30,320,0.5,7.3,64.0,"['poison-point', 'poison-touch', 'adaptability']",adaptability,generation-6,,,False,brown,blob,water1|dragon,,medium,225,70,Mock Kelp Pokémon,354,"Camouflaged as rotten kelp, they spray liquid poison on prey that approaches unawares and then finish it off.",https://raw.githubusercontent.com/PokeAPI/sprites/master/sprites/pokemon/690.png,0.1929133858267716,0.2972972972972973,0.2244897959183673,0.2427184466019417,0.1739130434782608,0.1282051282051282
690,691,Dragalge,Poison,Dragon,65,75,90,97,123,44,494,1.8,81.5,173.0,"['poison-point', 'poison-touch', 'adaptability']",adaptability,generation-6,,,False,brown,blob,water1|dragon,,medium,55,70,Mock Kelp Pokémon,354,"Their poison is strong enough to eat through the hull of a tanker, and they spit it indiscriminately at anything that enters their territory.",https://raw.githubusercontent.com/PokeAPI/sprites/master/sprites/pokemon/691.png,0.2519685039370078,0.3783783783783784,0.3469387755102041,0.4223300970873786,0.4478260869565217,0.2
691,692,Clauncher,Water,None,50,53,62,58,63,44,330,0.5,8.3,66.0,['mega-launcher'],,generation-6,,,False,blue,armor,water1|water3,,slow,225,70,Water Gun Pokémon,355,They knock down flying prey by firing compressed water from their massive claws like shooting a pistol.,https://raw.githubusercontent.com/PokeAPI/sprites/master/sprites/pokemon/692.png,0.1929133858267716,0.2594594594594595,0.2326530612244897,0.233009708737864,0.1869565217391304,0.2
692,693,Clawitzer,Water,None,71,73,88,120,89,59,500,1.3,35.3,100.0,['mega-launcher'],,generation-6,,,False,blue,squiggle,water1|water3,,slow,55,70,Howitzer Pokémon,355,Their enormous claws launch cannonballs of water powerful enough to pierce tanker hulls.,https://raw.githubusercontent.com/PokeAPI/sprites/master/sprites/pokemon/693.png,0.2755905511811024,0.3675675675675676,0.3387755102040816,0.5339805825242718,0.3,0.2769230769230769
693,694,Helioptile,Electric,Normal,44,38,33,61,43,70,289,0.5,6.0,58.0,"['dry-skin', 'sand-veil', 'solar-power']",solar-power,generation-6,,,False,yellow,upright,monster|dragon,,medium,190,70,Generator Pokémon,356,"They make their home in deserts. They can generate their energy from basking in the sun, so eating food is not a requirement.",https://raw.githubusercontent.com/PokeAPI/sprites/master/sprites/pokemon/694.png,0.1692913385826771,0.1783783783783784,0.1142857142857142,0.2475728155339805,0.1,0.3333333333333333
694,695,Heliolisk,Electric,Normal,62,55,52,109,94,109,481,1.0,21.0,168.0,"['dry-skin', 'sand-veil', 'solar-power']",solar-power,generation-6,,,False,yellow,upright,monster|dragon,,medium,75,70,Generator Pokémon,356,They flare their frills and generate energy. A single Heliolisk can generate sufficient electricity to power a skyscraper.,https://raw.githubusercontent.com/PokeAPI/sprites/master/sprites/pokemon/695.png,0.2401574803149606,0.2702702702702703,0.1918367346938775,0.4805825242718446,0.3217391304347826,0.5333333333333333
695,696,Tyrunt,Rock,Dragon,58,89,77,45,45,48,362,0.8,26.0,72.0,"['strong-jaw', 'sturdy']",sturdy,generation-6,,,False,brown,upright,monster|dragon,,medium,45,70,Royal Heir Pokémon,357,"This Pokémon was restored from a fossil. If something happens that it doesn’t like, it throws a tantrum and runs wild.",https://raw.githubusercontent.com/PokeAPI/sprites/master/sprites/pokemon/696.png,0.2244094488188976,0.4540540540540541,0.2938775510204082,0.1699029126213592,0.108695652173913,0.2205128205128205
696,697,Tyrantrum,Rock,Dragon,82,121,119,69,59,71,521,2.5,270.0,182.0,"['strong-jaw', 'rock-head']",rock-head,generation-6,,,False,red,upright,monster|dragon,,medium,45,70,Despot Pokémon,357,"Thanks to its gargantuan jaws, which could shred thick metal plates as if they were paper, it was invincible in the ancient world it once inhabited.",https://raw.githubusercontent.com/PokeAPI/sprites/master/sprites/pokemon/697.png,0.3188976377952756,0.6270270270270271,0.4653061224489795,0.2864077669902912,0.1695652173913043,0.3384615384615385
697,698,Amaura,Rock,Ice,77,59,50,67,63,46,362,1.3,25.2,72.0,"['refrigerate', 'snow-warning']",snow-warning,generation-6,,,False,blue,quadruped,monster,,medium,45,70,Tundra Pokémon,358,This ancient Pokémon was restored from part of its body that had been frozen in ice for over 100 million years.,https://raw.githubusercontent.com/PokeAPI/sprites/master/sprites/pokemon/698.png,0.2992125984251969,0.2918918918918919,0.1836734693877551,0.2766990291262136,0.1869565217391304,0.2102564102564102
698,699,Aurorus,Rock,Ice,123,77,72,99,92,58,521,2.7,225.0,104.0,"['refrigerate', 'snow-warning']",snow-warning,generation-6,,,False,blue,quadruped,monster,,medium,45,70,Tundra Pokémon,358,"The diamond-shaped crystals on its body expel air as cold as -240 degrees Fahrenheit, surrounding its enemies and encasing them in ice.",https://raw.githubusercontent.com/PokeAPI/sprites/master/sprites/pokemon/699.png,0.4803149606299212,0.3891891891891892,0.273469387755102,0.4320388349514563,0.3130434782608696,0.2717948717948718
699,700,Sylveon,Fairy,None,95,65,65,110,130,60,525,1.0,23.5,184.0,"['cute-charm', 'pixilate']",pixilate,generation-6,,,False,pink,quadruped,ground,,medium,45,70,Intertwining Pokémon,67,It sends a soothing aura from its ribbonlike feelers to calm fights.,https://raw.githubusercontent.com/PokeAPI/sprites/master/sprites/pokemon/700.png,0.3700787401574803,0.3243243243243243,0.2448979591836734,0.4854368932038835,0.4782608695652174,0.282051282051282
700,701,Hawlucha,Fighting,Flying,78,92,75,74,63,118,500,0.8,21.5,175.0,"['limber', 'unburden', 'mold-breaker']",mold-breaker,generation-6,,,False,green,humanoid,flying|humanshape,,medium,100,70,Wrestling Pokémon,359,"Although its body is small, its proficient fighting skills enable it to keep up with big bruisers like Machamp and Hariyama.",https://raw.githubusercontent.com/PokeAPI/sprites/master/sprites/pokemon/701.png,0.3031496062992126,0.4702702702702703,0.2857142857142857,0.3106796116504854,0.1869565217391304,0.5794871794871795
701,702,Dedenne,Electric,Fairy,67,58,57,81,67,101,431,0.2,2.2,151.0,"['cheek-pouch', 'pickup', 'plus']",plus,generation-6,,,False,yellow,upright,ground|fairy,,medium,180,70,Antenna Pokémon,360,"Its whiskers serve as antennas. By sending and receiving electrical waves, it can communicate with others over vast distances.",https://raw.githubusercontent.com/PokeAPI/sprites/master/sprites/pokemon/702.png,0.2598425196850393,0.2864864864864865,0.2122448979591836,0.3446601941747573,0.2043478260869565,0.4923076923076923
702,703,Carbink,Rock,Fairy,50,50,150,50,150,50,500,0.3,5.7,100.0,"['clear-body', 'sturdy']",sturdy,generation-6,,,False,gray,ball,fairy|mineral,,slow,60,70,Jewel Pokémon,361,"Born from the temperatures and pressures deep underground, it fires beams from the stone in its head.",https://raw.githubusercontent.com/PokeAPI/sprites/master/sprites/pokemon/703.png,0.1929133858267716,0.2432432432432432,0.5918367346938775,0.1941747572815534,0.5652173913043478,0.2307692307692307
703,704,Goomy,Dragon,None,45,50,35,55,75,40,300,0.3,2.8,60.0,"['sap-sipper', 'hydration', 'gooey']",gooey,generation-6,,,False,purple,squiggle,dragon,,slow,45,35,Soft Tissue Pokémon,362,"The weakest Dragon-type Pokémon, it lives in damp, shady places, so its body doesn’t dry out.",https://raw.githubusercontent.com/PokeAPI/sprites/master/sprites/pokemon/704.png,0.1732283464566929,0.2432432432432432,0.1224489795918367,0.2184466019417475,0.2391304347826087,0.1794871794871795
704,705,Sliggoo,Dragon,None,68,75,53,83,113,60,452,0.8,17.5,158.0,"['sap-sipper', 'hydration', 'gooey']",gooey,generation-6,,,False,purple,squiggle,dragon,,slow,45,35,Soft Tissue Pokémon,362,"It drives away opponents by excreting a sticky liquid that can dissolve anything. Its eyes devolved, so it can’t see anything.",https://raw.githubusercontent.com/PokeAPI/sprites/master/sprites/pokemon/705.png,0.2637795275590551,0.3783783783783784,0.1959183673469387,0.3543689320388349,0.4043478260869565,0.282051282051282
705,706,Goodra,Dragon,None,90,100,70,110,150,80,600,2.0,150.5,270.0,"['sap-sipper', 'hydration', 'gooey']",gooey,generation-6,,,False,purple,upright,dragon,,slow,45,35,Dragon Pokémon,362,"This very friendly Dragon-type Pokémon will hug its beloved Trainer, leaving that Trainer covered in sticky slime.",https://raw.githubusercontent.com/PokeAPI/sprites/master/sprites/pokemon/706.png,0.3503937007874015,0.5135135135135135,0.2653061224489796,0.4854368932038835,0.5652173913043478,0.3846153846153846
706,707,Klefki,Steel,Fairy,57,80,91,80,87,75,470,0.2,3.0,165.0,"['prankster', 'magician']",magician,generation-6,,,False,gray,ball,mineral,,fast,75,70,Key Ring Pokémon,363,These key collectors threaten any attackers by fiercely jingling their keys at them.,https://raw.githubusercontent.com/PokeAPI/sprites/master/sprites/pokemon/707.png,0.2204724409448819,0.4054054054054054,0.3510204081632653,0.3398058252427184,0.2913043478260869,0.358974358974359
707,708,Phantump,Ghost,Grass,43,70,48,50,60,38,309,0.4,7.0,62.0,"['natural-cure', 'frisk', 'harvest']",harvest,generation-6,,,False,brown,arms,plant|indeterminate,,medium,120,70,Stump Pokémon,364,These Pokémon are created when spirits possess rotten tree stumps. They prefer to live in abandoned forests.,https://raw.githubusercontent.com/PokeAPI/sprites/master/sprites/pokemon/708.png,0.1653543307086614,0.3513513513513513,0.1755102040816326,0.1941747572815534,0.1739130434782608,0.1692307692307692
708,709,Trevenant,Ghost,Grass,85,110,76,65,82,56,474,1.5,71.0,166.0,"['natural-cure', 'frisk', 'harvest']",harvest,generation-6,,,False,brown,tentacles,plant|indeterminate,,medium,60,70,Elder Tree Pokémon,364,"It can control trees at will. It will trap people who harm the forest, so they can never leave.",https://raw.githubusercontent.com/PokeAPI/sprites/master/sprites/pokemon/709.png,0.3307086614173228,0.5675675675675675,0.2897959183673469,0.2669902912621359,0.2695652173913043,0.2615384615384615
709,710,Pumpkaboo-Average,Ghost,Grass,49,66,70,44,55,51,335,0.4,5.0,67.0,"['pickup', 'frisk', 'insomnia']",insomnia,generation-6,,,False,brown,ball,indeterminate,,medium,120,70,Pumpkin Pokémon,365,"The pumpkin body is inhabited by a spirit trapped in this world. As the sun sets, it becomes restless and active.",https://raw.githubusercontent.com/PokeAPI/sprites/master/sprites/pokemon/710.png,0.1889763779527559,0.3297297297297297,0.2653061224489796,0.1650485436893204,0.1521739130434782,0.2358974358974359
710,711,Gourgeist-Average,Ghost,Grass,65,90,122,58,75,84,494,0.9,12.5,173.0,"['pickup', 'frisk', 'insomnia']",insomnia,generation-6,,,False,brown,blob,indeterminate,,medium,60,70,Pumpkin Pokémon,365,"Singing in eerie voices, they wander town streets on the night of the new moon. Anyone who hears their song is cursed.",https://raw.githubusercontent.com/PokeAPI/sprites/master/sprites/pokemon/711.png,0.2519685039370078,0.4594594594594595,0.4775510204081633,0.233009708737864,0.2391304347826087,0.4051282051282051
711,712,Bergmite,Ice,None,55,69,85,32,35,28,304,1.0,99.5,61.0,"['own-tempo', 'ice-body', 'sturdy']",sturdy,generation-6,,,False,blue,quadruped,monster|mineral,,medium,190,70,Ice Chunk Pokémon,366,It blocks opponents’ attacks with the ice that shields its body. It uses cold air to repair any cracks with new ice.,https://raw.githubusercontent.com/PokeAPI/sprites/master/sprites/pokemon/712.png,0.2125984251968504,0.3459459459459459,0.3265306122448979,0.1067961165048543,0.0652173913043478,0.1179487179487179
712,713,Avalugg,Ice,None,95,117,184,44,46,28,514,2.0,505.0,180.0,"['own-tempo', 'ice-body', 'sturdy']",sturdy,generation-6,,,False,blue,quadruped,monster|mineral,,medium,55,70,Iceberg Pokémon,366,Its ice-covered body is as hard as steel. Its cumbersome frame crushes anything that stands in its way.,https://raw.githubusercontent.com/PokeAPI/sprites/master/sprites/pokemon/713.png,0.3700787401574803,0.6054054054054054,0.7306122448979592,0.1650485436893204,0.1130434782608695,0.1179487179487179
713,714,Noibat,Flying,Dragon,40,30,35,45,40,55,245,0.5,8.0,49.0,"['frisk', 'infiltrator', 'telepathy']",telepathy,generation-6,,,False,purple,wings,flying|dragon,,medium,190,70,Sound Wave Pokémon,367,"They live in pitch-black caves. Their enormous ears can emit ultrasonic waves of 200,000 hertz.",https://raw.githubusercontent.com/PokeAPI/sprites/master/sprites/pokemon/714.png,0.1535433070866141,0.1351351351351351,0.1224489795918367,0.1699029126213592,0.0869565217391304,0.2564102564102564
714,715,Noivern,Flying,Dragon,85,70,80,97,80,123,535,1.5,85.0,187.0,"['frisk', 'infiltrator', 'telepathy']",telepathy,generation-6,,,False,purple,wings,flying|dragon,,medium,45,70,Sound Wave Pokémon,367,They fly around on moonless nights and attack careless prey. Nothing can beat them in a battle in the dark.,https://raw.githubusercontent.com/PokeAPI/sprites/master/sprites/pokemon/715.png,0.3307086614173228,0.3513513513513513,0.3061224489795918,0.4223300970873786,0.2608695652173913,0.6051282051282051
715,716,Xerneas,Fairy,None,126,131,95,131,98,99,680,3.0,215.0,306.0,['fairy-aura'],,generation-6,,,False,blue,quadruped,no-eggs,,slow,45,0,Life Pokémon,368,Legends say it can share eternal life. It slept for a thousand years in the form of a tree before its revival.,https://raw.githubusercontent.com/PokeAPI/sprites/master/sprites/pokemon/716.png,0.4921259842519685,0.6810810810810811,0.3673469387755102,0.587378640776699,0.3391304347826087,0.482051282051282
716,717,Yveltal,Dark,Flying,126,131,95,131,98,99,680,5.8,203.0,306.0,['dark-aura'],,generation-6,,,False,red,wings,no-eggs,,slow,45,0,Destruction Pokémon,369,"When this legendary Pokémon’s wings and tail feathers spread wide and glow red, it absorbs the life force of living creatures.",https://raw.githubusercontent.com/PokeAPI/sprites/master/sprites/pokemon/717.png,0.4921259842519685,0.6810810810810811,0.3673469387755102,0.587378640776699,0.3391304347826087,0.482051282051282
717,718,Zygarde-50,Dragon,Ground,108,100,121,81,95,95,600,5.0,305.0,270.0,['aura-break'],,generation-6,,,False,green,squiggle,no-eggs,,slow,3,0,Order Pokémon,370,"When the Kalos region’s ecosystem falls into disarray, it appears and reveals its secret power.",https://raw.githubusercontent.com/PokeAPI/sprites/master/sprites/pokemon/718.png,0.421259842519685,0.5135135135135135,0.473469387755102,0.3446601941747573,0.3260869565217391,0.4615384615384615
718,719,Diancie,Rock,Fairy,50,100,150,100,150,50,600,0.7,8.8,270.0,['clear-body'],,generation-6,,,False,pink,arms,no-eggs,,slow,3,70,Jewel Pokémon,371,"A sudden transformation of Carbink, its pink, glimmering body is said to be the loveliest sight in the whole world.",https://raw.githubusercontent.com/PokeAPI/sprites/master/sprites/pokemon/719.png,0.1929133858267716,0.5135135135135135,0.5918367346938775,0.4368932038834951,0.5652173913043478,0.2307692307692307
719,720,Hoopa,Psychic,Ghost,80,110,60,150,130,70,600,0.5,9.0,270.0,['magician'],,generation-6,,,False,purple,arms,no-eggs,,slow,3,100,Mischief Pokémon,372,"This troublemaker sends anything and everything to faraway places using its loop, which can warp space.",https://raw.githubusercontent.com/PokeAPI/sprites/master/sprites/pokemon/720.png,0.3110236220472441,0.5675675675675675,0.2244897959183673,0.6796116504854369,0.4782608695652174,0.3333333333333333
720,721,Volcanion,Fire,Water,80,110,120,130,90,70,600,1.7,195.0,270.0,['water-absorb'],,generation-6,,,False,brown,quadruped,no-eggs,,slow,3,100,Steam Pokémon,373,It lets out billows of steam and disappears into the dense fog. It’s said to live in mountains where humans do not tread.,https://raw.githubusercontent.com/PokeAPI/sprites/master/sprites/pokemon/721.png,0.3110236220472441,0.5675675675675675,0.4693877551020408,0.5825242718446602,0.3043478260869565,0.3333333333333333
721,722,Rowlet,Grass,Flying,68,55,55,50,50,42,320,0.3,1.5,64.0,"['overgrow', 'long-reach']",long-reach,generation-7,,,False,brown,wings,flying,,medium-slow,45,70,Grass Quill Pokémon,374,"This wary Pokémon uses photosynthesis to store up energy during the day, while becoming active at night.",https://raw.githubusercontent.com/PokeAPI/sprites/master/sprites/pokemon/722.png,0.2637795275590551,0.2702702702702703,0.2040816326530612,0.1941747572815534,0.1304347826086956,0.1897435897435897
722,723,Dartrix,Grass,Flying,78,75,75,70,70,52,420,0.7,16.0,147.0,"['overgrow', 'long-reach']",long-reach,generation-7,,,False,brown,wings,flying,,medium-slow,45,70,Blade Quill Pokémon,374,"A bit of a dandy, it spends its free time preening its wings. Its preoccupation with any dirt on its plumage can leave it unable to battle.",https://raw.githubusercontent.com/PokeAPI/sprites/master/sprites/pokemon/723.png,0.3031496062992126,0.3783783783783784,0.2857142857142857,0.2912621359223301,0.217391304347826,0.241025641025641
723,724,Decidueye,Grass,Ghost,78,107,75,100,100,70,530,1.6,36.6,239.0,"['overgrow', 'long-reach']",long-reach,generation-7,,,False,brown,wings,flying,,medium-slow,45,70,Arrow Quill Pokémon,374,"It fires arrow quills from its wings with such precision, they can pierce a pebble at distances over a hundred yards.",https://raw.githubusercontent.com/PokeAPI/sprites/master/sprites/pokemon/724.png,0.3031496062992126,0.5513513513513514,0.2857142857142857,0.4368932038834951,0.3478260869565217,0.3333333333333333
724,725,Litten,Fire,None,45,65,40,60,40,70,320,0.4,4.3,64.0,"['blaze', 'intimidate']",intimidate,generation-7,,,False,red,quadruped,ground,,medium-slow,45,70,Fire Cat Pokémon,375,"While grooming itself, it builds up fur inside its stomach. It sets the fur alight and spews fiery attacks, which change based on how it coughs.",https://raw.githubusercontent.com/PokeAPI/sprites/master/sprites/pokemon/725.png,0.1732283464566929,0.3243243243243243,0.1428571428571428,0.2427184466019417,0.0869565217391304,0.3333333333333333
725,726,Torracat,Fire,None,65,85,50,80,50,90,420,0.7,25.0,147.0,"['blaze', 'intimidate']",intimidate,generation-7,,,False,red,quadruped,ground,,medium-slow,45,70,Fire Cat Pokémon,375,"At its throat, it bears a bell of fire. The bell rings brightly whenever this Pokémon spits fire.",https://raw.githubusercontent.com/PokeAPI/sprites/master/sprites/pokemon/726.png,0.2519685039370078,0.4324324324324324,0.1836734693877551,0.3398058252427184,0.1304347826086956,0.4358974358974359
726,727,Incineroar,Fire,Dark,95,115,90,80,90,60,530,1.8,83.0,239.0,"['blaze', 'intimidate']",intimidate,generation-7,,,False,red,upright,ground,,medium-slow,45,70,Heel Pokémon,375,"This Pokémon has a violent, selfish disposition. If it’s not in the mood to listen, it will ignore its Trainer’s orders with complete nonchalance.",https://raw.githubusercontent.com/PokeAPI/sprites/master/sprites/pokemon/727.png,0.3700787401574803,0.5945945945945946,0.3469387755102041,0.3398058252427184,0.3043478260869565,0.282051282051282
727,728,Popplio,Water,None,50,54,54,66,56,40,320,0.4,7.5,64.0,"['torrent', 'liquid-voice']",liquid-voice,generation-7,,,False,blue,fish,water1|ground,,medium-slow,45,70,Sea Lion Pokémon,376,"This Pokémon snorts body fluids from its nose, blowing balloons to smash into its foes. It’s famous for being a hard worker.",https://raw.githubusercontent.com/PokeAPI/sprites/master/sprites/pokemon/728.png,0.1929133858267716,0.2648648648648649,0.2,0.2718446601941747,0.1565217391304348,0.1794871794871795
728,729,Brionne,Water,None,60,69,69,91,81,50,420,0.6,17.5,147.0,"['torrent', 'liquid-voice']",liquid-voice,generation-7,,,False,blue,fish,water1|ground,,medium-slow,45,70,Pop Star Pokémon,376,"A skillful dancer, it creates a sequence of water balloons as it dances, and briskly bombards its enemies.",https://raw.githubusercontent.com/PokeAPI/sprites/master/sprites/pokemon/729.png,0.2322834645669291,0.3459459459459459,0.2612244897959184,0.3932038834951456,0.2652173913043478,0.2307692307692307
729,730,Primarina,Water,Fairy,80,74,74,126,116,60,530,1.8,44.0,239.0,"['torrent', 'liquid-voice']",liquid-voice,generation-7,,,False,blue,fish,water1|ground,,medium-slow,45,70,Soloist Pokémon,376,It controls its water balloons with song. The melody is learned from others of its kind and is passed down from one generation to the next.,https://raw.githubusercontent.com/PokeAPI/sprites/master/sprites/pokemon/730.png,0.3110236220472441,0.372972972972973,0.2816326530612245,0.5631067961165048,0.417391304347826,0.282051282051282
730,731,Pikipek,Normal,Flying,35,75,30,30,30,65,265,0.3,1.2,53.0,"['keen-eye', 'skill-link', 'pickup']",pickup,generation-7,,,False,black,wings,flying,,medium,255,70,Woodpecker Pokémon,377,It can peck at a rate of 16 times a second to drill holes in trees. It uses the holes for food storage and for nesting.,https://raw.githubusercontent.com/PokeAPI/sprites/master/sprites/pokemon/731.png,0.1338582677165354,0.3783783783783784,0.1020408163265306,0.0970873786407767,0.0434782608695652,0.3076923076923077
731,732,Trumbeak,Normal,Flying,55,85,50,40,50,75,355,0.6,14.8,124.0,"['keen-eye', 'skill-link', 'pickup']",pickup,generation-7,,,False,black,wings,flying,,medium,120,70,Bugle Beak Pokémon,377,"It eats berries and stores their seeds in its beak. When it encounters enemies or prey, it fires off all the seeds in a burst.",https://raw.githubusercontent.com/PokeAPI/sprites/master/sprites/pokemon/732.png,0.2125984251968504,0.4324324324324324,0.1836734693877551,0.145631067961165,0.1304347826086956,0.358974358974359
732,733,Toucannon,Normal,Flying,80,120,75,75,75,60,485,1.1,26.0,218.0,"['keen-eye', 'skill-link', 'sheer-force']",sheer-force,generation-7,,,False,black,wings,flying,,medium,45,70,Cannon Pokémon,377,"When it battles, its beak heats up. The temperature can easily exceed 212 degrees Fahrenheit, causing severe burns when it hits.",https://raw.githubusercontent.com/PokeAPI/sprites/master/sprites/pokemon/733.png,0.3110236220472441,0.6216216216216216,0.2857142857142857,0.3155339805825243,0.2391304347826087,0.282051282051282
733,734,Yungoos,Normal,None,48,70,30,30,30,45,253,0.4,6.0,51.0,"['stakeout', 'strong-jaw', 'adaptability']",adaptability,generation-7,,,False,brown,quadruped,ground,,medium,255,70,Loitering Pokémon,378,"With its sharp fangs, it will bite anything. It did not originally live in Alola but was imported from another region.",https://raw.githubusercontent.com/PokeAPI/sprites/master/sprites/pokemon/734.png,0.1850393700787401,0.3513513513513513,0.1020408163265306,0.0970873786407767,0.0434782608695652,0.2051282051282051
734,735,Gumshoos,Normal,None,88,110,60,55,60,45,418,0.7,14.2,146.0,"['stakeout', 'strong-jaw', 'adaptability']",adaptability,generation-7,,,False,brown,quadruped,ground,,medium,127,70,Stakeout Pokémon,378,"When it finds a trace of its prey, it patiently stakes out the location...but it’s always snoozing by nightfall.",https://raw.githubusercontent.com/PokeAPI/sprites/master/sprites/pokemon/735.png,0.3425196850393701,0.5675675675675675,0.2244897959183673,0.2184466019417475,0.1739130434782608,0.2051282051282051
735,736,Grubbin,Bug,None,47,62,45,55,45,46,300,0.4,4.4,60.0,['swarm'],,generation-7,,,False,gray,armor,bug,,medium,255,70,Larva Pokémon,379,Its strong jaw enables it to scrape trees and slurp out the sap. It normally lives underground.,https://raw.githubusercontent.com/PokeAPI/sprites/master/sprites/pokemon/736.png,0.1811023622047244,0.3081081081081081,0.1632653061224489,0.2184466019417475,0.108695652173913,0.2102564102564102
736,737,Charjabug,Bug,Electric,57,82,95,55,75,36,400,0.5,10.5,140.0,['battery'],,generation-7,,,False,green,squiggle,bug,,medium,120,70,Battery Pokémon,379,"Its body is capable of storing electricity. On camping trips, people are grateful to have one around.",https://raw.githubusercontent.com/PokeAPI/sprites/master/sprites/pokemon/737.png,0.2204724409448819,0.4162162162162162,0.3673469387755102,0.2184466019417475,0.2391304347826087,0.1589743589743589
737,738,Vikavolt,Bug,Electric,77,70,90,145,75,43,500,1.5,45.0,225.0,['levitate'],,generation-7,,,False,blue,armor,bug,,medium,45,70,Stag Beetle Pokémon,379,"It zips around, on sharp lookout for an opening. It concentrates electrical energy within its large jaws and uses it to zap its enemies.",https://raw.githubusercontent.com/PokeAPI/sprites/master/sprites/pokemon/738.png,0.2992125984251969,0.3513513513513513,0.3469387755102041,0.6553398058252428,0.2391304347826087,0.1948717948717948
738,739,Crabrawler,Fighting,None,47,82,57,42,47,63,338,0.6,7.0,68.0,"['hyper-cutter', 'iron-fist', 'anger-point']",anger-point,generation-7,,,False,purple,armor,water3,,medium,225,70,Boxing Pokémon,380,"While guarding its weak points with its pincers, it looks for an opening and unleashes punches. When it loses, it foams at the mouth and faints.",https://raw.githubusercontent.com/PokeAPI/sprites/master/sprites/pokemon/739.png,0.1811023622047244,0.4162162162162162,0.2122448979591836,0.1553398058252427,0.117391304347826,0.2974358974358974
739,740,Crabominable,Fighting,Ice,97,132,77,62,67,43,478,1.7,180.0,167.0,"['hyper-cutter', 'iron-fist', 'anger-point']",anger-point,generation-7,,,False,white,armor,water3,,medium,60,70,Woolly Crab Pokémon,380,"It aimed for the top but got lost and ended up on a snowy mountain. Being forced to endure the cold, this Pokémon evolved and grew fur.",https://raw.githubusercontent.com/PokeAPI/sprites/master/sprites/pokemon/740.png,0.3779527559055118,0.6864864864864865,0.2938775510204082,0.2524271844660194,0.2043478260869565,0.1948717948717948
740,741,Oricorio-Baile,Fire,Flying,75,70,70,98,70,93,476,0.6,3.4,167.0,['dancer'],,generation-7,,,False,red,wings,flying,,medium,45,70,Dancing Pokémon,381,"It beats its wings together to create fire. As it moves in the steps of its beautiful dance, it bathes opponents in intense flames.",https://raw.githubusercontent.com/PokeAPI/sprites/master/sprites/pokemon/741.png,0.2913385826771653,0.3513513513513513,0.2653061224489796,0.4271844660194174,0.217391304347826,0.4512820512820513
741,742,Cutiefly,Bug,Fairy,40,45,40,55,40,84,304,0.1,0.2,61.0,"['honey-gather', 'shield-dust', 'sweet-veil']",sweet-veil,generation-7,,,False,yellow,armor,bug|fairy,,medium,190,70,Bee Fly Pokémon,382,"It feeds on the nectar and pollen of flowers. Because it’s able to sense auras, it can identify which flowers are about to bloom.",https://raw.githubusercontent.com/PokeAPI/sprites/master/sprites/pokemon/742.png,0.1535433070866141,0.2162162162162162,0.1428571428571428,0.2184466019417475,0.0869565217391304,0.4051282051282051
742,743,Ribombee,Bug,Fairy,60,55,60,95,70,124,464,0.2,0.5,162.0,"['honey-gather', 'shield-dust', 'sweet-veil']",sweet-veil,generation-7,,,False,yellow,bug-wings,bug|fairy,,medium,75,70,Bee Fly Pokémon,382,"It rolls up pollen into puffs. It makes many different varieties, some used as food and others used in battle.",https://raw.githubusercontent.com/PokeAPI/sprites/master/sprites/pokemon/743.png,0.2322834645669291,0.2702702702702703,0.2244897959183673,0.4126213592233009,0.217391304347826,0.6102564102564103
743,744,Rockruff,Rock,None,45,65,40,30,40,60,280,0.5,9.2,56.0,"['keen-eye', 'vital-spirit', 'steadfast']",steadfast,generation-7,,,False,brown,quadruped,ground,,medium,190,70,Puppy Pokémon,383,"It’s considered to be a good Pokémon for beginners because of its friendliness, but its disposition grows rougher as it grows up.",https://raw.githubusercontent.com/PokeAPI/sprites/master/sprites/pokemon/744.png,0.1732283464566929,0.3243243243243243,0.1428571428571428,0.0970873786407767,0.0869565217391304,0.282051282051282
744,745,Lycanroc-Midday,Rock,None,75,115,65,55,65,112,487,0.8,25.0,170.0,"['keen-eye', 'sand-rush', 'steadfast']",steadfast,generation-7,,,False,brown,quadruped,ground,,medium,90,70,Wolf Pokémon,383,"Its quick movements confuse its enemies. Well equipped with claws and fangs, it also uses the sharp rocks in its mane as weapons.",https://raw.githubusercontent.com/PokeAPI/sprites/master/sprites/pokemon/745.png,0.2913385826771653,0.5945945945945946,0.2448979591836734,0.2184466019417475,0.1956521739130435,0.5487179487179488
745,746,Wishiwashi-Solo,Water,None,45,20,20,25,25,40,175,0.2,0.3,61.0,['schooling'],,generation-7,,,False,blue,fish,water2,,fast,60,70,Small Fry Pokémon,384,"When it’s in trouble, its eyes moisten and begin to shine. The shining light attracts its comrades, and they stand together against their enemies.",https://raw.githubusercontent.com/PokeAPI/sprites/master/sprites/pokemon/746.png,0.1732283464566929,0.081081081081081,0.0612244897959183,0.0728155339805825,0.0217391304347826,0.1794871794871795
746,747,Mareanie,Poison,Water,50,53,62,43,52,45,305,0.4,8.0,61.0,"['merciless', 'limber', 'regenerator']",regenerator,generation-7,,,False,blue,blob,water1,,medium,190,70,Brutal Star Pokémon,385,"It plunges the poison spike on its head into its prey. When the prey has weakened, Mareanie deals the finishing blow with its 10 tentacles.",https://raw.githubusercontent.com/PokeAPI/sprites/master/sprites/pokemon/747.png,0.1929133858267716,0.2594594594594595,0.2326530612244897,0.1601941747572815,0.1391304347826087,0.2051282051282051
747,748,Toxapex,Poison,Water,50,63,152,53,142,35,495,0.7,14.5,173.0,"['merciless', 'limber', 'regenerator']",regenerator,generation-7,,,False,blue,tentacles,water1,,medium,75,70,Brutal Star Pokémon,385,Toxapex crawls along the ocean floor on its 12 legs. It leaves a trail of Corsola bits scattered in its wake.,https://raw.githubusercontent.com/PokeAPI/sprites/master/sprites/pokemon/748.png,0.1929133858267716,0.3135135135135135,0.6,0.2087378640776699,0.5304347826086957,0.1538461538461538
748,749,Mudbray,Ground,None,70,100,70,45,55,45,385,1.0,110.0,77.0,"['own-tempo', 'stamina', 'inner-focus']",inner-focus,generation-7,,,False,brown,quadruped,ground,,medium,190,70,Donkey Pokémon,386,The mud stuck to Mudbray’s hooves enhances its grip and its powerful running gait.,https://raw.githubusercontent.com/PokeAPI/sprites/master/sprites/pokemon/749.png,0.2716535433070866,0.5135135135135135,0.2653061224489796,0.1699029126213592,0.1521739130434782,0.2051282051282051
749,750,Mudsdale,Ground,None,100,125,100,55,85,35,500,2.5,920.0,175.0,"['own-tempo', 'stamina', 'inner-focus']",inner-focus,generation-7,,,False,brown,quadruped,ground,,medium,60,70,Draft Horse Pokémon,386,"It spits a mud that provides resistance to both wind and rain, so the walls of old houses were often coated with it.",https://raw.githubusercontent.com/PokeAPI/sprites/master/sprites/pokemon/750.png,0.389763779527559,0.6486486486486487,0.3877551020408163,0.2184466019417475,0.2826086956521739,0.1538461538461538
750,751,Dewpider,Water,Bug,38,40,52,40,72,27,269,0.3,4.0,54.0,"['water-bubble', 'water-absorb']",water-absorb,generation-7,,,False,green,legs,water1|bug,,medium,200,70,Water Bubble Pokémon,387,It crawls onto the land in search of food. Its water bubble allows it to breathe and protects its soft head.,https://raw.githubusercontent.com/PokeAPI/sprites/master/sprites/pokemon/751.png,0.1456692913385826,0.1891891891891892,0.1918367346938775,0.145631067961165,0.2260869565217391,0.1128205128205128
751,752,Araquanid,Water,Bug,68,70,92,50,132,42,454,1.8,82.0,159.0,"['water-bubble', 'water-absorb']",water-absorb,generation-7,,,False,green,armor,water1|bug,,medium,100,70,Water Bubble Pokémon,387,"It delivers headbutts with the water bubble on its head. Small Pokémon get sucked into the bubble, where they drown.",https://raw.githubusercontent.com/PokeAPI/sprites/master/sprites/pokemon/752.png,0.2637795275590551,0.3513513513513513,0.3551020408163265,0.1941747572815534,0.4869565217391304,0.1897435897435897
752,753,Fomantis,Grass,None,40,55,35,50,35,35,250,0.3,1.5,50.0,"['leaf-guard', 'contrary']",contrary,generation-7,,,False,pink,upright,plant,,medium,190,70,Sickle Grass Pokémon,388,"During the day, it sleeps and soaks up light. When night falls, it walks around looking for a safer place to sleep.",https://raw.githubusercontent.com/PokeAPI/sprites/master/sprites/pokemon/753.png,0.1535433070866141,0.2702702702702703,0.1224489795918367,0.1941747572815534,0.0652173913043478,0.1538461538461538
753,754,Lurantis,Grass,None,70,105,90,80,90,45,480,0.9,18.5,168.0,"['leaf-guard', 'contrary']",contrary,generation-7,,,False,pink,humanoid,plant,,medium,75,70,Bloom Sickle Pokémon,388,"It requires a lot of effort to maintain Lurantis’s vivid coloring, but some collectors enjoy this work and treat it as their hobby.",https://raw.githubusercontent.com/PokeAPI/sprites/master/sprites/pokemon/754.png,0.2716535433070866,0.5405405405405406,0.3469387755102041,0.3398058252427184,0.3043478260869565,0.2051282051282051
754,755,Morelull,Grass,Fairy,40,35,55,65,75,15,285,0.2,1.5,57.0,"['illuminate', 'effect-spore', 'rain-dish']",rain-dish,generation-7,,,False,purple,blob,plant,,medium,190,70,Illuminating Pokémon,389,It scatters spores that flicker and glow. Anyone seeing these lights falls into a deep slumber.,https://raw.githubusercontent.com/PokeAPI/sprites/master/sprites/pokemon/755.png,0.1535433070866141,0.1621621621621621,0.2040816326530612,0.2669902912621359,0.2391304347826087,0.0512820512820512
755,756,Shiinotic,Grass,Fairy,60,45,80,90,100,30,405,1.0,11.5,142.0,"['illuminate', 'effect-spore', 'rain-dish']",rain-dish,generation-7,,,False,purple,humanoid,plant,,medium,75,70,Illuminating Pokémon,389,Forests where Shiinotic live are treacherous to enter at night. People confused by its strange lights can never find their way home again.,https://raw.githubusercontent.com/PokeAPI/sprites/master/sprites/pokemon/756.png,0.2322834645669291,0.2162162162162162,0.3061224489795918,0.3883495145631068,0.3478260869565217,0.1282051282051282
756,757,Salandit,Poison,Fire,48,44,40,71,40,77,320,0.6,4.8,64.0,"['corrosion', 'oblivious']",oblivious,generation-7,,,False,black,quadruped,monster|dragon,,medium,120,70,Toxic Lizard Pokémon,390,"It burns its bodily fluids to create a poisonous gas. When its enemies become disoriented from inhaling the gas, it attacks them.",https://raw.githubusercontent.com/PokeAPI/sprites/master/sprites/pokemon/757.png,0.1850393700787401,0.2108108108108108,0.1428571428571428,0.2961165048543689,0.0869565217391304,0.3692307692307692
757,758,Salazzle,Poison,Fire,68,64,60,111,60,117,480,1.2,22.2,168.0,"['corrosion', 'oblivious']",oblivious,generation-7,,,False,black,quadruped,monster|dragon,,medium,45,70,Toxic Lizard Pokémon,390,"For some reason, only females have been found. It creates a reverse harem of male Salandit that it lives with.",https://raw.githubusercontent.com/PokeAPI/sprites/master/sprites/pokemon/758.png,0.2637795275590551,0.3189189189189189,0.2244897959183673,0.4902912621359223,0.1739130434782608,0.5743589743589743
758,759,Stufful,Normal,Fighting,70,75,50,45,50,50,340,0.5,6.8,68.0,"['fluffy', 'klutz', 'cute-charm']",cute-charm,generation-7,,,False,pink,quadruped,ground,,medium,140,70,Flailing Pokémon,391,"Despite its adorable appearance, when it gets angry and flails about, its arms and legs could knock a pro wrestler sprawling.",https://raw.githubusercontent.com/PokeAPI/sprites/master/sprites/pokemon/759.png,0.2716535433070866,0.3783783783783784,0.1836734693877551,0.1699029126213592,0.1304347826086956,0.2307692307692307
759,760,Bewear,Normal,Fighting,120,125,80,55,60,60,500,2.1,135.0,175.0,"['fluffy', 'klutz', 'unnerve']",unnerve,generation-7,,,False,pink,upright,ground,,medium,70,70,Strong Arm Pokémon,391,This immensely dangerous Pokémon possesses overwhelming physical strength. Its habitat is generally off-limits.,https://raw.githubusercontent.com/PokeAPI/sprites/master/sprites/pokemon/760.png,0.468503937007874,0.6486486486486487,0.3061224489795918,0.2184466019417475,0.1739130434782608,0.282051282051282
760,761,Bounsweet,Grass,None,42,30,38,30,38,32,210,0.3,3.2,42.0,"['leaf-guard', 'oblivious', 'sweet-veil']",sweet-veil,generation-7,,,False,purple,legs,plant,,medium-slow,235,70,Fruit Pokémon,392,A delectable aroma pours from its body. They are often swallowed whole by Toucannon lured by that wafting deliciousness.,https://raw.githubusercontent.com/PokeAPI/sprites/master/sprites/pokemon/761.png,0.1614173228346456,0.1351351351351351,0.1346938775510204,0.0970873786407767,0.0782608695652174,0.1384615384615384
761,762,Steenee,Grass,None,52,40,48,40,48,62,290,0.7,8.2,102.0,"['leaf-guard', 'oblivious', 'sweet-veil']",sweet-veil,generation-7,,,False,purple,humanoid,plant,,medium-slow,120,70,Fruit Pokémon,392,"The sepals on its head developed to protect its body. These are quite hard, so even if pecked by bird Pokémon, this Pokémon is totally fine.",https://raw.githubusercontent.com/PokeAPI/sprites/master/sprites/pokemon/762.png,0.2007874015748031,0.1891891891891892,0.1755102040816326,0.145631067961165,0.1217391304347826,0.2923076923076923
762,763,Tsareena,Grass,None,72,120,98,50,98,72,510,1.2,21.4,230.0,"['leaf-guard', 'queenly-majesty', 'sweet-veil']",sweet-veil,generation-7,,,False,purple,humanoid,plant,,medium-slow,45,70,Fruit Pokémon,392,"Its long, striking legs aren’t just for show but to be used to kick with skill. In victory, it shows off by kicking the defeated, laughing boisterously.",https://raw.githubusercontent.com/PokeAPI/sprites/master/sprites/pokemon/763.png,0.2795275590551181,0.6216216216216216,0.3795918367346939,0.1941747572815534,0.3391304347826087,0.3435897435897436
763,764,Comfey,Fairy,None,51,52,90,82,110,100,485,0.1,0.3,170.0,"['flower-veil', 'triage', 'natural-cure']",natural-cure,generation-7,,,False,green,ball,plant,,fast,60,70,Posy Picker Pokémon,393,"It attaches flowers to its highly nutritious vine. This revitalizes the flowers, and they give off an aromatic scent.",https://raw.githubusercontent.com/PokeAPI/sprites/master/sprites/pokemon/764.png,0.1968503937007874,0.254054054054054,0.3469387755102041,0.3495145631067961,0.391304347826087,0.4871794871794871
764,765,Oranguru,Normal,Psychic,90,60,80,90,110,60,490,1.5,76.0,172.0,"['inner-focus', 'telepathy', 'symbiosis']",symbiosis,generation-7,,,False,white,humanoid,ground,,slow,45,70,Sage Pokémon,394,"Known for its extreme intelligence, this Pokémon will look down on inexperienced Trainers, so it’s best suited to veteran Trainers.",https://raw.githubusercontent.com/PokeAPI/sprites/master/sprites/pokemon/765.png,0.3503937007874015,0.2972972972972973,0.3061224489795918,0.3883495145631068,0.391304347826087,0.282051282051282
765,766,Passimian,Fighting,None,100,120,90,40,60,80,490,2.0,82.8,172.0,"['receiver', 'defiant']",defiant,generation-7,,,False,white,upright,ground,,slow,45,70,Teamwork Pokémon,395,They form groups of roughly 20 individuals. Their mutual bond is remarkable—they will never let down a comrade.,https://raw.githubusercontent.com/PokeAPI/sprites/master/sprites/pokemon/766.png,0.389763779527559,0.6216216216216216,0.3469387755102041,0.145631067961165,0.1739130434782608,0.3846153846153846
766,767,Wimpod,Bug,Water,25,35,40,20,30,80,230,0.5,12.0,46.0,['wimp-out'],,generation-7,,,False,gray,tentacles,bug|water3,,medium,90,70,Turn Tail Pokémon,396,"This Pokémon is a coward. As it desperately dashes off, the flailing of its many legs leaves a sparkling clean path in its wake.",https://raw.githubusercontent.com/PokeAPI/sprites/master/sprites/pokemon/767.png,0.0944881889763779,0.1621621621621621,0.1428571428571428,0.0485436893203883,0.0434782608695652,0.3846153846153846
767,768,Golisopod,Bug,Water,75,125,140,60,90,40,530,2.0,108.0,186.0,['emergency-exit'],,generation-7,,,False,gray,humanoid,bug|water3,,medium,45,70,Hard Scale Pokémon,396,"With a flashing slash of its giant sharp claws, it cleaves seawater—or even air—right in two.",https://raw.githubusercontent.com/PokeAPI/sprites/master/sprites/pokemon/768.png,0.2913385826771653,0.6486486486486487,0.5510204081632653,0.2427184466019417,0.3043478260869565,0.1794871794871795
768,769,Sandygast,Ghost,Ground,55,55,80,70,45,15,320,0.5,70.0,64.0,"['water-compaction', 'sand-veil']",sand-veil,generation-7,,,False,brown,squiggle,indeterminate,,medium,140,70,Sand Heap Pokémon,397,"Born from a sand mound playfully built by a child, this Pokémon embodies the grudges of the departed.",https://raw.githubusercontent.com/PokeAPI/sprites/master/sprites/pokemon/769.png,0.2125984251968504,0.2702702702702703,0.3061224489795918,0.2912621359223301,0.108695652173913,0.0512820512820512
769,770,Palossand,Ghost,Ground,85,75,110,100,75,35,480,1.3,250.0,168.0,"['water-compaction', 'sand-veil']",sand-veil,generation-7,,,False,brown,squiggle,indeterminate,,medium,60,70,Sand Castle Pokémon,397,"Possessed people controlled by this Pokémon transformed its sand mound into a castle. As it evolved, its power to curse grew ever stronger.",https://raw.githubusercontent.com/PokeAPI/sprites/master/sprites/pokemon/770.png,0.3307086614173228,0.3783783783783784,0.4285714285714285,0.4368932038834951,0.2391304347826087,0.1538461538461538
770,771,Pyukumuku,Water,None,55,60,130,30,130,5,410,0.3,1.2,144.0,"['innards-out', 'unaware']",unaware,generation-7,,,False,black,squiggle,water1,,fast,60,70,Sea Cucumber Pokémon,398,"It’s covered in a slime that keeps its skin moist, allowing it to stay on land for days without drying up.",https://raw.githubusercontent.com/PokeAPI/sprites/master/sprites/pokemon/771.png,0.2125984251968504,0.2972972972972973,0.5102040816326531,0.0970873786407767,0.4782608695652174,0.0
771,772,Type-Null,Normal,None,95,95,95,95,95,59,534,1.9,120.5,107.0,['battle-armor'],,generation-7,,,False,gray,quadruped,no-eggs,,slow,3,0,Synthetic Pokémon,399,The heavy control mask it wears suppresses its intrinsic capabilities. This Pokémon has some hidden special power.,https://raw.githubusercontent.com/PokeAPI/sprites/master/sprites/pokemon/772.png,0.3700787401574803,0.4864864864864865,0.3673469387755102,0.4126213592233009,0.3260869565217391,0.2769230769230769
772,773,Silvally,Normal,None,95,95,95,95,95,95,570,2.3,100.5,257.0,['rks-system'],,generation-7,,,False,gray,quadruped,no-eggs,,slow,3,0,Synthetic Pokémon,399,"Its trust in its partner is what awakens it. This Pokémon is capable of changing its type, a flexibility that is well displayed in battle.",https://raw.githubusercontent.com/PokeAPI/sprites/master/sprites/pokemon/773.png,0.3700787401574803,0.4864864864864865,0.3673469387755102,0.4126213592233009,0.3260869565217391,0.4615384615384615
773,774,Minior-Red-Meteor,Rock,Flying,60,60,100,60,100,60,440,0.3,40.0,154.0,['shields-down'],,generation-7,,,False,brown,ball,mineral,,medium-slow,30,70,Meteor Pokémon,400,"Originally making its home in the ozone layer, it hurtles to the ground when the shell enclosing its body grows too heavy.",https://raw.githubusercontent.com/PokeAPI/sprites/master/sprites/pokemon/774.png,0.2322834645669291,0.2972972972972973,0.3877551020408163,0.2427184466019417,0.3478260869565217,0.282051282051282
774,775,Komala,Normal,None,65,115,65,75,95,65,480,0.4,19.9,168.0,['comatose'],,generation-7,,,False,blue,humanoid,ground,,slow,45,70,Drowsing Pokémon,401,"It is born asleep, and it dies asleep. All its movements are apparently no more than the results of it tossing and turning in its dreams.",https://raw.githubusercontent.com/PokeAPI/sprites/master/sprites/pokemon/775.png,0.2519685039370078,0.5945945945945946,0.2448979591836734,0.3155339805825243,0.3260869565217391,0.3076923076923077
775,776,Turtonator,Fire,Dragon,60,78,135,91,85,36,485,2.0,212.0,170.0,['shell-armor'],,generation-7,,,False,red,upright,monster|dragon,,medium,70,70,Blast Turtle Pokémon,402,The shell on its back is chemically unstable and explodes violently if struck. The hole in its stomach is its weak point.,https://raw.githubusercontent.com/PokeAPI/sprites/master/sprites/pokemon/776.png,0.2322834645669291,0.3945945945945946,0.5306122448979592,0.3932038834951456,0.2826086956521739,0.1589743589743589
776,777,Togedemaru,Electric,Steel,65,98,63,40,73,96,435,0.3,3.3,152.0,"['iron-barbs', 'lightning-rod', 'sturdy']",sturdy,generation-7,,,False,gray,upright,ground|fairy,,medium,180,70,Roly-Poly Pokémon,403,"The spiny fur on its back is normally at rest. When this Pokémon becomes agitated, its fur stands on end and stabs into its attackers.",https://raw.githubusercontent.com/PokeAPI/sprites/master/sprites/pokemon/777.png,0.2519685039370078,0.5027027027027027,0.236734693877551,0.145631067961165,0.2304347826086956,0.4666666666666667
777,778,Mimikyu-Disguised,Ghost,Fairy,55,90,80,50,105,96,476,0.2,0.7,167.0,['disguise'],,generation-7,,,False,yellow,squiggle,indeterminate,,medium,45,70,Disguise Pokémon,404,Its actual appearance is unknown. A scholar who saw what was under its rag was overwhelmed by terror and died from the shock.,https://raw.githubusercontent.com/PokeAPI/sprites/master/sprites/pokemon/778.png,0.2125984251968504,0.4594594594594595,0.3061224489795918,0.1941747572815534,0.3695652173913043,0.4666666666666667
778,779,Bruxish,Water,Psychic,68,105,70,70,70,92,475,0.9,19.0,166.0,"['dazzling', 'strong-jaw', 'wonder-skin']",wonder-skin,generation-7,,,False,pink,fish,water2,,medium,80,70,Gnash Teeth Pokémon,405,"When it unleashes its psychic power from the protuberance on its head, the grating sound of grinding teeth echoes through the area.",https://raw.githubusercontent.com/PokeAPI/sprites/master/sprites/pokemon/779.png,0.2637795275590551,0.5405405405405406,0.2653061224489796,0.2912621359223301,0.217391304347826,0.4461538461538462
779,780,Drampa,Normal,Dragon,78,60,85,135,91,36,485,3.0,185.0,170.0,"['berserk', 'sap-sipper', 'cloud-nine']",cloud-nine,generation-7,,,False,white,squiggle,monster|dragon,,medium,70,70,Placid Pokémon,406,"It has a compassionate personality, but if it is angered, it completely destroys its surroundings with its intense breath.",https://raw.githubusercontent.com/PokeAPI/sprites/master/sprites/pokemon/780.png,0.3031496062992126,0.2972972972972973,0.3265306122448979,0.6067961165048543,0.308695652173913,0.1589743589743589
780,781,Dhelmise,Ghost,Grass,70,131,100,86,90,40,517,3.9,210.0,181.0,['steelworker'],,generation-7,,,False,green,blob,mineral,,medium,25,70,Sea Creeper Pokémon,407,"Swinging its massive anchor, it can KO Wailord in a single blow. What appears to be green seaweed is actually its body.",https://raw.githubusercontent.com/PokeAPI/sprites/master/sprites/pokemon/781.png,0.2716535433070866,0.6810810810810811,0.3877551020408163,0.3689320388349514,0.3043478260869565,0.1794871794871795
781,782,Jangmo-O,Dragon,None,45,55,65,45,45,45,300,0.6,29.7,60.0,"['bulletproof', 'soundproof', 'overcoat']",overcoat,generation-7,,,False,gray,quadruped,dragon,,slow,45,70,Scaly Pokémon,408,It expresses its feelings by smacking its scales. Metallic sounds echo through the tall mountains where Jangmo-o lives.,https://raw.githubusercontent.com/PokeAPI/sprites/master/sprites/pokemon/782.png,0.1732283464566929,0.2702702702702703,0.2448979591836734,0.1699029126213592,0.108695652173913,0.2051282051282051
782,783,Hakamo-O,Dragon,Fighting,55,75,90,65,70,65,420,1.2,47.0,147.0,"['bulletproof', 'soundproof', 'overcoat']",overcoat,generation-7,,,False,gray,upright,dragon,,slow,45,70,Scaly Pokémon,408,It leaps at its prey with a courageous shout. Its scaly punches tear its opponents to shreds.,https://raw.githubusercontent.com/PokeAPI/sprites/master/sprites/pokemon/783.png,0.2125984251968504,0.3783783783783784,0.3469387755102041,0.2669902912621359,0.217391304347826,0.3076923076923077
783,784,Kommo-O,Dragon,Fighting,75,110,125,100,105,85,600,1.6,78.2,270.0,"['bulletproof', 'soundproof', 'overcoat']",overcoat,generation-7,,,False,gray,upright,dragon,,slow,45,70,Scaly Pokémon,408,"When it spots enemies, it threatens them by jingling the scales on its tail. Weak opponents will crack and flee in panic.",https://raw.githubusercontent.com/PokeAPI/sprites/master/sprites/pokemon/784.png,0.2913385826771653,0.5675675675675675,0.4897959183673469,0.4368932038834951,0.3695652173913043,0.4102564102564102
784,785,Tapu-Koko,Electric,Fairy,70,115,85,95,75,130,570,1.8,20.5,257.0,"['electric-surge', 'telepathy']",telepathy,generation-7,,,False,yellow,arms,no-eggs,,slow,3,70,Land Spirit Pokémon,409,This guardian deity of Melemele is brimming with curiosity. It summons thunderclouds and stores their lightning inside its body.,https://raw.githubusercontent.com/PokeAPI/sprites/master/sprites/pokemon/785.png,0.2716535433070866,0.5945945945945946,0.3265306122448979,0.4126213592233009,0.2391304347826087,0.6410256410256411
785,786,Tapu-Lele,Psychic,Fairy,70,85,75,130,115,95,570,1.2,18.6,257.0,"['psychic-surge', 'telepathy']",telepathy,generation-7,,,False,pink,arms,no-eggs,,slow,3,70,Land Spirit Pokémon,410,This guardian deity of Akala is guilelessly cruel. The fragrant aroma of flowers is the source of its energy.,https://raw.githubusercontent.com/PokeAPI/sprites/master/sprites/pokemon/786.png,0.2716535433070866,0.4324324324324324,0.2857142857142857,0.5825242718446602,0.4130434782608695,0.4615384615384615
786,787,Tapu-Bulu,Grass,Fairy,70,130,115,85,95,75,570,1.9,45.5,257.0,"['grassy-surge', 'telepathy']",telepathy,generation-7,,,False,red,arms,no-eggs,,slow,3,70,Land Spirit Pokémon,411,"It pulls large trees up by the roots and swings them around. It causes vegetation to grow, and then it absorbs energy from the growth.",https://raw.githubusercontent.com/PokeAPI/sprites/master/sprites/pokemon/787.png,0.2716535433070866,0.6756756756756757,0.4489795918367347,0.3640776699029126,0.3260869565217391,0.358974358974359
787,788,Tapu-Fini,Water,Fairy,70,75,115,95,130,85,570,1.3,21.2,257.0,"['misty-surge', 'telepathy']",telepathy,generation-7,,,False,purple,arms,no-eggs,,slow,3,70,Land Spirit Pokémon,412,The dense fog it creates brings the downfall and destruction of its confused enemies. Ocean currents are the source of its energy.,https://raw.githubusercontent.com/PokeAPI/sprites/master/sprites/pokemon/788.png,0.2716535433070866,0.3783783783783784,0.4489795918367347,0.4126213592233009,0.4782608695652174,0.4102564102564102
788,789,Cosmog,Psychic,None,43,29,31,29,31,37,200,0.2,0.1,40.0,['unaware'],,generation-7,,,False,blue,ball,no-eggs,,slow,45,0,Nebula Pokémon,413,Its body is gaseous and frail. It slowly grows as it collects dust from the atmosphere.,https://raw.githubusercontent.com/PokeAPI/sprites/master/sprites/pokemon/789.png,0.1653543307086614,0.1297297297297297,0.1061224489795918,0.0922330097087378,0.0478260869565217,0.1641025641025641
789,790,Cosmoem,Psychic,None,43,29,131,29,131,37,400,0.1,999.9,140.0,['sturdy'],,generation-7,,,False,blue,ball,no-eggs,,slow,45,0,Protostar Pokémon,413,"Motionless as if dead, its body is faintly warm to the touch. In the distant past, it was called the cocoon of the stars.",https://raw.githubusercontent.com/PokeAPI/sprites/master/sprites/pokemon/790.png,0.1653543307086614,0.1297297297297297,0.5142857142857142,0.0922330097087378,0.4826086956521739,0.1641025641025641
790,791,Solgaleo,Psychic,Steel,137,137,107,113,89,97,680,3.4,230.0,306.0,['full-metal-body'],,generation-7,,,False,white,quadruped,no-eggs,,slow,45,0,Sunne Pokémon,413,It is said to live in another world. The intense light it radiates from the surface of its body can make the darkest of nights light up like midday.,https://raw.githubusercontent.com/PokeAPI/sprites/master/sprites/pokemon/791.png,0.5354330708661418,0.7135135135135136,0.4163265306122449,0.5,0.3,0.4717948717948718
791,792,Lunala,Psychic,Ghost,137,113,89,137,107,97,680,4.0,120.0,306.0,['shadow-shield'],,generation-7,,,False,purple,wings,no-eggs,,slow,45,0,Moone Pokémon,413,"It is said to be a female evolution of Cosmog. When its third eye activates, away it flies to another world.",https://raw.githubusercontent.com/PokeAPI/sprites/master/sprites/pokemon/792.png,0.5354330708661418,0.5837837837837838,0.3428571428571428,0.616504854368932,0.3782608695652174,0.4717948717948718
792,793,Nihilego,Rock,Poison,109,53,47,127,131,103,570,1.2,55.5,257.0,['beast-boost'],,generation-7,,,False,white,tentacles,no-eggs,,slow,45,0,Parasite Pokémon,414,One of several mysterious Ultra Beasts. People on the street report observing those infested by it suddenly becoming violent.,https://raw.githubusercontent.com/PokeAPI/sprites/master/sprites/pokemon/793.png,0.4251968503937008,0.2594594594594595,0.1714285714285714,0.5679611650485437,0.4826086956521739,0.5025641025641026
793,794,Buzzwole,Bug,Fighting,107,139,139,53,53,79,570,2.4,333.6,257.0,['beast-boost'],,generation-7,,,False,red,tentacles,no-eggs,,slow,45,0,Swollen Pokémon,415,"This Ultra Beast appeared from another world. It shows off its body, but whether that display is a boast or a threat remains unclear.",https://raw.githubusercontent.com/PokeAPI/sprites/master/sprites/pokemon/794.png,0.4173228346456692,0.7243243243243244,0.5469387755102041,0.2087378640776699,0.1434782608695652,0.3794871794871794
794,795,Pheromosa,Bug,Fighting,71,137,37,137,37,151,570,1.8,25.0,257.0,['beast-boost'],,generation-7,,,False,white,humanoid,no-eggs,,slow,45,0,Lissome Pokémon,416,"One of the dangerous Ultra Beasts, it has been spotted running across the land at terrific speeds.",https://raw.githubusercontent.com/PokeAPI/sprites/master/sprites/pokemon/795.png,0.2755905511811024,0.7135135135135136,0.1306122448979592,0.616504854368932,0.0739130434782608,0.7487179487179487
795,796,Xurkitree,Electric,None,83,89,71,173,71,83,570,3.8,100.0,257.0,['beast-boost'],,generation-7,,,False,black,upright,no-eggs,,slow,45,0,Glowing Pokémon,417,"One of the mysterious life-forms known as Ultra Beasts. Astonishing electric shocks emanate from its entire body, according to witnesses.",https://raw.githubusercontent.com/PokeAPI/sprites/master/sprites/pokemon/796.png,0.3228346456692913,0.4540540540540541,0.2693877551020408,0.7912621359223301,0.2217391304347826,0.4
796,797,Celesteela,Steel,Flying,97,101,103,107,101,61,570,9.2,999.9,257.0,['beast-boost'],,generation-7,,,False,green,humanoid,no-eggs,,slow,45,0,Launch Pokémon,418,It appeared from the Ultra Wormhole. Witnesses observed it flying across the sky at high speed.,https://raw.githubusercontent.com/PokeAPI/sprites/master/sprites/pokemon/797.png,0.3779527559055118,0.518918918918919,0.4,0.470873786407767,0.3521739130434783,0.2871794871794871
797,798,Kartana,Grass,Steel,59,181,131,59,31,109,570,0.3,0.1,257.0,['beast-boost'],,generation-7,,,False,white,humanoid,no-eggs,,slow,45,0,Drawn Sword Pokémon,419,"This Ultra Beast came from the Ultra Wormhole. It seems not to attack enemies on its own, but its sharp body is a dangerous weapon in itself.",https://raw.githubusercontent.com/PokeAPI/sprites/master/sprites/pokemon/798.png,0.2283464566929134,0.9513513513513514,0.5142857142857142,0.2378640776699029,0.0478260869565217,0.5333333333333333
798,799,Guzzlord,Dark,Dragon,223,101,53,97,53,43,570,5.5,888.0,257.0,['beast-boost'],,generation-7,,,False,black,upright,no-eggs,,slow,45,0,Junkivore Pokémon,420,"It has gobbled mountains and swallowed whole buildings, according to reports. It’s one of the Ultra Beasts.",https://raw.githubusercontent.com/PokeAPI/sprites/master/sprites/pokemon/799.png,0.8740157480314961,0.518918918918919,0.1959183673469387,0.4223300970873786,0.1434782608695652,0.1948717948717948
799,800,Necrozma,Psychic,None,97,107,101,127,89,79,600,2.4,230.0,270.0,['prism-armor'],,generation-7,,,False,black,arms,no-eggs,,slow,255,0,Prism Pokémon,421,"Reminiscent of the Ultra Beasts, this life-form, apparently asleep underground, is thought to have come from another world in ancient times.",https://raw.githubusercontent.com/PokeAPI/sprites/master/sprites/pokemon/800.png,0.3779527559055118,0.5513513513513514,0.3918367346938775,0.5679611650485437,0.3,0.3794871794871794
800,801,Magearna,Steel,Fairy,80,95,115,130,115,65,600,1.0,80.5,270.0,['soul-heart'],,generation-7,,,False,gray,humanoid,no-eggs,,slow,3,0,Artificial Pokémon,422,"This artificial Pokémon, constructed more than 500 years ago, can understand human speech but cannot itself speak.",https://raw.githubusercontent.com/PokeAPI/sprites/master/sprites/pokemon/801.png,0.3110236220472441,0.4864864864864865,0.4489795918367347,0.5825242718446602,0.4130434782608695,0.3076923076923077
801,802,Marshadow,Fighting,Ghost,90,125,80,90,90,125,600,0.7,22.2,270.0,['technician'],,generation-7,,,False,gray,humanoid,no-eggs,,slow,3,0,Gloomdweller Pokémon,423,"Able to conceal itself in shadows, it never appears before humans, so its very existence was the stuff of myth.",https://raw.githubusercontent.com/PokeAPI/sprites/master/sprites/pokemon/802.png,0.3503937007874015,0.6486486486486487,0.3061224489795918,0.3883495145631068,0.3043478260869565,0.6153846153846154
802,803,Poipole,Poison,None,67,73,67,73,67,73,420,0.6,1.8,189.0,['beast-boost'],,generation-7,,,False,purple,upright,no-eggs,,slow,45,0,Poison Pin Pokémon,424,This Ultra Beast is well enough liked to be chosen as a first partner in its own world.,https://raw.githubusercontent.com/PokeAPI/sprites/master/sprites/pokemon/803.png,0.2598425196850393,0.3675675675675676,0.2530612244897959,0.3058252427184466,0.2043478260869565,0.3487179487179487
803,804,Naganadel,Poison,Dragon,73,73,73,127,73,121,540,3.6,150.0,243.0,['beast-boost'],,generation-7,,,False,purple,wings,no-eggs,,slow,45,0,Poison Pin Pokémon,424,It stores hundreds of liters of poisonous liquid inside its body. It is one of the organisms known as UBs.,https://raw.githubusercontent.com/PokeAPI/sprites/master/sprites/pokemon/804.png,0.2834645669291338,0.3675675675675676,0.2775510204081632,0.5679611650485437,0.2304347826086956,0.5948717948717949
804,805,Stakataka,Rock,Steel,61,131,211,53,101,13,570,5.5,820.0,257.0,['beast-boost'],,generation-7,,,False,gray,quadruped,no-eggs,,slow,30,0,Rampart Pokémon,425,It appeared from an Ultra Wormhole. Each one appears to be made up of many life-forms stacked one on top of each other.,https://raw.githubusercontent.com/PokeAPI/sprites/master/sprites/pokemon/805.png,0.2362204724409448,0.6810810810810811,0.8408163265306122,0.2087378640776699,0.3521739130434783,0.041025641025641
805,806,Blacephalon,Fire,Ghost,53,127,53,151,79,107,570,1.8,13.0,257.0,['beast-boost'],,generation-7,,,False,white,humanoid,no-eggs,,slow,30,0,Fireworks Pokémon,426,"It slithers toward people. Then, without warning, it triggers the explosion of its own head. It’s apparently one kind of Ultra Beast.",https://raw.githubusercontent.com/PokeAPI/sprites/master/sprites/pokemon/806.png,0.2047244094488189,0.6594594594594595,0.1959183673469387,0.6844660194174758,0.2565217391304348,0.5230769230769231
806,807,Zeraora,Electric,None,88,112,75,102,80,143,600,1.5,44.5,270.0,['volt-absorb'],,generation-7,,,False,yellow,humanoid,no-eggs,,slow,3,0,Thunderclap Pokémon,427,"It electrifies its claws and tears its opponents apart with them. Even if they dodge its attack, they’ll be electrocuted by the flying sparks.",https://raw.githubusercontent.com/PokeAPI/sprites/master/sprites/pokemon/807.png,0.3425196850393701,0.5783783783783784,0.2857142857142857,0.4466019417475728,0.2608695652173913,0.7076923076923077
807,808,Meltan,Steel,None,46,65,65,55,35,34,300,0.2,8.0,135.0,['magnet-pull'],,generation-7,,,False,gray,ball,no-eggs,,slow,3,0,Hex Nut Pokémon,428,"It melts particles of iron and other metals found in the subsoil, so it can absorb them into its body of molten steel.",https://raw.githubusercontent.com/PokeAPI/sprites/master/sprites/pokemon/808.png,0.1771653543307086,0.3243243243243243,0.2448979591836734,0.2184466019417475,0.0652173913043478,0.1487179487179487
808,809,Melmetal,Steel,None,135,143,143,80,65,34,600,2.5,800.0,270.0,['iron-fist'],,generation-7,,,False,gray,humanoid,no-eggs,,slow,3,0,Hex Nut Pokémon,429,"Revered long ago for its capacity to create iron from nothing, for some reason it has come back to life after 3,000 years.",https://raw.githubusercontent.com/PokeAPI/sprites/master/sprites/pokemon/809.png,0.5275590551181102,0.745945945945946,0.563265306122449,0.3398058252427184,0.1956521739130435,0.1487179487179487
809,810,Grookey,Grass,None,50,65,50,40,40,65,310,0.3,5.0,62.0,"['overgrow', 'grassy-surge']",grassy-surge,generation-8,,,False,green,upright,ground|plant,,medium-slow,45,50,Chimp Pokémon,430,"When it uses its special stick to strike up a beat, the sound waves produced carry revitalizing energy to the plants and flowers in the area.",https://raw.githubusercontent.com/PokeAPI/sprites/master/sprites/pokemon/810.png,0.1929133858267716,0.3243243243243243,0.1836734693877551,0.145631067961165,0.0869565217391304,0.3076923076923077
810,811,Thwackey,Grass,None,70,85,70,55,60,80,420,0.7,14.0,147.0,"['overgrow', 'grassy-surge']",grassy-surge,generation-8,,,False,green,upright,ground|plant,,medium-slow,45,50,Beat Pokémon,430,"The faster a Thwackey can beat out a rhythm with its two sticks, the more respect it wins from its peers.",https://raw.githubusercontent.com/PokeAPI/sprites/master/sprites/pokemon/811.png,0.2716535433070866,0.4324324324324324,0.2653061224489796,0.2184466019417475,0.1739130434782608,0.3846153846153846
811,812,Rillaboom,Grass,None,100,125,90,60,70,85,530,2.1,90.0,265.0,"['overgrow', 'grassy-surge']",grassy-surge,generation-8,,,False,green,humanoid,ground|plant,,medium-slow,45,50,Drummer Pokémon,430,"By drumming, it taps into the power of its special tree stump. The roots of the stump follow its direction in battle.",https://raw.githubusercontent.com/PokeAPI/sprites/master/sprites/pokemon/812.png,0.389763779527559,0.6486486486486487,0.3469387755102041,0.2427184466019417,0.217391304347826,0.4102564102564102
812,813,Scorbunny,Fire,None,50,71,40,40,40,69,310,0.3,4.5,62.0,"['blaze', 'libero']",libero,generation-8,,,False,white,upright,ground|humanshape,,medium-slow,45,50,Rabbit Pokémon,431,"A warm-up of running around gets fire energy coursing through this Pokémon’s body. Once that happens, it’s ready to fight at full power.",https://raw.githubusercontent.com/PokeAPI/sprites/master/sprites/pokemon/813.png,0.1929133858267716,0.3567567567567568,0.1428571428571428,0.145631067961165,0.0869565217391304,0.3282051282051282
813,814,Raboot,Fire,None,65,86,60,55,60,94,420,0.6,9.0,147.0,"['blaze', 'libero']",libero,generation-8,,,False,gray,upright,ground|humanshape,,medium-slow,45,50,Rabbit Pokémon,431,Its thick and fluffy fur protects it from the cold and enables it to use hotter fire moves.,https://raw.githubusercontent.com/PokeAPI/sprites/master/sprites/pokemon/814.png,0.2519685039370078,0.4378378378378378,0.2244897959183673,0.2184466019417475,0.1739130434782608,0.4564102564102564
814,815,Cinderace,Fire,None,80,116,75,65,75,119,530,1.4,33.0,265.0,"['blaze', 'libero']",libero,generation-8,,,False,white,upright,ground|humanshape,,medium-slow,45,50,Striker Pokémon,431,"It juggles a pebble with its feet, turning it into a burning soccer ball. Its shots strike opponents hard and leave them scorched.",https://raw.githubusercontent.com/PokeAPI/sprites/master/sprites/pokemon/815.png,0.3110236220472441,0.6,0.2857142857142857,0.2669902912621359,0.2391304347826087,0.5846153846153846
815,816,Sobble,Water,None,50,40,40,70,40,70,310,0.3,4.0,62.0,"['torrent', 'sniper']",sniper,generation-8,,,False,blue,quadruped,water1|ground,,medium-slow,45,50,Water Lizard Pokémon,432,"When scared, this Pokémon cries. Its tears pack the chemical punch of 100 onions, and attackers won’t be able to resist weeping.",https://raw.githubusercontent.com/PokeAPI/sprites/master/sprites/pokemon/816.png,0.1929133858267716,0.1891891891891892,0.1428571428571428,0.2912621359223301,0.0869565217391304,0.3333333333333333
816,817,Drizzile,Water,None,65,60,55,95,55,90,420,0.7,11.5,147.0,"['torrent', 'sniper']",sniper,generation-8,,,False,blue,upright,water1|ground,,medium-slow,45,50,Water Lizard Pokémon,432,"A clever combatant, this Pokémon battles using water balloons created with moisture secreted from its palms.",https://raw.githubusercontent.com/PokeAPI/sprites/master/sprites/pokemon/817.png,0.2519685039370078,0.2972972972972973,0.2040816326530612,0.4126213592233009,0.1521739130434782,0.4358974358974359
817,818,Inteleon,Water,None,70,85,65,125,65,120,530,1.9,45.2,265.0,"['torrent', 'sniper']",sniper,generation-8,,,False,blue,upright,water1|ground,,medium-slow,45,50,Secret Agent Pokémon,432,"It has many hidden capabilities, such as fingertips that can shoot water and a membrane on its back that it can use to glide through the air.",https://raw.githubusercontent.com/PokeAPI/sprites/master/sprites/pokemon/818.png,0.2716535433070866,0.4324324324324324,0.2448979591836734,0.558252427184466,0.1956521739130435,0.5897435897435898
818,819,Skwovet,Normal,None,70,55,55,35,35,25,275,0.3,2.5,55.0,"['cheek-pouch', 'gluttony']",gluttony,generation-8,,,False,brown,upright,ground,,medium,255,50,Cheeky Pokémon,433,"Found throughout the Galar region, this Pokémon becomes uneasy if its cheeks are ever completely empty of berries.",https://raw.githubusercontent.com/PokeAPI/sprites/master/sprites/pokemon/819.png,0.2716535433070866,0.2702702702702703,0.2040816326530612,0.1213592233009708,0.0652173913043478,0.1025641025641025
819,820,Greedent,Normal,None,120,95,95,55,75,20,460,0.6,6.0,161.0,"['cheek-pouch', 'gluttony']",gluttony,generation-8,,,False,brown,upright,ground,,medium,90,50,Greedy Pokémon,433,"It stashes berries in its tail—so many berries that they fall out constantly. But this Pokémon is a bit slow-witted, so it doesn’t notice the loss.",https://raw.githubusercontent.com/PokeAPI/sprites/master/sprites/pokemon/820.png,0.468503937007874,0.4864864864864865,0.3673469387755102,0.2184466019417475,0.2391304347826087,0.0769230769230769
820,821,Rookidee,Flying,None,38,47,35,33,35,57,245,0.2,1.8,49.0,"['keen-eye', 'unnerve', 'big-pecks']",big-pecks,generation-8,,,False,blue,wings,flying,,medium-slow,255,50,Tiny Bird Pokémon,434,"It will bravely challenge any opponent, no matter how powerful. This Pokémon benefits from every battle—even a defeat increases its strength a bit.",https://raw.githubusercontent.com/PokeAPI/sprites/master/sprites/pokemon/821.png,0.1456692913385826,0.227027027027027,0.1224489795918367,0.1116504854368932,0.0652173913043478,0.2666666666666666
821,822,Corvisquire,Flying,None,68,67,55,43,55,77,365,0.8,16.0,128.0,"['keen-eye', 'unnerve', 'big-pecks']",big-pecks,generation-8,,,False,blue,wings,flying,,medium-slow,120,50,Raven Pokémon,434,"Smart enough to use tools in battle, these Pokémon have been seen picking up rocks and flinging them or using ropes to wrap up enemies.",https://raw.githubusercontent.com/PokeAPI/sprites/master/sprites/pokemon/822.png,0.2637795275590551,0.3351351351351351,0.2040816326530612,0.1601941747572815,0.1521739130434782,0.3692307692307692
822,823,Corviknight,Flying,Steel,98,87,105,53,85,67,495,2.2,75.0,248.0,"['pressure', 'unnerve', 'mirror-armor']",mirror-armor,generation-8,,,False,purple,wings,flying,,medium-slow,45,50,Raven Pokémon,434,This Pokémon reigns supreme in the skies of the Galar region. The black luster of its steel body could drive terror into the heart of any foe.,https://raw.githubusercontent.com/PokeAPI/sprites/master/sprites/pokemon/823.png,0.3818897637795275,0.4432432432432432,0.4081632653061224,0.2087378640776699,0.2826086956521739,0.3179487179487179
823,824,Blipbug,Bug,None,25,20,20,25,45,45,180,0.4,8.0,36.0,"['swarm', 'compound-eyes', 'telepathy']",telepathy,generation-8,,,False,blue,armor,bug,,medium,255,50,Larva Pokémon,435,"A constant collector of information, this Pokémon is very smart. Very strong is what it isn’t.",https://raw.githubusercontent.com/PokeAPI/sprites/master/sprites/pokemon/824.png,0.0944881889763779,0.081081081081081,0.0612244897959183,0.0728155339805825,0.108695652173913,0.2051282051282051
824,825,Dottler,Bug,Psychic,50,35,80,50,90,30,335,0.4,19.5,117.0,"['swarm', 'compound-eyes', 'telepathy']",telepathy,generation-8,,,False,yellow,armor,bug,,medium,120,50,Radome Pokémon,435,"It barely moves, but it’s still alive. Hiding in its shell without food or water seems to have awakened its psychic powers.",https://raw.githubusercontent.com/PokeAPI/sprites/master/sprites/pokemon/825.png,0.1929133858267716,0.1621621621621621,0.3061224489795918,0.1941747572815534,0.3043478260869565,0.1282051282051282
825,826,Orbeetle,Bug,Psychic,60,45,110,80,120,90,505,0.4,40.8,253.0,"['swarm', 'frisk', 'telepathy']",telepathy,generation-8,,,False,red,wings,bug,,medium,45,50,Seven Spot Pokémon,435,"It’s famous for its high level of intelligence, and the large size of its brain is proof that it also possesses immense psychic power.",https://raw.githubusercontent.com/PokeAPI/sprites/master/sprites/pokemon/826.png,0.2322834645669291,0.2162162162162162,0.4285714285714285,0.3398058252427184,0.4347826086956521,0.4358974358974359
826,827,Nickit,Dark,None,40,28,28,47,52,50,245,0.6,8.9,49.0,"['run-away', 'unburden', 'stakeout']",stakeout,generation-8,,,False,brown,quadruped,ground,,fast,255,50,Fox Pokémon,436,"Aided by the soft pads on its feet, it silently raids the food stores of other Pokémon. It survives off its ill-gotten gains.",https://raw.githubusercontent.com/PokeAPI/sprites/master/sprites/pokemon/827.png,0.1535433070866141,0.1243243243243243,0.0938775510204081,0.1796116504854369,0.1391304347826087,0.2307692307692307
827,828,Thievul,Dark,None,70,58,58,87,92,90,455,1.2,19.9,159.0,"['run-away', 'unburden', 'stakeout']",stakeout,generation-8,,,False,brown,quadruped,ground,,fast,127,50,Fox Pokémon,436,"It secretly marks potential targets with a scent. By following the scent, it stalks its targets and steals from them when they least expect it.",https://raw.githubusercontent.com/PokeAPI/sprites/master/sprites/pokemon/828.png,0.2716535433070866,0.2864864864864865,0.2163265306122449,0.3737864077669903,0.3130434782608696,0.4358974358974359
828,829,Gossifleur,Grass,None,40,40,60,40,60,10,250,0.4,2.2,50.0,"['cotton-down', 'regenerator', 'effect-spore']",effect-spore,generation-8,,,False,green,blob,plant,,medium,190,50,Flowering Pokémon,437,"It anchors itself in the ground with its single leg, then basks in the sun. After absorbing enough sunlight, its petals spread as it blooms brilliantly.",https://raw.githubusercontent.com/PokeAPI/sprites/master/sprites/pokemon/829.png,0.1535433070866141,0.1891891891891892,0.2244897959183673,0.145631067961165,0.1739130434782608,0.0256410256410256
829,830,Eldegoss,Grass,None,60,50,90,80,120,60,460,0.5,2.5,161.0,"['cotton-down', 'regenerator', 'effect-spore']",effect-spore,generation-8,,,False,green,blob,plant,,medium,75,50,Cotton Bloom Pokémon,437,The seeds attached to its cotton fluff are full of nutrients. It spreads them on the wind so that plants and other Pokémon can benefit from them.,https://raw.githubusercontent.com/PokeAPI/sprites/master/sprites/pokemon/830.png,0.2322834645669291,0.2432432432432432,0.3469387755102041,0.3398058252427184,0.4347826086956521,0.282051282051282
830,831,Wooloo,Normal,None,42,40,55,40,45,48,270,0.6,6.0,122.0,"['fluffy', 'run-away', 'bulletproof']",bulletproof,generation-8,,,False,white,quadruped,ground,,medium,255,50,Sheep Pokémon,438,"Its curly fleece is such an effective cushion that this Pokémon could fall off a cliff and stand right back up at the bottom, unharmed.",https://raw.githubusercontent.com/PokeAPI/sprites/master/sprites/pokemon/831.png,0.1614173228346456,0.1891891891891892,0.2040816326530612,0.145631067961165,0.108695652173913,0.2205128205128205
831,832,Dubwool,Normal,None,72,80,100,60,90,88,490,1.3,43.0,172.0,"['fluffy', 'steadfast', 'bulletproof']",bulletproof,generation-8,,,False,white,quadruped,ground,,medium,127,50,Sheep Pokémon,438,"Weave a carpet from its springy wool, and you end up with something closer to a trampoline. You’ll start to bounce the moment you set foot on it.",https://raw.githubusercontent.com/PokeAPI/sprites/master/sprites/pokemon/832.png,0.2795275590551181,0.4054054054054054,0.3877551020408163,0.2427184466019417,0.3043478260869565,0.4256410256410256
832,833,Chewtle,Water,None,50,64,50,38,38,44,284,0.3,8.5,57.0,"['strong-jaw', 'shell-armor', 'swift-swim']",swift-swim,generation-8,,,False,green,quadruped,monster|water1,,medium,255,50,Snapping Pokémon,439,Apparently the itch of its teething impels it to snap its jaws at anything in front of it.,https://raw.githubusercontent.com/PokeAPI/sprites/master/sprites/pokemon/833.png,0.1929133858267716,0.3189189189189189,0.1836734693877551,0.1359223300970873,0.0782608695652174,0.2
833,834,Drednaw,Water,Rock,90,115,90,48,68,74,485,1.0,115.5,170.0,"['strong-jaw', 'shell-armor', 'swift-swim']",swift-swim,generation-8,,,False,green,quadruped,monster|water1,,medium,75,50,Bite Pokémon,439,"With jaws that can shear through steel rods, this highly aggressive Pokémon chomps down on its unfortunate prey.",https://raw.githubusercontent.com/PokeAPI/sprites/master/sprites/pokemon/834.png,0.3503937007874015,0.5945945945945946,0.3469387755102041,0.1844660194174757,0.208695652173913,0.3538461538461538
834,835,Yamper,Electric,None,59,45,50,40,50,26,270,0.3,13.5,54.0,"['ball-fetch', 'rattled']",rattled,generation-8,,,False,yellow,quadruped,ground,,fast,255,50,Puppy Pokémon,440,"This Pokémon is very popular as a herding dog in the Galar region. As it runs, it generates electricity from the base of its tail.",https://raw.githubusercontent.com/PokeAPI/sprites/master/sprites/pokemon/835.png,0.2283464566929134,0.2162162162162162,0.1836734693877551,0.145631067961165,0.1304347826086956,0.1076923076923077
835,836,Boltund,Electric,None,69,90,60,90,60,121,490,1.0,34.0,172.0,"['strong-jaw', 'competitive']",competitive,generation-8,,,False,yellow,quadruped,ground,,fast,45,50,Dog Pokémon,440,This Pokémon generates electricity and channels it into its legs to keep them going strong. Boltund can run nonstop for three full days.,https://raw.githubusercontent.com/PokeAPI/sprites/master/sprites/pokemon/836.png,0.2677165354330709,0.4594594594594595,0.2244897959183673,0.3883495145631068,0.1739130434782608,0.5948717948717949
836,837,Rolycoly,Rock,None,30,40,50,40,50,30,240,0.3,12.0,48.0,"['steam-engine', 'heatproof', 'flash-fire']",flash-fire,generation-8,,,False,black,ball,mineral,,medium-slow,255,50,Coal Pokémon,441,"Most of its body has the same composition as coal. Fittingly, this Pokémon was first discovered in coal mines about 400 years ago.",https://raw.githubusercontent.com/PokeAPI/sprites/master/sprites/pokemon/837.png,0.1141732283464567,0.1891891891891892,0.1836734693877551,0.145631067961165,0.1304347826086956,0.1282051282051282
837,838,Carkol,Rock,Fire,80,60,90,60,70,50,410,1.1,78.0,144.0,"['steam-engine', 'flame-body', 'flash-fire']",flash-fire,generation-8,,,False,black,legs,mineral,,medium-slow,120,50,Coal Pokémon,441,It forms coal inside its body. Coal dropped by this Pokémon once helped fuel the lives of people in the Galar region.,https://raw.githubusercontent.com/PokeAPI/sprites/master/sprites/pokemon/838.png,0.3110236220472441,0.2972972972972973,0.3469387755102041,0.2427184466019417,0.217391304347826,0.2307692307692307
838,839,Coalossal,Rock,Fire,110,80,120,80,90,30,510,2.8,310.5,255.0,"['steam-engine', 'flame-body', 'flash-fire']",flash-fire,generation-8,,,False,black,humanoid,mineral,,medium-slow,45,50,Coal Pokémon,441,"It’s usually peaceful, but the vandalism of mines enrages it. Offenders will be incinerated with flames that reach 2,700 degrees Fahrenheit.",https://raw.githubusercontent.com/PokeAPI/sprites/master/sprites/pokemon/839.png,0.4291338582677165,0.4054054054054054,0.4693877551020408,0.3398058252427184,0.3043478260869565,0.1282051282051282
839,840,Applin,Grass,Dragon,40,40,80,40,40,20,260,0.2,0.5,52.0,"['ripen', 'gluttony', 'bulletproof']",bulletproof,generation-8,,,False,green,squiggle,plant|dragon,,slow-then-very-fast,255,50,Apple Core Pokémon,442,"It spends its entire life inside an apple. It hides from its natural enemies, bird Pokémon, by pretending it’s just an apple and nothing more.",https://raw.githubusercontent.com/PokeAPI/sprites/master/sprites/pokemon/840.png,0.1535433070866141,0.1891891891891892,0.3061224489795918,0.145631067961165,0.0869565217391304,0.0769230769230769
840,841,Flapple,Grass,Dragon,70,110,80,95,60,70,485,0.3,1.0,170.0,"['ripen', 'gluttony', 'hustle']",hustle,generation-8,,,False,green,wings,plant|dragon,,slow-then-very-fast,45,50,Apple Wing Pokémon,442,"It ate a sour apple, and that induced its evolution. In its cheeks, it stores an acid capable of causing chemical burns.",https://raw.githubusercontent.com/PokeAPI/sprites/master/sprites/pokemon/841.png,0.2716535433070866,0.5675675675675675,0.3061224489795918,0.4126213592233009,0.1739130434782608,0.3333333333333333
841,842,Appletun,Grass,Dragon,110,85,80,100,80,30,485,0.4,13.0,170.0,"['ripen', 'gluttony', 'thick-fat']",thick-fat,generation-8,,,False,green,quadruped,plant|dragon,,slow-then-very-fast,45,50,Apple Nectar Pokémon,442,"Eating a sweet apple caused its evolution. A nectarous scent wafts from its body, luring in the bug Pokémon it preys on.",https://raw.githubusercontent.com/PokeAPI/sprites/master/sprites/pokemon/842.png,0.4291338582677165,0.4324324324324324,0.3061224489795918,0.4368932038834951,0.2608695652173913,0.1282051282051282
842,843,Silicobra,Ground,None,52,57,75,35,50,46,315,2.2,7.6,63.0,"['sand-spit', 'shed-skin', 'sand-veil']",sand-veil,generation-8,,,False,green,squiggle,ground|dragon,,medium,255,50,Sand Snake Pokémon,443,"As it digs, it swallows sand and stores it in its neck pouch. The pouch can hold more than 17 pounds of sand.",https://raw.githubusercontent.com/PokeAPI/sprites/master/sprites/pokemon/843.png,0.2007874015748031,0.2810810810810811,0.2857142857142857,0.1213592233009708,0.1304347826086956,0.2102564102564102
843,844,Sandaconda,Ground,None,72,107,125,65,70,71,510,3.8,65.5,179.0,"['sand-spit', 'shed-skin', 'sand-veil']",sand-veil,generation-8,,,False,green,squiggle,ground|dragon,,medium,120,50,Sand Snake Pokémon,443,"When it contracts its body, over 220 pounds of sand sprays from its nose. If it ever runs out of sand, it becomes disheartened.",https://raw.githubusercontent.com/PokeAPI/sprites/master/sprites/pokemon/844.png,0.2795275590551181,0.5513513513513514,0.4897959183673469,0.2669902912621359,0.217391304347826,0.3384615384615385
844,845,Cramorant,Flying,Water,70,85,55,85,95,85,475,0.8,18.0,166.0,['gulp-missile'],,generation-8,,,False,blue,wings,water1|flying,,medium,45,50,Gulp Pokémon,444,"It’s so strong that it can knock out some opponents in a single hit, but it also may forget what it’s battling midfight.",https://raw.githubusercontent.com/PokeAPI/sprites/master/sprites/pokemon/845.png,0.2716535433070866,0.4324324324324324,0.2040816326530612,0.3640776699029126,0.3260869565217391,0.4102564102564102
845,846,Arrokuda,Water,None,41,63,40,40,30,66,280,0.5,1.0,56.0,"['swift-swim', 'propeller-tail']",propeller-tail,generation-8,,,False,brown,fish,water2,,slow,255,50,Rush Pokémon,445,"If it sees any movement around it, this Pokémon charges for it straightaway, leading with its sharply pointed jaw. It’s very proud of that jaw.",https://raw.githubusercontent.com/PokeAPI/sprites/master/sprites/pokemon/846.png,0.1574803149606299,0.3135135135135135,0.1428571428571428,0.145631067961165,0.0434782608695652,0.3128205128205128
846,847,Barraskewda,Water,None,61,123,60,60,50,136,490,1.3,30.0,172.0,"['swift-swim', 'propeller-tail']",propeller-tail,generation-8,,,False,brown,fish,water2,,slow,60,50,Skewer Pokémon,445,"This Pokémon has a jaw that’s as sharp as a spear and as strong as steel. Apparently Barraskewda’s flesh is surprisingly tasty, too.",https://raw.githubusercontent.com/PokeAPI/sprites/master/sprites/pokemon/847.png,0.2362204724409448,0.6378378378378379,0.2244897959183673,0.2427184466019417,0.1304347826086956,0.6717948717948717
847,848,Toxel,Electric,Poison,40,38,35,54,35,40,242,0.4,11.0,48.0,"['rattled', 'static', 'klutz']",klutz,generation-8,,,True,purple,upright,no-eggs,,medium-slow,75,50,Baby Pokémon,446,"It stores poison in an internal poison sac and secretes that poison through its skin. If you touch this Pokémon, a tingling sensation follows.",https://raw.githubusercontent.com/PokeAPI/sprites/master/sprites/pokemon/848.png,0.1535433070866141,0.1783783783783784,0.1224489795918367,0.2135922330097087,0.0652173913043478,0.1794871794871795
848,849,Toxtricity-Amped,Electric,Poison,75,98,70,114,70,75,502,1.6,40.0,176.0,"['punk-rock', 'plus', 'technician']",technician,generation-8,,,False,purple,upright,humanshape,,medium-slow,45,50,Punk Pokémon,446,"When this Pokémon sounds as if it’s strumming a guitar, it’s actually clawing at the protrusions on its chest to generate electricity.",https://raw.githubusercontent.com/PokeAPI/sprites/master/sprites/pokemon/849.png,0.2913385826771653,0.5027027027027027,0.2653061224489796,0.5048543689320388,0.217391304347826,0.358974358974359
849,850,Sizzlipede,Fire,Bug,50,65,45,50,50,45,305,0.7,1.0,61.0,"['flash-fire', 'white-smoke', 'flame-body']",flame-body,generation-8,,,False,red,tentacles,bug,,medium,190,50,Radiator Pokémon,447,It stores flammable gas in its body and uses it to generate heat. The yellow sections on its belly get particularly hot.,https://raw.githubusercontent.com/PokeAPI/sprites/master/sprites/pokemon/850.png,0.1929133858267716,0.3243243243243243,0.1632653061224489,0.1941747572815534,0.1304347826086956,0.2051282051282051
850,851,Centiskorch,Fire,Bug,100,115,65,90,90,65,525,3.0,120.0,184.0,"['flash-fire', 'white-smoke', 'flame-body']",flame-body,generation-8,,,False,red,tentacles,bug,,medium,75,50,Radiator Pokémon,447,"When it heats up, its body temperature reaches about 1,500 degrees Fahrenheit. It lashes its body like a whip and launches itself at enemies.",https://raw.githubusercontent.com/PokeAPI/sprites/master/sprites/pokemon/851.png,0.389763779527559,0.5945945945945946,0.2448979591836734,0.3883495145631068,0.3043478260869565,0.3076923076923077
851,852,Clobbopus,Fighting,None,50,68,60,50,50,32,310,0.6,4.0,62.0,"['limber', 'technician']",technician,generation-8,,,False,brown,tentacles,water1|humanshape,,medium-slow,180,50,Tantrum Pokémon,448,"It’s very curious, but its means of investigating things is to try to punch them with its tentacles. The search for food is what brings it onto land.",https://raw.githubusercontent.com/PokeAPI/sprites/master/sprites/pokemon/852.png,0.1929133858267716,0.3405405405405405,0.2244897959183673,0.1941747572815534,0.1304347826086956,0.1384615384615384
852,853,Grapploct,Fighting,None,80,118,90,70,80,42,480,1.6,39.0,168.0,"['limber', 'technician']",technician,generation-8,,,False,blue,tentacles,water1|humanshape,,medium-slow,45,50,Jujitsu Pokémon,448,A body made up of nothing but muscle makes the grappling moves this Pokémon performs with its tentacles tremendously powerful.,https://raw.githubusercontent.com/PokeAPI/sprites/master/sprites/pokemon/853.png,0.3110236220472441,0.6108108108108108,0.3469387755102041,0.2912621359223301,0.2608695652173913,0.1897435897435897
853,854,Sinistea,Ghost,None,40,45,45,74,54,50,308,0.1,0.2,62.0,"['weak-armor', 'cursed-body']",cursed-body,generation-8,,,False,purple,ball,mineral|indeterminate,,medium,120,50,Black Tea Pokémon,449,"This Pokémon is said to have been born when a lonely spirit possessed a cold, leftover cup of tea.",https://raw.githubusercontent.com/PokeAPI/sprites/master/sprites/pokemon/854.png,0.1535433070866141,0.2162162162162162,0.1632653061224489,0.3106796116504854,0.1478260869565217,0.2307692307692307
854,855,Polteageist,Ghost,None,60,65,65,134,114,70,508,0.2,0.4,178.0,"['weak-armor', 'cursed-body']",cursed-body,generation-8,,,False,purple,ball,mineral|indeterminate,,medium,60,50,Black Tea Pokémon,449,"This species lives in antique teapots. Most pots are forgeries, but on rare occasions, an authentic work is found.",https://raw.githubusercontent.com/PokeAPI/sprites/master/sprites/pokemon/855.png,0.2322834645669291,0.3243243243243243,0.2448979591836734,0.6019417475728155,0.408695652173913,0.3333333333333333
855,856,Hatenna,Psychic,None,42,30,45,56,53,39,265,0.4,3.4,53.0,"['healer', 'anticipation', 'magic-bounce']",magic-bounce,generation-8,,,False,pink,legs,fairy,,slow,235,50,Calm Pokémon,450,"Via the protrusion on its head, it senses other creatures’ emotions. If you don’t have a calm disposition, it will never warm up to you.",https://raw.githubusercontent.com/PokeAPI/sprites/master/sprites/pokemon/856.png,0.1614173228346456,0.1351351351351351,0.1632653061224489,0.2233009708737864,0.1434782608695652,0.1743589743589743
856,857,Hattrem,Psychic,None,57,40,65,86,73,49,370,0.6,4.8,130.0,"['healer', 'anticipation', 'magic-bounce']",magic-bounce,generation-8,,,False,pink,humanoid,fairy,,slow,120,50,Serene Pokémon,450,"No matter who you are, if you bring strong emotions near this Pokémon, it will silence you violently.",https://raw.githubusercontent.com/PokeAPI/sprites/master/sprites/pokemon/857.png,0.2204724409448819,0.1891891891891892,0.2448979591836734,0.3689320388349514,0.2304347826086956,0.2256410256410256
857,858,Hatterene,Psychic,Fairy,57,90,95,136,103,29,510,2.1,5.1,255.0,"['healer', 'anticipation', 'magic-bounce']",magic-bounce,generation-8,,,False,pink,blob,fairy,,slow,45,50,Silent Pokémon,450,It emits psychic power strong enough to cause headaches as a deterrent to the approach of others.,https://raw.githubusercontent.com/PokeAPI/sprites/master/sprites/pokemon/858.png,0.2204724409448819,0.4594594594594595,0.3673469387755102,0.6116504854368932,0.3608695652173913,0.123076923076923
858,859,Impidimp,Dark,Fairy,45,45,30,55,40,50,265,0.4,5.5,53.0,"['prankster', 'frisk', 'pickpocket']",pickpocket,generation-8,,,False,pink,humanoid,fairy|humanshape,,medium,255,50,Wily Pokémon,451,"Through its nose, it sucks in the emanations produced by people and Pokémon when they feel annoyed. It thrives off this negative energy.",https://raw.githubusercontent.com/PokeAPI/sprites/master/sprites/pokemon/859.png,0.1732283464566929,0.2162162162162162,0.1020408163265306,0.2184466019417475,0.0869565217391304,0.2307692307692307
859,860,Morgrem,Dark,Fairy,65,60,45,75,55,70,370,0.8,12.5,130.0,"['prankster', 'frisk', 'pickpocket']",pickpocket,generation-8,,,False,pink,humanoid,fairy|humanshape,,medium,120,50,Devious Pokémon,451,"When it gets down on all fours as if to beg for forgiveness, it’s trying to lure opponents in so that it can stab them with its spear-like hair.",https://raw.githubusercontent.com/PokeAPI/sprites/master/sprites/pokemon/860.png,0.2519685039370078,0.2972972972972973,0.1632653061224489,0.3155339805825243,0.1521739130434782,0.3333333333333333
860,861,Grimmsnarl,Dark,Fairy,95,120,65,95,75,60,510,1.5,61.0,255.0,"['prankster', 'frisk', 'pickpocket']",pickpocket,generation-8,,,False,purple,humanoid,fairy|humanshape,,medium,45,50,Bulk Up Pokémon,451,"With the hair wrapped around its body helping to enhance its muscles, this Pokémon can overwhelm even Machamp.",https://raw.githubusercontent.com/PokeAPI/sprites/master/sprites/pokemon/861.png,0.3700787401574803,0.6216216216216216,0.2448979591836734,0.4126213592233009,0.2391304347826087,0.282051282051282
861,862,Obstagoon,Dark,Normal,93,90,101,60,81,95,520,1.6,46.0,260.0,"['reckless', 'guts', 'defiant']",defiant,generation-8,,,False,gray,upright,ground,,medium,45,50,Blocking Pokémon,134,Its voice is staggering in volume. Obstagoon has a tendency to take on a threatening posture and shout—this move is known as Obstruct.,https://raw.githubusercontent.com/PokeAPI/sprites/master/sprites/pokemon/862.png,0.3622047244094488,0.4594594594594595,0.3918367346938775,0.2427184466019417,0.2652173913043478,0.4615384615384615
862,863,Perrserker,Steel,None,70,110,100,50,60,50,440,0.8,28.0,154.0,"['battle-armor', 'tough-claws', 'steely-spirit']",steely-spirit,generation-8,,,False,brown,upright,ground,,medium,90,50,Viking Pokémon,22,What appears to be an iron helmet is actually hardened hair. This Pokémon lives for the thrill of battle.,https://raw.githubusercontent.com/PokeAPI/sprites/master/sprites/pokemon/863.png,0.2716535433070866,0.5675675675675675,0.3877551020408163,0.1941747572815534,0.1739130434782608,0.2307692307692307
863,864,Cursola,Ghost,None,60,95,50,145,130,30,510,1.0,0.4,179.0,"['weak-armor', 'perish-body']",perish-body,generation-8,,,False,white,arms,water1|water3,,fast,30,50,Coral Pokémon,113,Its shell is overflowing with its heightened otherworldly energy. The ectoplasm serves as protection for this Pokémon’s core spirit.,https://raw.githubusercontent.com/PokeAPI/sprites/master/sprites/pokemon/864.png,0.2322834645669291,0.4864864864864865,0.1836734693877551,0.6553398058252428,0.4782608695652174,0.1282051282051282
864,865,Sirfetchd,Fighting,None,62,135,95,68,82,65,507,0.8,117.0,177.0,"['steadfast', 'scrappy']",scrappy,generation-8,,,False,white,wings,flying|ground,,medium,45,50,Wild Duck Pokémon,35,"Only Farfetch’d that have survived many battles can attain this evolution. When this Pokémon’s leek withers, it will retire from combat.",https://raw.githubusercontent.com/PokeAPI/sprites/master/sprites/pokemon/865.png,0.2401574803149606,0.7027027027027027,0.3673469387755102,0.2815533980582524,0.2695652173913043,0.3076923076923077
865,866,Mr-Rime,Ice,Psychic,80,85,75,110,100,70,520,1.5,58.2,182.0,"['tangled-feet', 'screen-cleaner', 'ice-body']",ice-body,generation-8,,,False,purple,humanoid,humanshape,,medium,45,50,Comedian Pokémon,57,It’s highly skilled at tap-dancing. It waves its cane of ice in time with its graceful movements.,https://raw.githubusercontent.com/PokeAPI/sprites/master/sprites/pokemon/866.png,0.3110236220472441,0.4324324324324324,0.2857142857142857,0.4854368932038835,0.3478260869565217,0.3333333333333333
866,867,Runerigus,Ground,Ghost,58,95,145,50,105,30,483,1.6,66.6,169.0,['wandering-spirit'],,generation-8,,,False,gray,blob,mineral|indeterminate,,medium,90,50,Grudge Pokémon,287,"A powerful curse was woven into an ancient painting. After absorbing the spirit of a Yamask, the painting began to move.",https://raw.githubusercontent.com/PokeAPI/sprites/master/sprites/pokemon/867.png,0.2244094488188976,0.4864864864864865,0.5714285714285714,0.1941747572815534,0.3695652173913043,0.1282051282051282
867,868,Milcery,Fairy,None,45,40,40,50,61,34,270,0.2,0.3,54.0,"['sweet-veil', 'aroma-veil']",aroma-veil,generation-8,,,False,white,ball,fairy|indeterminate,,medium,200,50,Cream Pokémon,452,This Pokémon was born from sweet-smelling particles in the air. Its body is made of cream.,https://raw.githubusercontent.com/PokeAPI/sprites/master/sprites/pokemon/868.png,0.1732283464566929,0.1891891891891892,0.1428571428571428,0.1941747572815534,0.1782608695652174,0.1487179487179487
868,869,Alcremie,Fairy,None,65,60,75,110,121,64,495,0.3,0.5,173.0,"['sweet-veil', 'aroma-veil']",aroma-veil,generation-8,,,False,white,blob,fairy|indeterminate,,medium,100,50,Cream Pokémon,452,"When it trusts a Trainer, it will treat them to berries it’s decorated with cream.",https://raw.githubusercontent.com/PokeAPI/sprites/master/sprites/pokemon/869.png,0.2519685039370078,0.2972972972972973,0.2857142857142857,0.4854368932038835,0.4391304347826087,0.3025641025641025
869,870,Falinks,Fighting,None,65,100,100,70,60,75,470,3.0,62.0,165.0,"['battle-armor', 'defiant']",defiant,generation-8,,,False,yellow,heads,fairy|mineral,,medium,45,50,Formation Pokémon,453,"Five of them are troopers, and one is the brass. The brass’s orders are absolute.",https://raw.githubusercontent.com/PokeAPI/sprites/master/sprites/pokemon/870.png,0.2519685039370078,0.5135135135135135,0.3877551020408163,0.2912621359223301,0.1739130434782608,0.358974358974359
870,871,Pincurchin,Electric,None,48,101,95,91,85,15,435,0.3,1.0,152.0,"['lightning-rod', 'electric-surge']",electric-surge,generation-8,,,False,purple,tentacles,water1|indeterminate,,medium,75,50,Sea Urchin Pokémon,454,"It feeds on seaweed, using its teeth to scrape it off rocks. Electric current flows from the tips of its spines.",https://raw.githubusercontent.com/PokeAPI/sprites/master/sprites/pokemon/871.png,0.1850393700787401,0.518918918918919,0.3673469387755102,0.3932038834951456,0.2826086956521739,0.0512820512820512
871,872,Snom,Ice,Bug,30,25,35,45,30,20,185,0.3,3.8,37.0,"['shield-dust', 'ice-scales']",ice-scales,generation-8,,,False,white,squiggle,bug,,medium,190,50,Worm Pokémon,455,"It spits out thread imbued with a frigid sort of energy and uses it to tie its body to branches, disguising itself as an icicle while it sleeps.",https://raw.githubusercontent.com/PokeAPI/sprites/master/sprites/pokemon/872.png,0.1141732283464567,0.1081081081081081,0.1224489795918367,0.1699029126213592,0.0434782608695652,0.0769230769230769
872,873,Frosmoth,Ice,Bug,70,65,60,125,90,65,475,1.3,42.0,166.0,"['shield-dust', 'ice-scales']",ice-scales,generation-8,,,False,white,bug-wings,bug,,medium,75,50,Frost Moth Pokémon,455,Icy scales fall from its wings like snow as it flies over fields and mountains. The temperature of its wings is less than −290 degrees Fahrenheit.,https://raw.githubusercontent.com/PokeAPI/sprites/master/sprites/pokemon/873.png,0.2716535433070866,0.3243243243243243,0.2244897959183673,0.558252427184466,0.3043478260869565,0.3076923076923077
873,874,Stonjourner,Rock,None,100,125,135,20,20,70,470,2.5,520.0,165.0,['power-spot'],,generation-8,,,False,gray,legs,mineral,,slow,60,50,Big Rock Pokémon,456,"It stands in grasslands, watching the sun’s descent from zenith to horizon. This Pokémon has a talent for delivering dynamic kicks.",https://raw.githubusercontent.com/PokeAPI/sprites/master/sprites/pokemon/874.png,0.389763779527559,0.6486486486486487,0.5306122448979592,0.0485436893203883,0.0,0.3333333333333333
874,875,Eiscue-Ice,Ice,None,75,80,110,65,90,50,470,1.4,89.0,165.0,['ice-face'],,generation-8,,,False,blue,upright,water1|ground,,slow,60,50,Penguin Pokémon,457,It drifted in on the flow of ocean waters from a frigid place. It keeps its head iced constantly to make sure it stays nice and cold.,https://raw.githubusercontent.com/PokeAPI/sprites/master/sprites/pokemon/875.png,0.2913385826771653,0.4054054054054054,0.4285714285714285,0.2669902912621359,0.3043478260869565,0.2307692307692307
875,876,Indeedee-Male,Psychic,Normal,60,65,55,105,95,95,475,0.9,28.0,166.0,"['inner-focus', 'synchronize', 'psychic-surge']",psychic-surge,generation-8,,,False,purple,upright,fairy,,fast,30,140,Emotion Pokémon,458,"It uses the horns on its head to sense the emotions of others. Males will act as valets for those they serve, looking after their every need.",https://raw.githubusercontent.com/PokeAPI/sprites/master/sprites/pokemon/876.png,0.2322834645669291,0.3243243243243243,0.2040816326530612,0.4611650485436893,0.3260869565217391,0.4615384615384615
876,877,Morpeko-Full-Belly,Electric,Dark,58,95,58,70,58,97,436,0.3,3.0,153.0,['hunger-switch'],,generation-8,,,False,yellow,humanoid,ground|fairy,,medium,180,50,Two-Sided Pokémon,459,"As it eats the seeds stored up in its pocket-like pouches, this Pokémon is not just satisfying its constant hunger. It’s also generating electricity.",https://raw.githubusercontent.com/PokeAPI/sprites/master/sprites/pokemon/877.png,0.2244094488188976,0.4864864864864865,0.2163265306122449,0.2912621359223301,0.1652173913043478,0.4717948717948718
877,878,Cufant,Steel,None,72,80,49,40,49,40,330,1.2,100.0,66.0,"['sheer-force', 'heavy-metal']",heavy-metal,generation-8,,,False,yellow,quadruped,ground|mineral,,medium,190,50,Copperderm Pokémon,460,"It digs up the ground with its trunk. It’s also very strong, being able to carry loads of over five tons without any problem at all.",https://raw.githubusercontent.com/PokeAPI/sprites/master/sprites/pokemon/878.png,0.2795275590551181,0.4054054054054054,0.1795918367346938,0.145631067961165,0.1260869565217391,0.1794871794871795
878,879,Copperajah,Steel,None,122,130,69,80,69,30,500,3.0,650.0,175.0,"['sheer-force', 'heavy-metal']",heavy-metal,generation-8,,,False,green,quadruped,ground|mineral,,medium,90,50,Copperderm Pokémon,460,They came over from another region long ago and worked together with humans. Their green skin is resistant to water.,https://raw.githubusercontent.com/PokeAPI/sprites/master/sprites/pokemon/879.png,0.4763779527559055,0.6756756756756757,0.2612244897959184,0.3398058252427184,0.2130434782608695,0.1282051282051282
879,880,Dracozolt,Electric,Dragon,90,100,90,80,70,75,505,1.8,190.0,177.0,"['volt-absorb', 'hustle', 'sand-rush']",sand-rush,generation-8,,,False,green,upright,no-eggs,,slow,45,50,Fossil Pokémon,461,"In ancient times, it was unbeatable thanks to its powerful lower body, but it went extinct anyway after it depleted all its plant-based food sources.",https://raw.githubusercontent.com/PokeAPI/sprites/master/sprites/pokemon/880.png,0.3503937007874015,0.5135135135135135,0.3469387755102041,0.3398058252427184,0.217391304347826,0.358974358974359
880,881,Arctozolt,Electric,Ice,90,100,90,90,80,55,505,2.3,150.0,177.0,"['volt-absorb', 'static', 'slush-rush']",slush-rush,generation-8,,,False,blue,upright,no-eggs,,slow,45,50,Fossil Pokémon,462,The shaking of its freezing upper half is what generates its electricity. It has a hard time walking around.,https://raw.githubusercontent.com/PokeAPI/sprites/master/sprites/pokemon/881.png,0.3503937007874015,0.5135135135135135,0.3469387755102041,0.3883495145631068,0.2608695652173913,0.2564102564102564
881,882,Dracovish,Water,Dragon,90,90,100,70,80,75,505,2.3,215.0,177.0,"['water-absorb', 'strong-jaw', 'sand-rush']",sand-rush,generation-8,,,False,green,legs,no-eggs,,slow,45,50,Fossil Pokémon,463,Powerful legs and jaws made it the apex predator of its time. Its own overhunting of its prey was what drove it to extinction.,https://raw.githubusercontent.com/PokeAPI/sprites/master/sprites/pokemon/882.png,0.3503937007874015,0.4594594594594595,0.3877551020408163,0.2912621359223301,0.2608695652173913,0.358974358974359
882,883,Arctovish,Water,Ice,90,90,100,80,90,55,505,2.0,175.0,177.0,"['water-absorb', 'ice-body', 'slush-rush']",slush-rush,generation-8,,,False,blue,fish,no-eggs,,slow,45,50,Fossil Pokémon,464,"Though it’s able to capture prey by freezing its surroundings, it has trouble eating the prey afterward because its mouth is on top of its head.",https://raw.githubusercontent.com/PokeAPI/sprites/master/sprites/pokemon/883.png,0.3503937007874015,0.4594594594594595,0.3877551020408163,0.3398058252427184,0.3043478260869565,0.2564102564102564
883,884,Duraludon,Steel,Dragon,70,95,115,120,50,85,535,1.8,40.0,187.0,"['light-metal', 'heavy-metal', 'stalwart']",stalwart,generation-8,,,False,white,upright,mineral|dragon,,medium,45,50,Alloy Pokémon,465,"Its body resembles polished metal, and it’s both lightweight and strong. The only drawback is that it rusts easily.",https://raw.githubusercontent.com/PokeAPI/sprites/master/sprites/pokemon/884.png,0.2716535433070866,0.4864864864864865,0.4489795918367347,0.5339805825242718,0.1304347826086956,0.4102564102564102
884,885,Dreepy,Dragon,Ghost,28,60,30,40,30,82,270,0.5,2.0,54.0,"['clear-body', 'infiltrator', 'cursed-body']",cursed-body,generation-8,,,False,green,squiggle,indeterminate|dragon,,slow,45,50,Lingering Pokémon,466,"After being reborn as a ghost Pokémon, Dreepy wanders the areas it used to inhabit back when it was alive in prehistoric seas.",https://raw.githubusercontent.com/PokeAPI/sprites/master/sprites/pokemon/885.png,0.1062992125984252,0.2972972972972973,0.1020408163265306,0.145631067961165,0.0434782608695652,0.3948717948717948
885,886,Drakloak,Dragon,Ghost,68,80,50,60,50,102,410,1.4,11.0,144.0,"['clear-body', 'infiltrator', 'cursed-body']",cursed-body,generation-8,,,False,green,arms,indeterminate|dragon,,slow,45,50,Caretaker Pokémon,466,It’s capable of flying faster than 120 mph. It battles alongside Dreepy and dotes on them until they successfully evolve.,https://raw.githubusercontent.com/PokeAPI/sprites/master/sprites/pokemon/886.png,0.2637795275590551,0.4054054054054054,0.1836734693877551,0.2427184466019417,0.1304347826086956,0.4974358974358974
886,887,Dragapult,Dragon,Ghost,88,120,75,100,75,142,600,3.0,50.0,300.0,"['clear-body', 'infiltrator', 'cursed-body']",cursed-body,generation-8,,,False,green,upright,indeterminate|dragon,,slow,45,50,Stealth Pokémon,466,"When it isn’t battling, it keeps Dreepy in the holes on its horns. Once a fight starts, it launches the Dreepy like supersonic missiles.",https://raw.githubusercontent.com/PokeAPI/sprites/master/sprites/pokemon/887.png,0.3425196850393701,0.6216216216216216,0.2857142857142857,0.4368932038834951,0.2391304347826087,0.7025641025641025
887,888,Zacian,Fairy,None,92,120,115,80,115,138,660,2.8,110.0,335.0,['intrepid-sword'],,generation-8,,,False,blue,quadruped,no-eggs,,slow,10,0,Warrior Pokémon,467,"Known as a legendary hero, this Pokémon absorbs metal particles, transforming them into a weapon it uses to battle.",https://raw.githubusercontent.com/PokeAPI/sprites/master/sprites/pokemon/888.png,0.358267716535433,0.6216216216216216,0.4489795918367347,0.3398058252427184,0.4130434782608695,0.6820512820512821
888,889,Zamazenta,Fighting,None,92,120,115,80,115,138,660,2.9,210.0,335.0,['dauntless-shield'],,generation-8,,,False,red,quadruped,no-eggs,,slow,10,0,Warrior Pokémon,468,"In times past, it worked together with a king of the people to save the Galar region. It absorbs metal that it then uses in battle.",https://raw.githubusercontent.com/PokeAPI/sprites/master/sprites/pokemon/889.png,0.358267716535433,0.6216216216216216,0.4489795918367347,0.3398058252427184,0.4130434782608695,0.6820512820512821
889,890,Eternatus,Poison,Dragon,140,85,95,145,95,130,690,20.0,950.0,345.0,['pressure'],,generation-8,,,False,purple,wings,no-eggs,,slow,255,0,Gigantic Pokémon,469,The core on its chest absorbs energy emanating from the lands of the Galar region. This energy is what allows Eternatus to stay active.,https://raw.githubusercontent.com/PokeAPI/sprites/master/sprites/pokemon/890.png,0.547244094488189,0.4324324324324324,0.3673469387755102,0.6553398058252428,0.3260869565217391,0.6410256410256411
890,891,Kubfu,Fighting,None,60,90,60,53,50,72,385,0.6,12.0,77.0,['inner-focus'],,generation-8,,,False,gray,upright,no-eggs,,slow,3,50,Wushu Pokémon,470,Kubfu trains hard to perfect its moves. The moves it masters will determine which form it takes when it evolves.,https://raw.githubusercontent.com/PokeAPI/sprites/master/sprites/pokemon/891.png,0.2322834645669291,0.4594594594594595,0.2244897959183673,0.2087378640776699,0.1304347826086956,0.3435897435897436
891,892,Urshifu-Single-Strike,Fighting,Dark,100,130,100,63,60,97,550,1.9,105.0,275.0,['unseen-fist'],,generation-8,,,False,gray,humanoid,no-eggs,,slow,3,50,Wushu Pokémon,470,This form of Urshifu is a strong believer in the one-hit KO. Its strategy is to leap in close to foes and land a devastating blow with a hardened fist.,https://raw.githubusercontent.com/PokeAPI/sprites/master/sprites/pokemon/892.png,0.389763779527559,0.6756756756756757,0.3877551020408163,0.2572815533980582,0.1739130434782608,0.4717948717948718
892,893,Zarude,Dark,Grass,105,120,105,70,95,105,600,1.8,70.0,300.0,['leaf-guard'],,generation-8,,,False,green,upright,no-eggs,,slow,3,0,Rogue Monkey Pokémon,471,"Within dense forests, this Pokémon lives in a pack with others of its kind. It’s incredibly aggressive, and the other Pokémon of the forest fear it.",https://raw.githubusercontent.com/PokeAPI/sprites/master/sprites/pokemon/893.png,0.4094488188976378,0.6216216216216216,0.4081632653061224,0.2912621359223301,0.3260869565217391,0.5128205128205128
893,894,Regieleki,Electric,None,80,100,50,100,50,200,580,1.2,145.0,290.0,['transistor'],,generation-8,,,False,yellow,humanoid,no-eggs,,slow,3,35,Electron Pokémon,472,This Pokémon is a cluster of electrical energy. It’s said that removing the rings on Regieleki’s body will unleash the Pokémon’s latent power.,https://raw.githubusercontent.com/PokeAPI/sprites/master/sprites/pokemon/894.png,0.3110236220472441,0.5135135135135135,0.1836734693877551,0.4368932038834951,0.1304347826086956,1.0
894,895,Regidrago,Dragon,None,200,100,50,100,50,80,580,2.1,200.0,290.0,['dragons-maw'],,generation-8,,,False,green,humanoid,no-eggs,,slow,3,35,Dragon Orb Pokémon,473,An academic theory proposes that Regidrago’s arms were once the head of an ancient dragon Pokémon. The theory remains unproven.,https://raw.githubusercontent.com/PokeAPI/sprites/master/sprites/pokemon/895.png,0.7834645669291339,0.5135135135135135,0.1836734693877551,0.4368932038834951,0.1304347826086956,0.3846153846153846
895,896,Glastrier,Ice,None,100,145,130,65,110,30,580,2.2,800.0,290.0,['chilling-neigh'],,generation-8,,,False,white,quadruped,no-eggs,,slow,3,35,Wild Horse Pokémon,474,"Glastrier emits intense cold from its hooves. It’s also a belligerent Pokémon—anything it wants, it takes by force.",https://raw.githubusercontent.com/PokeAPI/sprites/master/sprites/pokemon/896.png,0.389763779527559,0.7567567567567568,0.5102040816326531,0.2669902912621359,0.391304347826087,0.1282051282051282
896,897,Spectrier,Ghost,None,100,65,60,145,80,130,580,2.0,44.5,290.0,['grim-neigh'],,generation-8,,,False,black,quadruped,no-eggs,,slow,3,35,Swift Horse Pokémon,475,It probes its surroundings with all its senses save one—it doesn’t use its sense of sight. Spectrier’s kicks are said to separate soul from body.,https://raw.githubusercontent.com/PokeAPI/sprites/master/sprites/pokemon/897.png,0.389763779527559,0.3243243243243243,0.2244897959183673,0.6553398058252428,0.2608695652173913,0.6410256410256411
897,898,Calyrex,Psychic,Grass,100,80,80,80,80,80,500,1.1,7.7,250.0,['unnerve'],,generation-8,,,False,green,humanoid,no-eggs,,slow,3,100,King Pokémon,476,"Calyrex is a merciful Pokémon, capable of providing healing and blessings. It reigned over the Galar region in times of yore.",https://raw.githubusercontent.com/PokeAPI/sprites/master/sprites/pokemon/898.png,0.389763779527559,0.4054054054054054,0.3061224489795918,0.3398058252427184,0.2608695652173913,0.3846153846153846
898,899,Wyrdeer,Normal,Psychic,103,105,72,105,75,65,525,1.8,95.1,263.0,"['intimidate', 'frisk', 'sap-sipper']",sap-sipper,generation-8,,,False,gray,quadruped,ground,,slow,135,50,Big Horn Pokémon,120,The black orbs shine with an uncanny light when the Pokémon is erecting invisible barriers. The fur shed from its beard retains heat well and is a highly useful material for winter clothing.,https://raw.githubusercontent.com/PokeAPI/sprites/master/sprites/pokemon/899.png,0.4015748031496063,0.5405405405405406,0.273469387755102,0.4611650485436893,0.2391304347826087,0.3076923076923077
899,900,Kleavor,Bug,Rock,70,135,95,45,70,85,500,1.8,89.0,175.0,"['swarm', 'sheer-force', 'sharpness']",sharpness,generation-8,,,False,brown,bug-wings,bug,,medium,115,50,Axe Pokémon,58,"A violent creature that fells towering trees with its crude axes and shields itself with hard stone. If one should chance upon this Pokémon in the wilds, one's only recourse is to flee.",https://raw.githubusercontent.com/PokeAPI/sprites/master/sprites/pokemon/900.png,0.2716535433070866,0.7027027027027027,0.3673469387755102,0.1699029126213592,0.217391304347826,0.4102564102564102
900,901,Ursaluna,Ground,Normal,130,140,105,45,80,50,550,2.4,290.0,275.0,"['guts', 'bulletproof', 'unnerve']",unnerve,generation-8,,,False,brown,quadruped,ground,,medium,75,50,Peat Pokémon,110,I believe it was Hisui's swampy terrain that gave Ursaluna its burly physique and newfound capacity to manipulate peat at will.,https://raw.githubusercontent.com/PokeAPI/sprites/master/sprites/pokemon/901.png,0.5078740157480315,0.7297297297297297,0.4081632653061224,0.1699029126213592,0.2608695652173913,0.2307692307692307
901,902,Basculegion-Male,Water,Ghost,120,112,65,80,75,78,530,3.0,110.0,265.0,"['swift-swim', 'adaptability', 'mold-breaker']",mold-breaker,generation-8,,,False,green,fish,water2,,medium,135,50,Big Fish Pokémon,280,Clads itself in the souls of comrades that perished before fulfilling their goals of journeying upstream. No other species throughout all Hisui's rivers is Basculegion's equal.,https://raw.githubusercontent.com/PokeAPI/sprites/master/sprites/pokemon/902.png,0.468503937007874,0.5783783783783784,0.2448979591836734,0.3398058252427184,0.2391304347826087,0.3743589743589743
902,903,Sneasler,Fighting,Poison,80,130,60,40,80,120,510,1.3,43.0,102.0,"['pressure', 'unburden', 'poison-touch']",poison-touch,generation-8,,,False,gray,upright,ground,,medium-slow,135,50,Free Climb Pokémon,109,"Because of Sneasler's virulent poison and daunting physical prowess, no other species could hope to best it on the frozen highlands. Preferring solitude, this species does not form packs.",https://raw.githubusercontent.com/PokeAPI/sprites/master/sprites/pokemon/903.png,0.3110236220472441,0.6756756756756757,0.2244897959183673,0.145631067961165,0.2608695652173913,0.5897435897435898
903,904,Overqwil,Dark,Poison,85,115,95,65,65,85,510,2.5,60.5,179.0,"['poison-point', 'swift-swim', 'intimidate']",intimidate,generation-8,,,False,black,fish,water2,,medium,135,50,Pin Cluster Pokémon,106,Its lancelike spikes and savage temperament have earned it the nickname ”sea fiend.” It slurps up poison to nourish itself.,https://raw.githubusercontent.com/PokeAPI/sprites/master/sprites/pokemon/904.png,0.3307086614173228,0.5945945945945946,0.3673469387755102,0.2669902912621359,0.1956521739130435,0.4102564102564102
904,905,Enamorus-Incarnate,Fairy,Flying,74,115,70,135,80,106,580,1.6,48.0,116.0,"['cute-charm', 'contrary']",contrary,generation-8,,,False,pink,arms,no-eggs,,slow,3,50,Love-Hate Pokémon,477,"When it flies to this land from across the sea, the bitter winter comes to an end. According to legend, this Pokémon's love gives rise to the budding of fresh life across Hisui.",https://raw.githubusercontent.com/PokeAPI/sprites/master/sprites/pokemon/905.png,0.2874015748031496,0.5945945945945946,0.2653061224489796,0.6067961165048543,0.2608695652173913,0.517948717948718
905,906,Sprigatito,Grass,None,40,61,54,45,45,65,310,0.4,4.1,62.0,"['overgrow', 'protean']",protean,generation-9,,,False,green,quadruped,ground|plant,,medium-slow,45,50,Grass Cat Pokémon,478,Its fluffy fur is similar in composition to plants. This Pokémon frequently washes its face to keep it from drying out.,https://raw.githubusercontent.com/PokeAPI/sprites/master/sprites/pokemon/906.png,0.1535433070866141,0.3027027027027027,0.2,0.1699029126213592,0.108695652173913,0.3076923076923077
906,907,Floragato,Grass,None,61,80,63,60,63,83,410,0.9,12.2,144.0,"['overgrow', 'protean']",protean,generation-9,,,False,green,upright,ground|plant,,medium-slow,45,50,Grass Cat Pokémon,478,"Floragato deftly wields the vine hidden beneath its long fur, slamming the hard flower bud against its opponents.",https://raw.githubusercontent.com/PokeAPI/sprites/master/sprites/pokemon/907.png,0.2362204724409448,0.4054054054054054,0.236734693877551,0.2427184466019417,0.1869565217391304,0.4
907,908,Meowscarada,Grass,Dark,76,110,70,81,70,123,530,1.5,31.2,265.0,"['overgrow', 'protean']",protean,generation-9,,,False,green,upright,ground|plant,,medium-slow,45,50,Magician Pokémon,478,"This Pokémon uses the reflective fur lining its cape to camouflage the stem of its flower, creating the illusion that the flower is floating.",https://raw.githubusercontent.com/PokeAPI/sprites/master/sprites/pokemon/908.png,0.2952755905511811,0.5675675675675675,0.2653061224489796,0.3446601941747573,0.217391304347826,0.6051282051282051
908,909,Fuecoco,Fire,None,67,45,59,63,40,36,310,0.4,9.8,62.0,"['blaze', 'unaware']",unaware,generation-9,,,False,red,upright,ground,,medium-slow,45,50,Fire Croc Pokémon,479,It lies on warm rocks and uses the heat absorbed by its square-shaped scales to create fire energy.,https://raw.githubusercontent.com/PokeAPI/sprites/master/sprites/pokemon/909.png,0.2598425196850393,0.2162162162162162,0.2204081632653061,0.2572815533980582,0.0869565217391304,0.1589743589743589
909,910,Crocalor,Fire,None,81,55,78,90,58,49,411,1.0,30.7,144.0,"['blaze', 'unaware']",unaware,generation-9,,,False,red,upright,ground,,medium-slow,45,50,Fire Croc Pokémon,479,The combination of Crocalor’s fire energy and overflowing vitality has caused an egg-shaped fireball to appear on the Pokémon’s head.,https://raw.githubusercontent.com/PokeAPI/sprites/master/sprites/pokemon/910.png,0.3149606299212598,0.2702702702702703,0.2979591836734694,0.3883495145631068,0.1652173913043478,0.2256410256410256
910,911,Skeledirge,Fire,Ghost,104,75,100,110,75,66,530,1.6,326.5,265.0,"['blaze', 'unaware']",unaware,generation-9,,,False,red,quadruped,ground,,medium-slow,45,50,Singer Pokémon,479,The fiery bird changes shape when Skeledirge sings. Rumor has it that the bird was born when the fireball on Skeledirge’s head gained a soul.,https://raw.githubusercontent.com/PokeAPI/sprites/master/sprites/pokemon/911.png,0.405511811023622,0.3783783783783784,0.3877551020408163,0.4854368932038835,0.2391304347826087,0.3128205128205128
911,912,Quaxly,Water,None,55,65,45,50,45,50,310,0.5,6.1,62.0,"['torrent', 'moxie']",moxie,generation-9,,,False,white,upright,flying|water1,,medium-slow,45,50,Duckling Pokémon,480,This Pokémon migrated to Paldea from distant lands long ago. The gel secreted by its feathers repels water and grime.,https://raw.githubusercontent.com/PokeAPI/sprites/master/sprites/pokemon/912.png,0.2125984251968504,0.3243243243243243,0.1632653061224489,0.1941747572815534,0.108695652173913,0.2307692307692307
912,913,Quaxwell,Water,None,70,85,65,65,60,65,410,1.2,21.5,144.0,"['torrent', 'moxie']",moxie,generation-9,,,False,blue,upright,flying|water1,,medium-slow,45,50,Practicing Pokémon,480,"These Pokémon constantly run through shallow waters to train their legs, then compete with each other to see which of them kicks most gracefully.",https://raw.githubusercontent.com/PokeAPI/sprites/master/sprites/pokemon/913.png,0.2716535433070866,0.4324324324324324,0.2448979591836734,0.2669902912621359,0.1739130434782608,0.3076923076923077
913,914,Quaquaval,Water,Fighting,85,120,80,85,75,85,530,1.8,61.9,265.0,"['torrent', 'moxie']",moxie,generation-9,,,False,blue,upright,flying|water1,,medium-slow,45,50,Dancer Pokémon,480,A single kick from a Quaquaval can send a truck rolling. This Pokémon uses its powerful legs to perform striking dances from far-off lands.,https://raw.githubusercontent.com/PokeAPI/sprites/master/sprites/pokemon/914.png,0.3307086614173228,0.6216216216216216,0.3061224489795918,0.3640776699029126,0.2391304347826087,0.4102564102564102
914,915,Lechonk,Normal,None,54,45,40,35,45,35,254,0.5,10.2,51.0,"['aroma-veil', 'gluttony', 'thick-fat']",thick-fat,generation-9,,,False,gray,quadruped,ground,,medium,255,50,Hog Pokémon,481,It searches for food all day. It possesses a keen sense of smell but doesn’t use it for anything other than foraging.,https://raw.githubusercontent.com/PokeAPI/sprites/master/sprites/pokemon/915.png,0.2086614173228346,0.2162162162162162,0.1428571428571428,0.1213592233009708,0.108695652173913,0.1538461538461538
915,916,Oinkologne-Male,Normal,None,110,100,75,59,80,65,489,1.0,120.0,171.0,"['lingering-aroma', 'gluttony', 'thick-fat']",thick-fat,generation-9,,,False,gray,quadruped,ground,,medium,100,50,Hog Pokémon,481,"Oinkologne is proud of its fine, glossy skin. It emits a concentrated scent from the tip of its tail.",https://raw.githubusercontent.com/PokeAPI/sprites/master/sprites/pokemon/916.png,0.4291338582677165,0.5135135135135135,0.2857142857142857,0.2378640776699029,0.2608695652173913,0.3076923076923077
916,917,Tarountula,Bug,None,35,41,45,29,40,20,210,0.3,4.0,42.0,"['insomnia', 'stakeout']",stakeout,generation-9,,,False,white,armor,bug,,slow-then-very-fast,255,50,String Ball Pokémon,482,"The ball of threads wrapped around its body is elastic enough to deflect the scythes of Scyther, this Pokémon’s natural enemy.",https://raw.githubusercontent.com/PokeAPI/sprites/master/sprites/pokemon/917.png,0.1338582677165354,0.1945945945945946,0.1632653061224489,0.0922330097087378,0.0869565217391304,0.0769230769230769
917,918,Spidops,Bug,None,60,79,92,52,86,35,404,1.0,16.5,141.0,"['insomnia', 'stakeout']",stakeout,generation-9,,,False,green,armor,bug,,slow-then-very-fast,120,50,Trap Pokémon,482,It clings to branches and ceilings using its threads and moves without a sound. It takes out its prey before the prey even notices it.,https://raw.githubusercontent.com/PokeAPI/sprites/master/sprites/pokemon/918.png,0.2322834645669291,0.4,0.3551020408163265,0.203883495145631,0.2869565217391304,0.1538461538461538
918,919,Nymble,Bug,None,33,46,40,21,25,45,210,0.2,1.0,42.0,"['swarm', 'tinted-lens']",tinted-lens,generation-9,,,False,gray,armor,bug,,medium,190,20,Grasshopper Pokémon,483,"It has its third set of legs folded up. When it’s in a tough spot, this Pokémon jumps over 30 feet using the strength of its legs.",https://raw.githubusercontent.com/PokeAPI/sprites/master/sprites/pokemon/919.png,0.1259842519685039,0.2216216216216216,0.1428571428571428,0.0533980582524271,0.0217391304347826,0.2051282051282051
919,920,Lokix,Bug,Dark,71,102,78,52,55,92,450,1.0,17.5,158.0,"['swarm', 'tinted-lens']",tinted-lens,generation-9,,,False,gray,humanoid,bug,,medium,30,0,Grasshopper Pokémon,483,"When it decides to fight all out, it stands on its previously folded legs to enter Showdown Mode. It neutralizes its enemies in short order.",https://raw.githubusercontent.com/PokeAPI/sprites/master/sprites/pokemon/920.png,0.2755905511811024,0.5243243243243243,0.2979591836734694,0.203883495145631,0.1521739130434782,0.4461538461538462
920,921,Pawmi,Electric,None,45,50,20,40,25,60,240,0.3,2.5,48.0,"['static', 'natural-cure', 'iron-fist']",iron-fist,generation-9,,,False,yellow,quadruped,ground,,medium,190,50,Mouse Pokémon,484,It has underdeveloped electric sacs on its cheeks. These sacs can produce electricity only if Pawmi rubs them furiously with the pads on its forepaws.,https://raw.githubusercontent.com/PokeAPI/sprites/master/sprites/pokemon/921.png,0.1732283464566929,0.2432432432432432,0.0612244897959183,0.145631067961165,0.0217391304347826,0.282051282051282
921,922,Pawmo,Electric,Fighting,60,75,40,50,40,85,350,0.4,6.5,123.0,"['volt-absorb', 'natural-cure', 'iron-fist']",iron-fist,generation-9,,,False,yellow,upright,ground,,medium,80,50,Mouse Pokémon,484,"When its group is attacked, Pawmo is the first to leap into battle, defeating enemies with a fighting technique that utilizes electric shocks.",https://raw.githubusercontent.com/PokeAPI/sprites/master/sprites/pokemon/922.png,0.2322834645669291,0.3783783783783784,0.1428571428571428,0.1941747572815534,0.0869565217391304,0.4102564102564102
922,923,Pawmot,Electric,Fighting,70,115,70,70,60,105,490,0.9,41.0,245.0,"['volt-absorb', 'natural-cure', 'iron-fist']",iron-fist,generation-9,,,False,yellow,upright,ground,,medium,45,50,Hands-On Pokémon,484,"This Pokémon normally is slow to react, but once it enters battle, it will strike down its enemies with lightning-fast movements.",https://raw.githubusercontent.com/PokeAPI/sprites/master/sprites/pokemon/923.png,0.2716535433070866,0.5945945945945946,0.2653061224489796,0.2912621359223301,0.1739130434782608,0.5128205128205128
923,924,Tandemaus,Normal,None,50,50,45,40,45,75,305,0.3,1.8,61.0,"['run-away', 'pickup', 'own-tempo']",own-tempo,generation-9,,,False,white,heads,ground|fairy,,fast,150,50,Couple Pokémon,485,"Exhibiting great teamwork, they use their incisors to cut pieces out of any material that might be useful for a nest, then make off with them.",https://raw.githubusercontent.com/PokeAPI/sprites/master/sprites/pokemon/924.png,0.1929133858267716,0.2432432432432432,0.1632653061224489,0.145631067961165,0.108695652173913,0.358974358974359
924,925,Maushold-Family-Of-Four,Normal,None,74,75,70,65,75,111,470,0.3,2.3,165.0,"['friend-guard', 'cheek-pouch', 'technician']",technician,generation-9,,,False,white,heads,ground|fairy,,fast,75,50,Family Pokémon,485,"The two little ones just appeared one day. The group might be a family of related Pokémon, but nobody knows for sure.",https://raw.githubusercontent.com/PokeAPI/sprites/master/sprites/pokemon/925.png,0.2874015748031496,0.3783783783783784,0.2653061224489796,0.2669902912621359,0.2391304347826087,0.5435897435897435
925,926,Fidough,Fairy,None,37,55,70,30,55,65,312,0.3,10.9,62.0,"['own-tempo', 'klutz']",klutz,generation-9,,,False,yellow,quadruped,ground|mineral,,medium-slow,190,50,Puppy Pokémon,486,This Pokémon is smooth and moist to the touch. Yeast in Fidough’s breath induces fermentation in the Pokémon’s vicinity.,https://raw.githubusercontent.com/PokeAPI/sprites/master/sprites/pokemon/926.png,0.1417322834645669,0.2702702702702703,0.2653061224489796,0.0970873786407767,0.1521739130434782,0.3076923076923077
926,927,Dachsbun,Fairy,None,57,80,115,50,80,95,477,0.5,14.9,167.0,"['well-baked-body', 'aroma-veil']",aroma-veil,generation-9,,,False,brown,quadruped,ground|mineral,,medium-slow,90,50,Dog Pokémon,486,"The pleasant aroma that emanates from this Pokémon’s body helps wheat grow, so Dachsbun has been treasured by farming villages.",https://raw.githubusercontent.com/PokeAPI/sprites/master/sprites/pokemon/927.png,0.2204724409448819,0.4054054054054054,0.4489795918367347,0.1941747572815534,0.2608695652173913,0.4615384615384615
927,928,Smoliv,Grass,Normal,41,35,45,58,51,30,260,0.3,6.5,52.0,"['early-bird', 'harvest']",harvest,generation-9,,,False,green,legs,plant,,medium-slow,255,50,Olive Pokémon,487,It protects itself from enemies by emitting oil from the fruit on its head. This oil is bitter and astringent enough to make someone flinch.,https://raw.githubusercontent.com/PokeAPI/sprites/master/sprites/pokemon/928.png,0.1574803149606299,0.1621621621621621,0.1632653061224489,0.233009708737864,0.1347826086956521,0.1282051282051282
928,929,Dolliv,Grass,Normal,52,53,60,78,78,33,354,0.6,11.9,124.0,"['early-bird', 'harvest']",harvest,generation-9,,,False,green,humanoid,plant,,medium-slow,120,50,Olive Pokémon,487,"Dolliv shares its tasty, fresh-scented oil with others. This species has coexisted with humans since times long gone.",https://raw.githubusercontent.com/PokeAPI/sprites/master/sprites/pokemon/929.png,0.2007874015748031,0.2594594594594595,0.2244897959183673,0.3300970873786408,0.2521739130434782,0.1435897435897435
929,930,Arboliva,Grass,Normal,78,69,90,125,109,39,510,1.4,48.2,255.0,"['seed-sower', 'harvest']",harvest,generation-9,,,False,green,humanoid,plant,,medium-slow,45,50,Olive Pokémon,487,"This calm Pokémon is very compassionate. It will share its delicious, nutrient-rich oil with weakened Pokémon.",https://raw.githubusercontent.com/PokeAPI/sprites/master/sprites/pokemon/930.png,0.3031496062992126,0.3459459459459459,0.3469387755102041,0.558252427184466,0.3869565217391304,0.1743589743589743
930,931,Squawkabilly-Green-Plumage,Normal,Flying,82,96,51,45,51,92,417,0.6,2.4,146.0,"['intimidate', 'hustle', 'guts']",guts,generation-9,,,False,green,wings,flying,,slow-then-very-fast,190,50,Parrot Pokémon,488,"These Pokémon prefer to live in cities. They form flocks based on the color of their feathers, and they fight over territory.",https://raw.githubusercontent.com/PokeAPI/sprites/master/sprites/pokemon/931.png,0.3188976377952756,0.4918918918918919,0.1877551020408163,0.1699029126213592,0.1347826086956521,0.4461538461538462
931,932,Nacli,Rock,None,55,55,75,35,35,25,280,0.4,16.0,56.0,"['purifying-salt', 'sturdy', 'clear-body']",clear-body,generation-9,,,False,brown,ball,mineral,,medium-slow,255,50,Rock Salt Pokémon,489,"It was born in a layer of rock salt deep under the earth. This species was particularly treasured in the old days, as they would share precious salt.",https://raw.githubusercontent.com/PokeAPI/sprites/master/sprites/pokemon/932.png,0.2125984251968504,0.2702702702702703,0.2857142857142857,0.1213592233009708,0.0652173913043478,0.1025641025641025
932,933,Naclstack,Rock,None,60,60,100,35,65,35,355,0.6,105.0,124.0,"['purifying-salt', 'sturdy', 'clear-body']",clear-body,generation-9,,,False,brown,quadruped,mineral,,medium-slow,120,50,Rock Salt Pokémon,489,This Pokémon dry cures its prey by spraying salt over them. The curing process steals away the water in the prey’s body.,https://raw.githubusercontent.com/PokeAPI/sprites/master/sprites/pokemon/933.png,0.2322834645669291,0.2972972972972973,0.3877551020408163,0.1213592233009708,0.1956521739130435,0.1538461538461538
933,934,Garganacl,Rock,None,100,100,130,45,90,35,500,2.3,240.0,250.0,"['purifying-salt', 'sturdy', 'clear-body']",clear-body,generation-9,,,False,brown,humanoid,mineral,,medium-slow,45,50,Rock Salt Pokémon,489,Garganacl will rub its fingertips together and sprinkle injured Pokémon with salt. Even severe wounds will promptly heal afterward.,https://raw.githubusercontent.com/PokeAPI/sprites/master/sprites/pokemon/934.png,0.389763779527559,0.5135135135135135,0.5102040816326531,0.1699029126213592,0.3043478260869565,0.1538461538461538
934,935,Charcadet,Fire,None,40,50,40,50,40,35,255,0.6,10.5,51.0,"['flash-fire', 'flame-body']",flame-body,generation-9,,,False,red,humanoid,humanshape,,slow,90,50,Fire Child Pokémon,490,"Burnt charcoal came to life and became a Pokémon. Possessing a fiery fighting spirit, Charcadet will battle even tough opponents.",https://raw.githubusercontent.com/PokeAPI/sprites/master/sprites/pokemon/935.png,0.1535433070866141,0.2432432432432432,0.1428571428571428,0.1941747572815534,0.0869565217391304,0.1538461538461538
935,936,Armarouge,Fire,Psychic,85,60,100,125,80,75,525,1.5,85.0,263.0,"['flash-fire', 'weak-armor']",weak-armor,generation-9,,,False,red,humanoid,humanshape,,slow,25,20,Fire Warrior Pokémon,490,Armarouge evolved through the use of a set of armor that belonged to a distinguished warrior. This Pokémon is incredibly loyal.,https://raw.githubusercontent.com/PokeAPI/sprites/master/sprites/pokemon/936.png,0.3307086614173228,0.2972972972972973,0.3877551020408163,0.558252427184466,0.2608695652173913,0.358974358974359
936,937,Ceruledge,Fire,Ghost,75,125,80,60,100,85,525,1.6,62.0,263.0,"['flash-fire', 'weak-armor']",weak-armor,generation-9,,,False,blue,humanoid,humanshape,,slow,25,20,Fire Blades Pokémon,490,The fiery blades on its arms burn fiercely with the lingering resentment of a sword wielder who fell before accomplishing their goal.,https://raw.githubusercontent.com/PokeAPI/sprites/master/sprites/pokemon/937.png,0.2913385826771653,0.6486486486486487,0.3061224489795918,0.2427184466019417,0.3478260869565217,0.4102564102564102
937,938,Tadbulb,Electric,None,61,31,41,59,35,45,272,0.3,0.4,54.0,"['own-tempo', 'static', 'damp']",damp,generation-9,,,False,yellow,ball,water1,,medium,190,50,EleTadpole Pokémon,491,"Tadbulb shakes its tail to generate electricity. If it senses danger, it will make its head blink on and off to alert its allies.",https://raw.githubusercontent.com/PokeAPI/sprites/master/sprites/pokemon/938.png,0.2362204724409448,0.1405405405405405,0.1469387755102041,0.2378640776699029,0.0652173913043478,0.2051282051282051
938,939,Bellibolt,Electric,None,109,64,91,103,83,45,495,1.2,113.0,173.0,"['electromorphosis', 'static', 'damp']",damp,generation-9,,,False,green,humanoid,water1,,medium,50,50,EleFrog Pokémon,491,"When this Pokémon expands and contracts its wobbly body, the belly-button dynamo in its stomach produces a huge amount of electricity.",https://raw.githubusercontent.com/PokeAPI/sprites/master/sprites/pokemon/939.png,0.4251968503937008,0.3189189189189189,0.3510204081632653,0.4514563106796116,0.2739130434782608,0.2051282051282051
939,940,Wattrel,Electric,Flying,40,40,35,55,40,70,280,0.4,3.6,56.0,"['wind-power', 'volt-absorb', 'competitive']",competitive,generation-9,,,False,black,wings,water1|flying,,medium-slow,180,50,Storm Petrel Pokémon,492,"When its wings catch the wind, the bones within produce electricity. This Pokémon dives into the ocean, catching prey by electrocuting them.",https://raw.githubusercontent.com/PokeAPI/sprites/master/sprites/pokemon/940.png,0.1535433070866141,0.1891891891891892,0.1224489795918367,0.2184466019417475,0.0869565217391304,0.3333333333333333
940,941,Kilowattrel,Electric,Flying,70,70,60,105,60,125,490,1.4,38.6,172.0,"['wind-power', 'volt-absorb', 'competitive']",competitive,generation-9,,,False,yellow,wings,water1|flying,,medium-slow,90,50,Frigatebird Pokémon,492,"Kilowattrel inflates its throat sac to amplify its electricity. By riding the wind, this Pokémon can fly over 430 miles in a day.",https://raw.githubusercontent.com/PokeAPI/sprites/master/sprites/pokemon/941.png,0.2716535433070866,0.3513513513513513,0.2244897959183673,0.4611650485436893,0.1739130434782608,0.6153846153846154
941,942,Maschiff,Dark,None,60,78,60,40,51,51,340,0.5,16.0,68.0,"['intimidate', 'run-away', 'stakeout']",stakeout,generation-9,,,False,brown,quadruped,ground,,medium-slow,150,50,Rascal Pokémon,493,"It always scowls in an attempt to make opponents take it seriously, but even crying children will burst into laughter when they see Maschiff’s face.",https://raw.githubusercontent.com/PokeAPI/sprites/master/sprites/pokemon/942.png,0.2322834645669291,0.3945945945945946,0.2244897959183673,0.145631067961165,0.1347826086956521,0.2358974358974359
942,943,Mabosstiff,Dark,None,80,120,90,60,70,85,505,1.1,61.0,177.0,"['intimidate', 'guard-dog', 'stakeout']",stakeout,generation-9,,,False,gray,quadruped,ground,,medium-slow,75,50,Boss Pokémon,493,This Pokémon can store energy in its large dewlap. Mabosstiff unleashes this energy all at once to blow away enemies.,https://raw.githubusercontent.com/PokeAPI/sprites/master/sprites/pokemon/943.png,0.3110236220472441,0.6216216216216216,0.3469387755102041,0.2427184466019417,0.217391304347826,0.4102564102564102
943,944,Shroodle,Poison,Normal,40,65,35,40,35,75,290,0.2,0.7,58.0,"['unburden', 'pickpocket', 'prankster']",prankster,generation-9,,,False,gray,quadruped,ground,,medium-slow,190,50,Toxic Mouse Pokémon,494,"Though usually a mellow Pokémon, it will sink its sharp, poison-soaked front teeth into any that anger it, causing paralysis in the object of its ire.",https://raw.githubusercontent.com/PokeAPI/sprites/master/sprites/pokemon/944.png,0.1535433070866141,0.3243243243243243,0.1224489795918367,0.145631067961165,0.0652173913043478,0.358974358974359
944,945,Grafaiai,Poison,Normal,63,95,65,80,72,110,485,0.7,27.2,170.0,"['unburden', 'poison-touch', 'prankster']",prankster,generation-9,,,False,gray,upright,ground,,medium-slow,90,50,Toxic Monkey Pokémon,494,The color of the poisonous saliva depends on what the Pokémon eats. Grafaiai covers its fingers in its saliva and draws patterns on trees in forests.,https://raw.githubusercontent.com/PokeAPI/sprites/master/sprites/pokemon/945.png,0.2440944881889764,0.4864864864864865,0.2448979591836734,0.3398058252427184,0.2260869565217391,0.5384615384615384
945,946,Bramblin,Grass,Ghost,40,65,30,45,35,60,275,0.6,0.6,55.0,"['wind-rider', 'infiltrator']",infiltrator,generation-9,,,False,brown,ball,plant,,medium,190,50,Tumbleweed Pokémon,495,A soul unable to move on to the afterlife was blown around by the wind until it got tangled up with dried grass and became a Pokémon.,https://raw.githubusercontent.com/PokeAPI/sprites/master/sprites/pokemon/946.png,0.1535433070866141,0.3243243243243243,0.1020408163265306,0.1699029126213592,0.0652173913043478,0.282051282051282
946,947,Brambleghast,Grass,Ghost,55,115,70,80,70,90,480,1.2,6.0,168.0,"['wind-rider', 'infiltrator']",infiltrator,generation-9,,,False,brown,ball,plant,,medium,45,50,Tumbleweed Pokémon,495,"It will open the branches of its head to envelop its prey. Once it absorbs all the life energy it needs, it expels the prey and discards it.",https://raw.githubusercontent.com/PokeAPI/sprites/master/sprites/pokemon/947.png,0.2125984251968504,0.5945945945945946,0.2653061224489796,0.3398058252427184,0.217391304347826,0.4358974358974359
947,948,Toedscool,Ground,Grass,40,40,35,50,100,70,335,0.9,33.0,67.0,['mycelium-might'],,generation-9,,,False,yellow,legs,plant,,medium-slow,190,50,Woodear Pokémon,496,Toedscool lives in muggy forests. The flaps that fall from its body are chewy and very delicious.,https://raw.githubusercontent.com/PokeAPI/sprites/master/sprites/pokemon/948.png,0.1535433070866141,0.1891891891891892,0.1224489795918367,0.1941747572815534,0.3478260869565217,0.3333333333333333
948,949,Toedscruel,Ground,Grass,80,70,65,80,120,100,515,1.9,58.0,180.0,['mycelium-might'],,generation-9,,,False,black,tentacles,plant,,medium-slow,90,50,Woodear Pokémon,496,These Pokémon gather into groups and form colonies deep within forests. They absolutely hate it when strangers approach.,https://raw.githubusercontent.com/PokeAPI/sprites/master/sprites/pokemon/949.png,0.3110236220472441,0.3513513513513513,0.2448979591836734,0.3398058252427184,0.4347826086956521,0.4871794871794871
949,950,Klawf,Rock,None,70,100,115,35,55,75,450,1.3,79.0,158.0,"['anger-shell', 'shell-armor', 'regenerator']",regenerator,generation-9,,,False,red,armor,water3,,medium,120,50,Ambush Pokémon,497,"Klawf hangs upside-down from cliffs, waiting for prey. But Klawf can’t remain in this position for long because its blood rushes to its head.",https://raw.githubusercontent.com/PokeAPI/sprites/master/sprites/pokemon/950.png,0.2716535433070866,0.5135135135135135,0.4489795918367347,0.1213592233009708,0.1521739130434782,0.358974358974359
950,951,Capsakid,Grass,None,50,62,40,62,40,50,304,0.3,3.0,61.0,"['chlorophyll', 'insomnia', 'klutz']",klutz,generation-9,,,False,green,upright,plant,,medium,190,50,Spicy Pepper Pokémon,498,"The more sunlight this Pokémon bathes in, the more spicy chemicals are produced by its body, and thus the spicier its moves become.",https://raw.githubusercontent.com/PokeAPI/sprites/master/sprites/pokemon/951.png,0.1929133858267716,0.3081081081081081,0.1428571428571428,0.2524271844660194,0.0869565217391304,0.2307692307692307
951,952,Scovillain,Grass,Fire,65,108,65,108,65,75,486,0.9,15.0,170.0,"['chlorophyll', 'insomnia', 'moody']",moody,generation-9,,,False,green,upright,plant,,medium,75,50,Spicy Pepper Pokémon,498,The red head converts spicy chemicals into fire energy and blasts the surrounding area with a super spicy stream of flame.,https://raw.githubusercontent.com/PokeAPI/sprites/master/sprites/pokemon/952.png,0.2519685039370078,0.5567567567567567,0.2448979591836734,0.4757281553398058,0.1956521739130435,0.358974358974359
952,953,Rellor,Bug,None,41,50,60,31,58,30,270,0.2,1.0,54.0,"['compound-eyes', 'shed-skin']",shed-skin,generation-9,,,False,brown,armor,bug,,fast,190,50,Rolling Pokémon,499,This Pokémon creates a mud ball by mixing sand and dirt with psychic energy. It treasures its mud ball more than its own life.,https://raw.githubusercontent.com/PokeAPI/sprites/master/sprites/pokemon/953.png,0.1574803149606299,0.2432432432432432,0.2244897959183673,0.1019417475728155,0.1652173913043478,0.1282051282051282
953,954,Rabsca,Bug,Psychic,75,50,85,115,100,45,470,0.3,3.5,165.0,"['synchronize', 'telepathy']",telepathy,generation-9,,,False,green,armor,bug,,fast,45,50,Rolling Pokémon,499,"The body that supports the ball barely moves. Therefore, it is thought that the true body of this Pokémon is actually inside the ball.",https://raw.githubusercontent.com/PokeAPI/sprites/master/sprites/pokemon/954.png,0.2913385826771653,0.2432432432432432,0.3265306122448979,0.5097087378640777,0.3478260869565217,0.2051282051282051
954,955,Flittle,Psychic,None,30,35,30,55,30,75,255,0.2,1.5,51.0,"['anticipation', 'frisk', 'speed-boost']",speed-boost,generation-9,,,False,yellow,legs,flying,,medium-slow,120,50,Frill Pokémon,500,Flittle’s toes levitate about half an inch above the ground because of the psychic power emitted from the frills on the Pokémon’s belly.,https://raw.githubusercontent.com/PokeAPI/sprites/master/sprites/pokemon/955.png,0.1141732283464567,0.1621621621621621,0.1020408163265306,0.2184466019417475,0.0434782608695652,0.358974358974359
955,956,Espathra,Psychic,None,95,60,60,101,60,105,481,1.9,90.0,168.0,"['opportunist', 'frisk', 'speed-boost']",speed-boost,generation-9,,,False,yellow,upright,flying,,medium-slow,60,50,Ostrich Pokémon,500,"It immobilizes opponents by bathing them in psychic power from its large eyes. Despite its appearance, it has a vicious temperament.",https://raw.githubusercontent.com/PokeAPI/sprites/master/sprites/pokemon/956.png,0.3700787401574803,0.2972972972972973,0.2244897959183673,0.441747572815534,0.1739130434782608,0.5128205128205128
956,957,Tinkatink,Fairy,Steel,50,45,45,35,64,58,297,0.4,8.9,59.0,"['mold-breaker', 'own-tempo', 'pickpocket']",pickpocket,generation-9,,,False,pink,humanoid,fairy,,medium-slow,190,50,Metalsmith Pokémon,501,"It swings its handmade hammer around to protect itself, but the hammer is often stolen by Pokémon that eat metal.",https://raw.githubusercontent.com/PokeAPI/sprites/master/sprites/pokemon/957.png,0.1929133858267716,0.2162162162162162,0.1632653061224489,0.1213592233009708,0.1913043478260869,0.2717948717948718
957,958,Tinkatuff,Fairy,Steel,65,55,55,45,82,78,380,0.7,59.1,133.0,"['mold-breaker', 'own-tempo', 'pickpocket']",pickpocket,generation-9,,,False,pink,humanoid,fairy,,medium-slow,90,50,Hammer Pokémon,501,"This Pokémon will attack groups of Pawniard and Bisharp, gathering metal from them in order to create a large and sturdy hammer.",https://raw.githubusercontent.com/PokeAPI/sprites/master/sprites/pokemon/958.png,0.2519685039370078,0.2702702702702703,0.2040816326530612,0.1699029126213592,0.2695652173913043,0.3743589743589743
958,959,Tinkaton,Fairy,Steel,85,75,77,70,105,94,506,0.7,112.8,253.0,"['mold-breaker', 'own-tempo', 'pickpocket']",pickpocket,generation-9,,,False,pink,humanoid,fairy,,medium-slow,45,50,Hammer Pokémon,501,"This intelligent Pokémon has a very daring disposition. It knocks rocks into the sky with its hammer, aiming for flying Corviknight.",https://raw.githubusercontent.com/PokeAPI/sprites/master/sprites/pokemon/959.png,0.3307086614173228,0.3783783783783784,0.2938775510204082,0.2912621359223301,0.3695652173913043,0.4564102564102564
959,960,Wiglett,Water,None,10,55,25,35,25,95,245,1.2,1.8,49.0,"['gooey', 'rattled', 'sand-veil']",sand-veil,generation-9,,,False,white,blob,water3,,medium,255,50,Garden Eel Pokémon,502,This Pokémon can pick up the scent of a Veluza just over 65 feet away and will hide itself in the sand.,https://raw.githubusercontent.com/PokeAPI/sprites/master/sprites/pokemon/960.png,0.0354330708661417,0.2702702702702703,0.0816326530612244,0.1213592233009708,0.0217391304347826,0.4615384615384615
960,961,Wugtrio,Water,None,35,100,50,50,70,120,425,1.2,5.4,149.0,"['gooey', 'rattled', 'sand-veil']",sand-veil,generation-9,,,False,red,blob,water3,,medium,50,50,Garden Eel Pokémon,502,"It has a vicious temperament, contrary to what its appearance may suggest. It wraps its long bodies around prey, then drags the prey into its den.",https://raw.githubusercontent.com/PokeAPI/sprites/master/sprites/pokemon/961.png,0.1338582677165354,0.5135135135135135,0.1836734693877551,0.1941747572815534,0.217391304347826,0.5897435897435898
961,962,Bombirdier,Flying,Dark,70,103,85,60,85,82,485,1.5,42.9,243.0,"['big-pecks', 'keen-eye', 'rocky-payload']",rocky-payload,generation-9,,,False,white,wings,flying,,slow,25,50,Item Drop Pokémon,503,"It gathers things up in an apron made from shed feathers added to the Pokémon’s chest feathers, then drops those things from high places for fun.",https://raw.githubusercontent.com/PokeAPI/sprites/master/sprites/pokemon/962.png,0.2716535433070866,0.5297297297297298,0.3265306122448979,0.2427184466019417,0.2826086956521739,0.3948717948717948
962,963,Finizen,Water,None,70,45,40,45,40,75,315,1.3,60.2,63.0,['water-veil'],,generation-9,,,False,blue,fish,ground|water2,,slow,200,50,Dolphin Pokémon,504,It likes playing with others of its kind using the water ring on its tail. It uses ultrasonic waves to sense the emotions of other living creatures.,https://raw.githubusercontent.com/PokeAPI/sprites/master/sprites/pokemon/963.png,0.2716535433070866,0.2162162162162162,0.1428571428571428,0.1699029126213592,0.0869565217391304,0.358974358974359
963,964,Palafin-Zero,Water,None,100,70,72,53,62,100,457,1.3,60.2,160.0,['zero-to-hero'],,generation-9,,,False,blue,fish,ground|water2,,slow,45,50,Dolphin Pokémon,504,This Pokémon changes its appearance if it hears its allies calling for help. Palafin will never show anybody its moment of transformation.,https://raw.githubusercontent.com/PokeAPI/sprites/master/sprites/pokemon/964.png,0.389763779527559,0.3513513513513513,0.273469387755102,0.2087378640776699,0.1826086956521739,0.4871794871794871
964,965,Varoom,Steel,Poison,45,70,63,30,45,47,300,1.0,35.0,60.0,"['overcoat', 'slow-start']",slow-start,generation-9,,,False,gray,legs,mineral,,medium,190,50,Single-Cyl Pokémon,505,It is said that this Pokémon was born when an unknown poison Pokémon entered and inspirited an engine left at a scrap-processing factory.,https://raw.githubusercontent.com/PokeAPI/sprites/master/sprites/pokemon/965.png,0.1732283464566929,0.3513513513513513,0.236734693877551,0.0970873786407767,0.108695652173913,0.2153846153846154
965,966,Revavroom,Steel,Poison,80,119,90,54,67,90,500,1.8,120.0,175.0,"['overcoat', 'filter']",filter,generation-9,,,False,gray,legs,mineral,,medium,75,50,Multi-Cyl Pokémon,505,It creates a gas out of poison and minerals from rocks. It then detonates the gas in its cylinders—now numbering eight—to generate energy.,https://raw.githubusercontent.com/PokeAPI/sprites/master/sprites/pokemon/966.png,0.3110236220472441,0.6162162162162163,0.3469387755102041,0.2135922330097087,0.2043478260869565,0.4358974358974359
966,967,Cyclizar,Dragon,Normal,70,95,65,85,65,121,501,1.6,63.0,175.0,"['shed-skin', 'regenerator']",regenerator,generation-9,,,False,green,quadruped,ground,,medium-slow,190,50,Mount Pokémon,506,"Apparently Cyclizar has been allowing people to ride on its back since ancient times. Depictions of this have been found in 10,000-year-old murals.",https://raw.githubusercontent.com/PokeAPI/sprites/master/sprites/pokemon/967.png,0.2716535433070866,0.4864864864864865,0.2448979591836734,0.3640776699029126,0.1956521739130435,0.5948717948717949
967,968,Orthworm,Steel,None,70,85,145,60,55,65,480,2.5,310.0,240.0,"['earth-eater', 'sand-veil']",sand-veil,generation-9,,,False,pink,squiggle,ground,,slow,25,50,Earthworm Pokémon,507,"When attacked, this Pokémon will wield the tendrils on its body like fists and pelt the opponent with a storm of punches.",https://raw.githubusercontent.com/PokeAPI/sprites/master/sprites/pokemon/968.png,0.2716535433070866,0.4324324324324324,0.5714285714285714,0.2427184466019417,0.1521739130434782,0.3076923076923077
968,969,Glimmet,Rock,Poison,48,35,42,105,60,60,350,0.7,8.0,70.0,"['toxic-debris', 'corrosion']",corrosion,generation-9,,,False,blue,ball,mineral,,medium-slow,70,50,Ore Pokémon,508,It absorbs nutrients from cave walls. The petals it wears are made of crystallized poison.,https://raw.githubusercontent.com/PokeAPI/sprites/master/sprites/pokemon/969.png,0.1850393700787401,0.1621621621621621,0.1510204081632653,0.4611650485436893,0.1739130434782608,0.282051282051282
969,970,Glimmora,Rock,Poison,83,55,90,130,81,86,525,1.5,45.0,184.0,"['toxic-debris', 'corrosion']",corrosion,generation-9,,,False,blue,ball,mineral,,medium-slow,25,50,Ore Pokémon,508,"When this Pokémon detects danger, it will open up its crystalline petals and fire beams from its conical body.",https://raw.githubusercontent.com/PokeAPI/sprites/master/sprites/pokemon/970.png,0.3228346456692913,0.2702702702702703,0.3469387755102041,0.5825242718446602,0.2652173913043478,0.4153846153846154
970,971,Greavard,Ghost,None,50,61,60,30,55,34,290,0.6,35.0,58.0,"['pickup', 'fluffy']",fluffy,generation-9,,,False,white,quadruped,ground,,medium-slow,120,50,Ghost Dog Pokémon,509,It is said that a dog Pokémon that died in the wild without ever interacting with a human was reborn as this Pokémon.,https://raw.githubusercontent.com/PokeAPI/sprites/master/sprites/pokemon/971.png,0.1929133858267716,0.3027027027027027,0.2244897959183673,0.0970873786407767,0.1521739130434782,0.1487179487179487
971,972,Houndstone,Ghost,None,72,101,100,50,97,68,488,2.0,15.0,171.0,"['sand-rush', 'fluffy']",fluffy,generation-9,,,False,white,quadruped,ground,,medium-slow,60,50,Ghost Dog Pokémon,509,"Houndstone spends most of its time sleeping in graveyards. Among all the dog Pokémon, this one is most loyal to its master.",https://raw.githubusercontent.com/PokeAPI/sprites/master/sprites/pokemon/972.png,0.2795275590551181,0.518918918918919,0.3877551020408163,0.1941747572815534,0.3347826086956522,0.3230769230769231
972,973,Flamigo,Flying,Fighting,82,115,74,75,64,90,500,1.6,37.0,175.0,"['scrappy', 'tangled-feet', 'costar']",costar,generation-9,,,False,pink,wings,flying,,medium-slow,100,50,Synchronize Pokémon,510,This Pokémon apparently ties the base of its neck into a knot so that energy stored in its belly does not escape from its beak.,https://raw.githubusercontent.com/PokeAPI/sprites/master/sprites/pokemon/973.png,0.3188976377952756,0.5945945945945946,0.2816326530612245,0.3155339805825243,0.1913043478260869,0.4358974358974359
973,974,Cetoddle,Ice,None,108,68,45,30,40,43,334,1.2,45.0,67.0,"['thick-fat', 'snow-cloak', 'sheer-force']",sheer-force,generation-9,,,False,white,upright,ground,,medium-slow,150,50,Terra Whale Pokémon,511,This species left the ocean and began living on land a very long time ago. It seems to be closely related to Wailmer.,https://raw.githubusercontent.com/PokeAPI/sprites/master/sprites/pokemon/974.png,0.421259842519685,0.3405405405405405,0.1632653061224489,0.0970873786407767,0.0869565217391304,0.1948717948717948
974,975,Cetitan,Ice,None,170,113,65,45,55,73,521,4.5,700.0,182.0,"['thick-fat', 'slush-rush', 'sheer-force']",sheer-force,generation-9,,,False,white,upright,ground,,medium-slow,50,50,Terra Whale Pokémon,511,"This Pokémon wanders around snowy, icy areas. It protects its body with powerful muscles and a thick layer of fat under its skin.",https://raw.githubusercontent.com/PokeAPI/sprites/master/sprites/pokemon/975.png,0.6653543307086615,0.5837837837837838,0.2448979591836734,0.1699029126213592,0.1521739130434782,0.3487179487179487
975,976,Veluza,Water,Psychic,90,102,73,78,65,70,478,2.5,90.0,167.0,"['mold-breaker', 'sharpness']",sharpness,generation-9,,,False,gray,fish,water2,,fast,100,50,Jettison Pokémon,512,"When Veluza discards unnecessary flesh, its mind becomes honed and its psychic power increases. The spare flesh has a mild but delicious flavor.",https://raw.githubusercontent.com/PokeAPI/sprites/master/sprites/pokemon/976.png,0.3503937007874015,0.5243243243243243,0.2775510204081632,0.3300970873786408,0.1956521739130435,0.3333333333333333
976,977,Dondozo,Water,None,150,100,115,65,65,35,530,12.0,220.0,265.0,"['unaware', 'oblivious', 'water-veil']",water-veil,generation-9,,,False,blue,fish,water2,,slow,25,50,Big Catfish Pokémon,513,"This Pokémon is a glutton, but it’s bad at getting food. It teams up with a Tatsugiri to catch prey.",https://raw.githubusercontent.com/PokeAPI/sprites/master/sprites/pokemon/977.png,0.5866141732283464,0.5135135135135135,0.4489795918367347,0.2669902912621359,0.1956521739130435,0.1538461538461538
977,978,Tatsugiri-Curly,Dragon,Water,68,50,60,120,95,82,475,0.3,8.0,166.0,"['commander', 'storm-drain']",storm-drain,generation-9,,,False,pink,fish,water2,,medium-slow,100,50,Mimicry Pokémon,514,This is a small dragon Pokémon. It lives inside the mouth of Dondozo to protect itself from enemies on the outside.,https://raw.githubusercontent.com/PokeAPI/sprites/master/sprites/pokemon/978.png,0.2637795275590551,0.2432432432432432,0.2244897959183673,0.5339805825242718,0.3260869565217391,0.3948717948717948
978,979,Annihilape,Fighting,Ghost,110,115,80,50,90,90,535,1.2,56.0,268.0,"['vital-spirit', 'inner-focus', 'defiant']",defiant,generation-9,,,False,gray,humanoid,ground,,medium,45,50,Rage Monkey Pokémon,24,"When its anger rose beyond a critical point, this Pokémon gained power that is unfettered by the limits of its physical body.",https://raw.githubusercontent.com/PokeAPI/sprites/master/sprites/pokemon/979.png,0.4291338582677165,0.5945945945945946,0.3061224489795918,0.1941747572815534,0.3043478260869565,0.4358974358974359
979,980,Clodsire,Poison,Ground,130,75,60,45,100,20,430,1.8,223.0,151.0,"['poison-point', 'water-absorb', 'unaware']",unaware,generation-9,,,False,brown,quadruped,water1|ground,,medium,90,50,Spiny Fish Pokémon,96,"When attacked, this Pokémon will retaliate by sticking thick spines out from its body. It’s a risky move that puts everything on the line.",https://raw.githubusercontent.com/PokeAPI/sprites/master/sprites/pokemon/980.png,0.5078740157480315,0.3783783783783784,0.2244897959183673,0.1699029126213592,0.3478260869565217,0.0769230769230769
980,981,Farigiraf,Normal,Psychic,120,90,70,110,70,60,520,3.2,160.0,260.0,"['cud-chew', 'armor-tail', 'sap-sipper']",sap-sipper,generation-9,,,False,brown,quadruped,ground,,medium,45,50,Long Neck Pokémon,101,"Now that the brain waves from the head and tail are synced up, the psychic power of this Pokémon is 10 times stronger than Girafarig’s.",https://raw.githubusercontent.com/PokeAPI/sprites/master/sprites/pokemon/981.png,0.468503937007874,0.4594594594594595,0.2653061224489796,0.4854368932038835,0.217391304347826,0.282051282051282
981,982,Dudunsparce-Two-Segment,Normal,None,125,100,80,85,75,55,520,3.6,39.2,182.0,"['serene-grace', 'run-away', 'rattled']",rattled,generation-9,,,False,yellow,squiggle,ground,,medium,45,50,Land Snake Pokémon,103,This Pokémon uses its hard tail to make its nest by boring holes into bedrock deep underground. The nest can reach lengths of over six miles.,https://raw.githubusercontent.com/PokeAPI/sprites/master/sprites/pokemon/982.png,0.4881889763779528,0.5135135135135135,0.3061224489795918,0.3640776699029126,0.2391304347826087,0.2564102564102564
982,983,Kingambit,Dark,Steel,100,135,120,60,85,50,550,2.0,120.0,275.0,"['defiant', 'supreme-overlord', 'pressure']",pressure,generation-9,,,False,black,humanoid,humanshape,,medium,25,50,Big Blade Pokémon,317,Only a Bisharp that stands above all others in its vast army can evolve into Kingambit.,https://raw.githubusercontent.com/PokeAPI/sprites/master/sprites/pokemon/983.png,0.389763779527559,0.7027027027027027,0.4693877551020408,0.2427184466019417,0.2826086956521739,0.2307692307692307
983,984,Great-Tusk,Ground,Fighting,115,131,131,53,53,87,570,2.2,320.0,285.0,['protosynthesis'],,generation-9,,,False,purple,quadruped,no-eggs,,slow,30,0,Paradox Pokémon,515,Sightings of this Pokémon have occurred in recent years. The name Great Tusk was taken from a creature listed in a certain book.,https://raw.githubusercontent.com/PokeAPI/sprites/master/sprites/pokemon/984.png,0.4488188976377952,0.6810810810810811,0.5142857142857142,0.2087378640776699,0.1434782608695652,0.4205128205128205
984,985,Scream-Tail,Fairy,Psychic,115,65,99,65,115,111,570,1.2,8.0,285.0,['protosynthesis'],,generation-9,,,False,pink,upright,no-eggs,,slow,50,0,Paradox Pokémon,516,There has been only one reported sighting of this Pokémon. It resembles a mysterious creature depicted in an old expedition journal.,https://raw.githubusercontent.com/PokeAPI/sprites/master/sprites/pokemon/985.png,0.4488188976377952,0.3243243243243243,0.3836734693877551,0.2669902912621359,0.4130434782608695,0.5435897435897435
985,986,Brute-Bonnet,Grass,Dark,111,127,99,79,99,55,570,1.2,21.0,285.0,['protosynthesis'],,generation-9,,,False,gray,quadruped,no-eggs,,slow,50,0,Paradox Pokémon,517,It is possible that the creature listed as Brute Bonnet in a certain book could actually be this Pokémon.,https://raw.githubusercontent.com/PokeAPI/sprites/master/sprites/pokemon/986.png,0.4330708661417323,0.6594594594594595,0.3836734693877551,0.3349514563106796,0.3434782608695652,0.2564102564102564
986,987,Flutter-Mane,Ghost,Fairy,55,55,55,135,135,135,570,1.4,4.0,285.0,['protosynthesis'],,generation-9,,,False,gray,wings,no-eggs,,slow,30,0,Paradox Pokémon,518,"This Pokémon has characteristics similar to those of Flutter Mane, a creature mentioned in a certain book.",https://raw.githubusercontent.com/PokeAPI/sprites/master/sprites/pokemon/987.png,0.2125984251968504,0.2702702702702703,0.2040816326530612,0.6067961165048543,0.5,0.6666666666666666
987,988,Slither-Wing,Bug,Fighting,85,135,79,85,105,81,570,3.2,92.0,285.0,['protosynthesis'],,generation-9,,,False,red,quadruped,no-eggs,,slow,30,0,Paradox Pokémon,519,This mysterious Pokémon has some similarities to a creature that an old book introduced as Slither Wing.,https://raw.githubusercontent.com/PokeAPI/sprites/master/sprites/pokemon/988.png,0.3307086614173228,0.7027027027027027,0.3020408163265306,0.3640776699029126,0.3695652173913043,0.3897435897435897
988,989,Sandy-Shocks,Electric,Ground,85,81,97,121,85,101,570,2.3,60.0,285.0,['protosynthesis'],,generation-9,,,False,gray,quadruped,no-eggs,,slow,30,0,Paradox Pokémon,520,"No records exist of this Pokémon being caught. Data is lacking, but the Pokémon’s traits match up with a creature shown in an expedition journal.",https://raw.githubusercontent.com/PokeAPI/sprites/master/sprites/pokemon/989.png,0.3307086614173228,0.4108108108108108,0.3755102040816326,0.5388349514563107,0.2826086956521739,0.4923076923076923
989,990,Iron-Treads,Ground,Steel,90,112,120,72,70,106,570,0.9,240.0,285.0,['quark-drive'],,generation-9,,,False,gray,quadruped,no-eggs,,slow,30,0,Paradox Pokémon,521,This Pokémon closely resembles a scientific weapon that a paranormal magazine claimed was sent to this planet by aliens.,https://raw.githubusercontent.com/PokeAPI/sprites/master/sprites/pokemon/990.png,0.3503937007874015,0.5783783783783784,0.4693877551020408,0.3009708737864077,0.217391304347826,0.517948717948718
990,991,Iron-Bundle,Ice,Water,56,80,114,124,60,136,570,0.6,11.0,285.0,['quark-drive'],,generation-9,,,False,red,upright,no-eggs,,slow,50,0,Paradox Pokémon,522,Its shape is similar to a robot featured in a paranormal magazine article. The robot was said to have been created by an ancient civilization.,https://raw.githubusercontent.com/PokeAPI/sprites/master/sprites/pokemon/991.png,0.2165354330708661,0.4054054054054054,0.4448979591836735,0.5533980582524272,0.1739130434782608,0.6717948717948717
991,992,Iron-Hands,Fighting,Electric,154,140,108,50,68,50,570,1.8,380.7,285.0,['quark-drive'],,generation-9,,,False,gray,humanoid,no-eggs,,slow,50,0,Paradox Pokémon,523,It is very similar to a cyborg covered exclusively by a paranormal magazine. The cyborg was said to be the modified form of a certain athlete.,https://raw.githubusercontent.com/PokeAPI/sprites/master/sprites/pokemon/992.png,0.6023622047244095,0.7297297297297297,0.4204081632653061,0.1941747572815534,0.208695652173913,0.2307692307692307
992,993,Iron-Jugulis,Dark,Flying,94,80,86,122,80,108,570,1.3,111.0,285.0,['quark-drive'],,generation-9,,,False,blue,upright,no-eggs,,slow,30,0,Paradox Pokémon,524,"It resembles a certain Pokémon introduced in a paranormal magazine, described as the offspring of a Hydreigon that fell in love with a robot.",https://raw.githubusercontent.com/PokeAPI/sprites/master/sprites/pokemon/993.png,0.3661417322834646,0.4054054054054054,0.3306122448979592,0.5436893203883495,0.2608695652173913,0.5282051282051282
993,994,Iron-Moth,Fire,Poison,80,70,60,140,110,110,570,1.2,36.0,285.0,['quark-drive'],,generation-9,,,False,yellow,bug-wings,no-eggs,,slow,30,0,Paradox Pokémon,525,This Pokémon resembles an unknown object described in a paranormal magazine as a UFO sent to observe humanity.,https://raw.githubusercontent.com/PokeAPI/sprites/master/sprites/pokemon/994.png,0.3110236220472441,0.3513513513513513,0.2244897959183673,0.6310679611650486,0.391304347826087,0.5384615384615384
994,995,Iron-Thorns,Rock,Electric,100,134,110,70,84,72,570,1.6,303.0,285.0,['quark-drive'],,generation-9,,,False,green,upright,no-eggs,,slow,30,0,Paradox Pokémon,526,It has some similarities to a Pokémon introduced in a dubious magazine as a Tyranitar from one billion years into the future.,https://raw.githubusercontent.com/PokeAPI/sprites/master/sprites/pokemon/995.png,0.389763779527559,0.6972972972972973,0.4285714285714285,0.2912621359223301,0.2782608695652174,0.3435897435897436
995,996,Frigibax,Dragon,Ice,65,75,45,35,45,55,320,0.5,17.0,64.0,"['thermal-exchange', 'ice-body']",ice-body,generation-9,,,False,gray,upright,dragon|mineral,,slow,45,50,Ice Fin Pokémon,527,"Frigibax absorbs heat through its dorsal fin and converts the heat into ice energy. The higher the temperature, the more energy Frigibax stores.",https://raw.githubusercontent.com/PokeAPI/sprites/master/sprites/pokemon/996.png,0.2519685039370078,0.3783783783783784,0.1632653061224489,0.1213592233009708,0.108695652173913,0.2564102564102564
996,997,Arctibax,Dragon,Ice,90,95,66,45,65,62,423,0.8,30.0,148.0,"['thermal-exchange', 'ice-body']",ice-body,generation-9,,,False,gray,upright,dragon|mineral,,slow,25,50,Ice Fin Pokémon,527,"Arctibax freezes the air around it, protecting its face with an ice mask and turning its dorsal fin into a blade of ice.",https://raw.githubusercontent.com/PokeAPI/sprites/master/sprites/pokemon/997.png,0.3503937007874015,0.4864864864864865,0.2489795918367346,0.1699029126213592,0.1956521739130435,0.2923076923076923
997,998,Baxcalibur,Dragon,Ice,115,145,92,75,86,87,600,2.1,210.0,300.0,"['thermal-exchange', 'ice-body']",ice-body,generation-9,,,False,gray,upright,dragon|mineral,,slow,10,50,Ice Dragon Pokémon,527,This Pokémon blasts cryogenic air out from its mouth. This air can instantly freeze even liquid-hot lava.,https://raw.githubusercontent.com/PokeAPI/sprites/master/sprites/pokemon/998.png,0.4488188976377952,0.7567567567567568,0.3551020408163265,0.3155339805825243,0.2869565217391304,0.4205128205128205
998,999,Gimmighoul,Ghost,None,45,30,70,75,70,10,300,0.3,5.0,60.0,['rattled'],,generation-9,,,False,brown,blob,no-eggs,,slow,45,50,Coin Chest Pokémon,528,"This Pokémon was born inside a treasure chest about 1,500 years ago. It sucks the life-force out of scoundrels who try to steal the treasure.",https://raw.githubusercontent.com/PokeAPI/sprites/master/sprites/pokemon/999.png,0.1732283464566929,0.1351351351351351,0.2653061224489796,0.3155339805825243,0.217391304347826,0.0256410256410256
999,1000,Gholdengo,Steel,Ghost,87,60,95,133,91,84,550,1.2,30.0,275.0,['good-as-gold'],,generation-9,,,False,yellow,humanoid,no-eggs,,slow,45,50,Coin Entity Pokémon,528,"Its body seems to be made up of 1,000 coins. This Pokémon gets along well with others and is quick to make friends with anybody.",https://raw.githubusercontent.com/PokeAPI/sprites/master/sprites/pokemon/1000.png,0.3385826771653543,0.2972972972972973,0.3673469387755102,0.5970873786407767,0.308695652173913,0.4051282051282051
1000,1001,Wo-Chien,Dark,Grass,85,85,100,95,135,70,570,1.5,74.2,285.0,['tablets-of-ruin'],,generation-9,,,False,brown,squiggle,no-eggs,,slow,6,0,Ruinous Pokémon,529,The grudge of a person punished for writing the king’s evil deeds upon wooden tablets has clad itself in dead leaves to become a Pokémon.,https://raw.githubusercontent.com/PokeAPI/sprites/master/sprites/pokemon/1001.png,0.3307086614173228,0.4324324324324324,0.3877551020408163,0.4126213592233009,0.5,0.3333333333333333
1001,1002,Chien-Pao,Dark,Ice,80,120,80,90,65,135,570,1.9,152.2,285.0,['sword-of-ruin'],,generation-9,,,False,white,quadruped,no-eggs,,slow,6,0,Ruinous Pokémon,530,This Pokémon can control 100 tons of fallen snow. It plays around innocently by leaping in and out of avalanches it has caused.,https://raw.githubusercontent.com/PokeAPI/sprites/master/sprites/pokemon/1002.png,0.3110236220472441,0.6216216216216216,0.3061224489795918,0.3883495145631068,0.1956521739130435,0.6666666666666666
1002,1003,Ting-Lu,Dark,Ground,155,110,125,55,80,45,570,2.7,699.7,285.0,['vessel-of-ruin'],,generation-9,,,False,brown,quadruped,no-eggs,,slow,6,0,Ruinous Pokémon,531,The fear poured into an ancient ritual vessel has clad itself in rocks and dirt to become a Pokémon.,https://raw.githubusercontent.com/PokeAPI/sprites/master/sprites/pokemon/1003.png,0.6062992125984252,0.5675675675675675,0.4897959183673469,0.2184466019417475,0.2608695652173913,0.2051282051282051
1003,1004,Chi-Yu,Dark,Fire,55,80,80,135,120,100,570,0.4,4.9,285.0,['beads-of-ruin'],,generation-9,,,False,red,fish,no-eggs,,slow,6,0,Ruinous Pokémon,532,"It controls flames burning at over 5,400 degrees Fahrenheit. It casually swims through the sea of lava it creates by melting rock and sand.",https://raw.githubusercontent.com/PokeAPI/sprites/master/sprites/pokemon/1004.png,0.2125984251968504,0.4054054054054054,0.3061224489795918,0.6067961165048543,0.4347826086956521,0.4871794871794871
1004,1005,Roaring-Moon,Dragon,Dark,105,139,71,55,101,119,590,2.0,380.0,295.0,['protosynthesis'],,generation-9,,,False,green,quadruped,no-eggs,,slow,10,0,Paradox Pokémon,533,It is possible that this is the creature listed as Roaring Moon in an expedition journal that still holds many mysteries.,https://raw.githubusercontent.com/PokeAPI/sprites/master/sprites/pokemon/1005.png,0.4094488188976378,0.7243243243243244,0.2693877551020408,0.2184466019417475,0.3521739130434783,0.5846153846153846
1005,1006,Iron-Valiant,Fairy,Fighting,74,130,90,120,60,116,590,1.4,35.0,295.0,['quark-drive'],,generation-9,,,False,white,humanoid,no-eggs,,slow,10,0,Paradox Pokémon,534,It has some similarities to a mad scientist’s invention covered in a paranormal magazine.,https://raw.githubusercontent.com/PokeAPI/sprites/master/sprites/pokemon/1006.png,0.2874015748031496,0.6756756756756757,0.3469387755102041,0.5339805825242718,0.1739130434782608,0.5692307692307692
1006,1007,Koraidon,Fighting,Dragon,100,135,115,85,100,135,670,2.5,303.0,335.0,['orichalcum-pulse'],,generation-9,,,False,red,upright,no-eggs,,slow,3,0,Paradox Pokémon,535,This seems to be the Winged King mentioned in an old expedition journal. It was said to have split the land with its bare fists.,https://raw.githubusercontent.com/PokeAPI/sprites/master/sprites/pokemon/1007.png,0.389763779527559,0.7027027027027027,0.4489795918367347,0.3640776699029126,0.3478260869565217,0.6666666666666666
1007,1008,Miraidon,Electric,Dragon,100,85,100,135,115,135,670,3.5,240.0,335.0,['hadron-engine'],,generation-9,,,False,blue,quadruped,no-eggs,,slow,3,0,Paradox Pokémon,536,"Much remains unknown about this creature. It resembles Cyclizar, but it is far more ruthless and powerful.",https://raw.githubusercontent.com/PokeAPI/sprites/master/sprites/pokemon/1008.png,0.389763779527559,0.4324324324324324,0.3877551020408163,0.6067961165048543,0.4130434782608695,0.6666666666666666
1008,1009,Walking-Wake,Water,Dragon,99,83,91,125,83,109,590,3.5,280.0,295.0,['protosynthesis'],,generation-9,,,False,blue,upright,no-eggs,,slow,5,0,Paradox Pokémon,537,This ferocious creature is shrouded in mystery. It's named after an aquatic monster mentioned in an old expedition journal.,https://raw.githubusercontent.com/PokeAPI/sprites/master/sprites/pokemon/1009.png,0.3858267716535433,0.4216216216216216,0.3510204081632653,0.558252427184466,0.2739130434782608,0.5333333333333333
1009,1010,Iron-Leaves,Grass,Psychic,90,130,88,70,108,104,590,1.5,125.0,295.0,['quark-drive'],,generation-9,,,False,green,quadruped,no-eggs,,slow,5,0,Paradox Pokémon,538,Many of its physical characteristics match those of a Virizion from the future that was covered in a paranormal magazine.,https://raw.githubusercontent.com/PokeAPI/sprites/master/sprites/pokemon/1010.png,0.3503937007874015,0.6756756756756757,0.3387755102040816,0.2912621359223301,0.3826086956521739,0.5076923076923077
1010,1011,Dipplin,Grass,Dragon,80,80,110,95,80,40,485,0.4,9.7,170.0,"['supersweet-syrup', 'gluttony', 'sticky-hold']",sticky-hold,generation-9,,,False,green,heads,plant|dragon,,slow,45,50,Candy Apple Pokémon,442,Dipplin is two creatures in one Pokémon. Its evolution was triggered by a special apple grown only in one place.,https://raw.githubusercontent.com/PokeAPI/sprites/master/sprites/pokemon/1011.png,0.3110236220472441,0.4054054054054054,0.4285714285714285,0.4126213592233009,0.2608695652173913,0.1794871794871795
1011,1012,Poltchageist,Grass,Ghost,40,45,45,74,54,50,308,0.1,1.1,62.0,"['hospitality', 'heatproof']",heatproof,generation-9,,,False,green,ball,mineral|indeterminate,,slow,120,50,Matcha Pokémon,539,"Supposedly, the regrets of a tea ceremony master who died before perfecting his craft lingered in some matcha and became a Pokémon.",https://raw.githubusercontent.com/PokeAPI/sprites/master/sprites/pokemon/1012.png,0.1535433070866141,0.2162162162162162,0.1632653061224489,0.3106796116504854,0.1478260869565217,0.2307692307692307
1012,1013,Sinistcha,Grass,Ghost,71,60,106,121,80,70,508,0.2,2.2,178.0,"['hospitality', 'heatproof']",heatproof,generation-9,,,False,green,ball,mineral|indeterminate,,slow,60,50,Matcha Pokémon,539,"It pretends to be tea, trying to fool people into drinking it so it can drain their life-force. Its ruse is generally unsuccessful.",https://raw.githubusercontent.com/PokeAPI/sprites/master/sprites/pokemon/1013.png,0.2755905511811024,0.2972972972972973,0.4122448979591837,0.5388349514563107,0.2608695652173913,0.3333333333333333
1013,1014,Okidogi,Poison,Fighting,88,128,115,58,86,80,555,1.8,92.2,278.0,"['toxic-chain', 'guard-dog']",guard-dog,generation-9,,,False,black,upright,no-eggs,,slow,3,0,Retainer Pokémon,540,"After all its muscles were stimulated by the toxic chain around its neck, Okidogi transformed and gained a powerful physique.",https://raw.githubusercontent.com/PokeAPI/sprites/master/sprites/pokemon/1014.png,0.3425196850393701,0.6648648648648648,0.4489795918367347,0.233009708737864,0.2869565217391304,0.3846153846153846
1014,1015,Munkidori,Poison,Psychic,88,75,66,130,90,106,555,1.0,12.2,278.0,"['toxic-chain', 'frisk']",frisk,generation-9,,,False,black,humanoid,no-eggs,,slow,3,0,Retainer Pokémon,541,The chain is made from toxins that enhance capabilities. It stimulated Munkidori's brain and caused the Pokémon's psychic powers to bloom.,https://raw.githubusercontent.com/PokeAPI/sprites/master/sprites/pokemon/1015.png,0.3425196850393701,0.3783783783783784,0.2489795918367346,0.5825242718446602,0.3043478260869565,0.517948717948718
1015,1016,Fezandipiti,Poison,Fairy,88,91,82,70,125,99,555,1.4,30.1,278.0,"['toxic-chain', 'technician']",technician,generation-9,,,False,black,wings,no-eggs,,slow,3,0,Retainer Pokémon,542,Fezandipiti owes its beautiful looks and lovely voice to the toxic stimulants emanating from the chain wrapped around its body.,https://raw.githubusercontent.com/PokeAPI/sprites/master/sprites/pokemon/1016.png,0.3425196850393701,0.4648648648648649,0.3142857142857143,0.2912621359223301,0.4565217391304347,0.482051282051282
1016,1017,Ogerpon,Grass,None,80,120,84,60,96,110,550,1.2,39.8,275.0,['defiant'],,generation-9,,,False,green,humanoid,no-eggs,,slow,5,50,Mask Pokémon,543,This Pokémon's type changes based on which mask it's wearing. It confounds its enemies with nimble movements and kicks.,https://raw.githubusercontent.com/PokeAPI/sprites/master/sprites/pokemon/1017.png,0.3110236220472441,0.6216216216216216,0.3224489795918367,0.2427184466019417,0.3304347826086956,0.5384615384615384
1017,1018,Archaludon,Steel,Dragon,90,105,130,125,65,85,600,2.0,60.0,300.0,"['stamina', 'sturdy', 'stalwart']",stalwart,generation-9,,,False,white,upright,mineral|dragon,,medium,10,50,Alloy Pokémon,465,It gathers static electricity from its surroundings. The beams it launches when down on all fours are tremendously powerful.,https://raw.githubusercontent.com/PokeAPI/sprites/master/sprites/pokemon/1018.png,0.3503937007874015,0.5405405405405406,0.5102040816326531,0.558252427184466,0.1956521739130435,0.4102564102564102
1018,1019,Hydrapple,Grass,Dragon,106,80,110,120,80,44,540,1.8,93.0,270.0,"['supersweet-syrup', 'regenerator', 'sticky-hold']",sticky-hold,generation-9,,,False,green,heads,plant|dragon,,slow-then-very-fast,10,50,Apple Hydra Pokémon,442,Seven syrpents live inside an apple made of syrup. The syrpent in the center is the commander.,https://raw.githubusercontent.com/PokeAPI/sprites/master/sprites/pokemon/1019.png,0.4133858267716535,0.4054054054054054,0.4285714285714285,0.5339805825242718,0.2608695652173913,0.2
1019,1020,Gouging-Fire,Fire,Dragon,105,115,121,65,93,91,590,3.5,590.0,295.0,['protosynthesis'],,generation-9,,,False,brown,quadruped,no-eggs,,slow,10,0,Paradox Pokémon,544,There are scant few reports of this creature being sighted. One short video shows it rampaging and spouting pillars of flame.,https://raw.githubusercontent.com/PokeAPI/sprites/master/sprites/pokemon/1020.png,0.4094488188976378,0.5945945945945946,0.473469387755102,0.2669902912621359,0.3173913043478261,0.441025641025641
1020,1021,Raging-Bolt,Electric,Dragon,125,73,91,137,89,75,590,5.2,480.0,295.0,['protosynthesis'],,generation-9,,,False,yellow,quadruped,no-eggs,,slow,10,0,Paradox Pokémon,545,It's said to incinerate everything around it with lightning launched from its fur. Very little is known about this creature.,https://raw.githubusercontent.com/PokeAPI/sprites/master/sprites/pokemon/1021.png,0.4881889763779528,0.3675675675675676,0.3510204081632653,0.616504854368932,0.3,0.358974358974359
1021,1022,Iron-Boulder,Rock,Psychic,90,120,80,68,108,124,590,1.5,162.5,295.0,['quark-drive'],,generation-9,,,False,gray,quadruped,no-eggs,,slow,10,0,Paradox Pokémon,547,It resembles a Pokémon described in a dubious magazine as a Terrakion that had been modified by an evil organization.,https://raw.githubusercontent.com/PokeAPI/sprites/master/sprites/pokemon/1022.png,0.3503937007874015,0.6216216216216216,0.3061224489795918,0.2815533980582524,0.3826086956521739,0.6102564102564103
1022,1023,Iron-Crown,Steel,Psychic,90,72,100,122,108,98,590,1.6,156.0,295.0,['quark-drive'],,generation-9,,,False,blue,quadruped,no-eggs,,slow,10,0,Paradox Pokémon,546,It resembles a mysterious object introduced in a paranormal magazine as a cutting-edge weapon shaped like a Cobalion.,https://raw.githubusercontent.com/PokeAPI/sprites/master/sprites/pokemon/1023.png,0.3503937007874015,0.3621621621621622,0.3877551020408163,0.5436893203883495,0.3826086956521739,0.4769230769230769
1023,1024,Terapagos,Normal,None,90,65,85,65,85,60,450,0.2,6.5,90.0,['tera-shift'],,generation-9,,,False,blue,quadruped,no-eggs,,slow,255,50,Tera Pokémon,548,Terapagos protects itself using its power to transform energy into hard crystals. This Pokémon is the source of the Terastal phenomenon.,https://raw.githubusercontent.com/PokeAPI/sprites/master/sprites/pokemon/1024.png,0.3503937007874015,0.3243243243243243,0.3265306122448979,0.2669902912621359,0.2826086956521739,0.282051282051282
1024,1025,Pecharunt,Poison,Ghost,88,88,160,88,88,88,600,0.3,0.3,300.0,['poison-puppeteer'],,generation-9,,,False,purple,ball,no-eggs,,slow,3,0,Subjugation Pokémon,549,"It feeds others toxic mochi that draw out desires and capabilities. Those who eat the mochi fall under Pecharunt’s control, chained to its will.",https://raw.githubusercontent.com/PokeAPI/sprites/master/sprites/pokemon/1025.png,0.3425196850393701,0.4486486486486487,0.6326530612244898,0.3786407766990291,0.2956521739130435,0.4256410256410256
1025,10001,Deoxys-Attack,Psychic,None,50,180,20,180,20,150,600,1.7,60.8,270.0,['pressure'],,generation-3,,,False,red,humanoid,no-eggs,rare,slow,3,0,DNA Pokémon,202,The DNA of a space virus underwent a sudden mutation upon exposure to a laser beam and resulted in DEOXYS. The crystalline organ on this POKéMON’s chest appears to be its brain.,https://raw.githubusercontent.com/PokeAPI/sprites/master/sprites/pokemon/10001.png,0.1929133858267716,0.945945945945946,0.0612244897959183,0.8252427184466019,0.0,0.7435897435897436
1026,10002,Deoxys-Defense,Psychic,None,50,70,160,70,160,90,600,1.7,60.8,270.0,['pressure'],,generation-3,,,False,red,humanoid,no-eggs,rare,slow,3,0,DNA Pokémon,202,The DNA of a space virus underwent a sudden mutation upon exposure to a laser beam and resulted in DEOXYS. The crystalline organ on this POKéMON’s chest appears to be its brain.,https://raw.githubusercontent.com/PokeAPI/sprites/master/sprites/pokemon/10002.png,0.1929133858267716,0.3513513513513513,0.6326530612244898,0.2912621359223301,0.6086956521739131,0.4358974358974359
1027,10003,Deoxys-Speed,Psychic,None,50,95,90,95,90,180,600,1.7,60.8,270.0,['pressure'],,generation-3,,,False,red,humanoid,no-eggs,rare,slow,3,0,DNA Pokémon,202,The DNA of a space virus underwent a sudden mutation upon exposure to a laser beam and resulted in DEOXYS. The crystalline organ on this POKéMON’s chest appears to be its brain.,https://raw.githubusercontent.com/PokeAPI/sprites/master/sprites/pokemon/10003.png,0.1929133858267716,0.4864864864864865,0.3469387755102041,0.4126213592233009,0.3043478260869565,0.8974358974358975
1028,10004,Wormadam-Sandy,Bug,Ground,60,79,105,59,85,36,424,0.5,6.5,148.0,"['anticipation', 'overcoat']",overcoat,generation-4,,,False,green,blob,bug,,medium,45,70,Bagworm Pokémon,213,"When BURMY evolved, its cloak became a part of this Pokémon’s body. The cloak is never shed.",https://raw.githubusercontent.com/PokeAPI/sprites/master/sprites/pokemon/10004.png,0.2322834645669291,0.4,0.4081632653061224,0.2378640776699029,0.2826086956521739,0.1589743589743589
1029,10005,Wormadam-Trash,Bug,Steel,60,69,95,69,95,36,424,0.5,6.5,148.0,"['anticipation', 'overcoat']",overcoat,generation-4,,,False,green,blob,bug,,medium,45,70,Bagworm Pokémon,213,"When BURMY evolved, its cloak became a part of this Pokémon’s body. The cloak is never shed.",https://raw.githubusercontent.com/PokeAPI/sprites/master/sprites/pokemon/10005.png,0.2322834645669291,0.3459459459459459,0.3673469387755102,0.2864077669902912,0.3260869565217391,0.1589743589743589
1030,10006,Shaymin-Sky,Grass,Flying,100,103,75,120,75,127,600,0.4,5.2,270.0,['serene-grace'],,generation-4,,,False,green,quadruped,no-eggs,,medium-slow,45,100,Gratitude Pokémon,253,It lives in flower patches and avoids detection by curling up to look like a flowering plant.,https://raw.githubusercontent.com/PokeAPI/sprites/master/sprites/pokemon/10006.png,0.389763779527559,0.5297297297297298,0.2857142857142857,0.5339805825242718,0.2391304347826087,0.6256410256410256
1031,10007,Giratina-Origin,Ghost,Dragon,150,120,100,120,100,90,680,6.9,650.0,340.0,['levitate'],,generation-4,,,False,black,tentacles,no-eggs,,slow,3,0,Renegade Pokémon,248,A Pokémon that is said to live in a world on the reverse side of ours. It appears in an ancient cemetery.,https://raw.githubusercontent.com/PokeAPI/sprites/master/sprites/pokemon/10007.png,0.5866141732283464,0.6216216216216216,0.3877551020408163,0.5339805825242718,0.3478260869565217,0.4358974358974359
1032,10008,Rotom-Heat,Electric,Fire,50,65,107,105,107,86,520,0.3,0.3,182.0,['levitate'],,generation-4,,,False,red,ball,indeterminate,,medium,45,70,Plasma Pokémon,240,Its body is composed of plasma. It is known to infiltrate electronic devices and wreak havoc.,https://raw.githubusercontent.com/PokeAPI/sprites/master/sprites/pokemon/10008.png,0.1929133858267716,0.3243243243243243,0.4163265306122449,0.4611650485436893,0.3782608695652174,0.4153846153846154
1033,10009,Rotom-Wash,Electric,Water,50,65,107,105,107,86,520,0.3,0.3,182.0,['levitate'],,generation-4,,,False,red,ball,indeterminate,,medium,45,70,Plasma Pokémon,240,Its body is composed of plasma. It is known to infiltrate electronic devices and wreak havoc.,https://raw.githubusercontent.com/PokeAPI/sprites/master/sprites/pokemon/10009.png,0.1929133858267716,0.3243243243243243,0.4163265306122449,0.4611650485436893,0.3782608695652174,0.4153846153846154
1034,10010,Rotom-Frost,Electric,Ice,50,65,107,105,107,86,520,0.3,0.3,182.0,['levitate'],,generation-4,,,False,red,ball,indeterminate,,medium,45,70,Plasma Pokémon,240,Its body is composed of plasma. It is known to infiltrate electronic devices and wreak havoc.,https://raw.githubusercontent.com/PokeAPI/sprites/master/sprites/pokemon/10010.png,0.1929133858267716,0.3243243243243243,0.4163265306122449,0.4611650485436893,0.3782608695652174,0.4153846153846154
1035,10011,Rotom-Fan,Electric,Flying,50,65,107,105,107,86,520,0.3,0.3,182.0,['levitate'],,generation-4,,,False,red,ball,indeterminate,,medium,45,70,Plasma Pokémon,240,Its body is composed of plasma. It is known to infiltrate electronic devices and wreak havoc.,https://raw.githubusercontent.com/PokeAPI/sprites/master/sprites/pokemon/10011.png,0.1929133858267716,0.3243243243243243,0.4163265306122449,0.4611650485436893,0.3782608695652174,0.4153846153846154
1036,10012,Rotom-Mow,Electric,Grass,50,65,107,105,107,86,520,0.3,0.3,182.0,['levitate'],,generation-4,,,False,red,ball,indeterminate,,medium,45,70,Plasma Pokémon,240,Its body is composed of plasma. It is known to infiltrate electronic devices and wreak havoc.,https://raw.githubusercontent.com/PokeAPI/sprites/master/sprites/pokemon/10012.png,0.1929133858267716,0.3243243243243243,0.4163265306122449,0.4611650485436893,0.3782608695652174,0.4153846153846154
1037,10013,Castform-Sunny,Fire,None,70,70,70,70,70,70,420,0.3,0.8,147.0,['forecast'],,generation-3,,,False,gray,ball,fairy|indeterminate,grassland,medium,45,70,Weather Pokémon,179,CASTFORM’s appearance changes with the weather. This POKéMON gained the ability to use the vast power of nature to protect its tiny body.,https://raw.githubusercontent.com/PokeAPI/sprites/master/sprites/pokemon/10013.png,0.2716535433070866,0.3513513513513513,0.2653061224489796,0.2912621359223301,0.217391304347826,0.3333333333333333
1038,10014,Castform-Rainy,Water,None,70,70,70,70,70,70,420,0.3,0.8,147.0,['forecast'],,generation-3,,,False,gray,ball,fairy|indeterminate,grassland,medium,45,70,Weather Pokémon,179,CASTFORM’s appearance changes with the weather. This POKéMON gained the ability to use the vast power of nature to protect its tiny body.,https://raw.githubusercontent.com/PokeAPI/sprites/master/sprites/pokemon/10014.png,0.2716535433070866,0.3513513513513513,0.2653061224489796,0.2912621359223301,0.217391304347826,0.3333333333333333
1039,10015,Castform-Snowy,Ice,None,70,70,70,70,70,70,420,0.3,0.8,147.0,['forecast'],,generation-3,,,False,gray,ball,fairy|indeterminate,grassland,medium,45,70,Weather Pokémon,179,CASTFORM’s appearance changes with the weather. This POKéMON gained the ability to use the vast power of nature to protect its tiny body.,https://raw.githubusercontent.com/PokeAPI/sprites/master/sprites/pokemon/10015.png,0.2716535433070866,0.3513513513513513,0.2653061224489796,0.2912621359223301,0.217391304347826,0.3333333333333333
1040,10016,Basculin-Blue-Striped,Water,None,70,92,65,80,55,98,460,1.0,18.0,161.0,"['rock-head', 'adaptability', 'mold-breaker']",mold-breaker,generation-5,,,False,green,fish,water2,,medium,25,70,Hostile Pokémon,280,"Red and blue Basculin get along so poorly, they’ll start fighting instantly. These Pokémon are very hostile.",https://raw.githubusercontent.com/PokeAPI/sprites/master/sprites/pokemon/10016.png,0.2716535433070866,0.4702702702702703,0.2448979591836734,0.3398058252427184,0.1521739130434782,0.4769230769230769
1041,10017,Darmanitan-Zen,Fire,Psychic,105,30,105,140,105,55,540,1.3,92.9,189.0,"['sheer-force', 'zen-mode']",zen-mode,generation-5,,,False,red,quadruped,ground,,medium-slow,60,70,Blazing Pokémon,282,"Its internal fire burns at 2,500° F, making enough power that it can destroy a dump truck with one punch.",https://raw.githubusercontent.com/PokeAPI/sprites/master/sprites/pokemon/10017.png,0.4094488188976378,0.1351351351351351,0.4081632653061224,0.6310679611650486,0.3695652173913043,0.2564102564102564
1042,10018,Meloetta-Pirouette,Normal,Fighting,100,128,90,77,77,128,600,0.6,6.5,270.0,['serene-grace'],,generation-5,,,False,white,humanoid,no-eggs,,slow,3,100,Melody Pokémon,335,Its melodies are sung with a special vocalization method that can control the feelings of those who hear it.,https://raw.githubusercontent.com/PokeAPI/sprites/master/sprites/pokemon/10018.png,0.389763779527559,0.6648648648648648,0.3469387755102041,0.3252427184466019,0.2478260869565217,0.6307692307692307
1043,10019,Tornadus-Therian,Flying,None,79,100,80,110,90,121,580,1.4,63.0,290.0,['regenerator'],,generation-5,,,False,green,arms,no-eggs,,slow,3,90,Cyclone Pokémon,328,The lower half of its body is wrapped in a cloud of energy. It zooms through the sky at 200 mph.,https://raw.githubusercontent.com/PokeAPI/sprites/master/sprites/pokemon/10019.png,0.3070866141732283,0.5135135135135135,0.3061224489795918,0.4854368932038835,0.3043478260869565,0.5948717948717949
1044,10020,Thundurus-Therian,Electric,Flying,79,105,70,145,80,101,580,3.0,61.0,290.0,['volt-absorb'],,generation-5,,,False,blue,arms,no-eggs,,slow,3,90,Bolt Strike Pokémon,329,Countless charred remains mar the landscape of places through which Thundurus has passed.,https://raw.githubusercontent.com/PokeAPI/sprites/master/sprites/pokemon/10020.png,0.3070866141732283,0.5405405405405406,0.2653061224489796,0.6553398058252428,0.2608695652173913,0.4923076923076923
1045,10021,Landorus-Therian,Ground,Flying,89,145,90,105,80,91,600,1.3,68.0,300.0,['intimidate'],,generation-5,,,False,brown,arms,no-eggs,,slow,3,90,Abundance Pokémon,332,Lands visited by Landorus grant such bountiful crops that it has been hailed as “The Guardian of the Fields.”,https://raw.githubusercontent.com/PokeAPI/sprites/master/sprites/pokemon/10021.png,0.3464566929133858,0.7567567567567568,0.3469387755102041,0.4611650485436893,0.2608695652173913,0.441025641025641
1046,10022,Kyurem-Black,Dragon,Ice,125,170,100,120,90,95,700,3.3,325.0,350.0,['teravolt'],,generation-5,,,False,gray,upright,no-eggs,,slow,3,0,Boundary Pokémon,333,"It generates a powerful, freezing energy inside itself, but its body became frozen when the energy leaked out.",https://raw.githubusercontent.com/PokeAPI/sprites/master/sprites/pokemon/10022.png,0.4881889763779528,0.8918918918918919,0.3877551020408163,0.5339805825242718,0.3043478260869565,0.4615384615384615
1047,10023,Kyurem-White,Dragon,Ice,125,120,90,170,100,95,700,3.6,325.0,350.0,['turboblaze'],,generation-5,,,False,gray,upright,no-eggs,,slow,3,0,Boundary Pokémon,333,"It generates a powerful, freezing energy inside itself, but its body became frozen when the energy leaked out.",https://raw.githubusercontent.com/PokeAPI/sprites/master/sprites/pokemon/10023.png,0.4881889763779528,0.6216216216216216,0.3469387755102041,0.7766990291262136,0.3478260869565217,0.4615384615384615
1048,10024,Keldeo-Resolute,Water,Fighting,91,72,90,129,90,108,580,1.4,48.5,290.0,['justified'],,generation-5,,,False,yellow,quadruped,no-eggs,,slow,3,35,Colt Pokémon,334,"By blasting water from its hooves, it can glide across water. It excels at using leg moves while battling.",https://raw.githubusercontent.com/PokeAPI/sprites/master/sprites/pokemon/10024.png,0.3543307086614173,0.3621621621621622,0.3469387755102041,0.5776699029126213,0.3043478260869565,0.5282051282051282
1049,10025,Meowstic-Female,Psychic,None,74,48,76,83,81,104,466,0.6,8.5,163.0,"['keen-eye', 'infiltrator', 'competitive']",competitive,generation-6,,,False,blue,upright,ground,,medium,75,70,Constraint Pokémon,348,"When in danger, it raises its ears and releases enough psychic power to grind a 10-ton truck into dust.",https://raw.githubusercontent.com/PokeAPI/sprites/master/sprites/pokemon/10025.png,0.2874015748031496,0.2324324324324324,0.2897959183673469,0.3543689320388349,0.2652173913043478,0.5076923076923077
1050,10026,Aegislash-Blade,Steel,Ghost,60,140,50,140,50,60,500,1.7,53.0,250.0,['stance-change'],,generation-6,,,False,brown,blob,mineral,,medium,45,70,Royal Sword Pokémon,349,"Generations of kings were attended by these Pokémon, which used their spectral power to manipulate and control people and Pokémon.",https://raw.githubusercontent.com/PokeAPI/sprites/master/sprites/pokemon/10026.png,0.2322834645669291,0.7297297297297297,0.1836734693877551,0.6310679611650486,0.1304347826086956,0.282051282051282
1051,10027,Pumpkaboo-Small,Ghost,Grass,44,66,70,44,55,56,335,0.3,3.5,67.0,"['pickup', 'frisk', 'insomnia']",insomnia,generation-6,,,False,brown,ball,indeterminate,,medium,120,70,Pumpkin Pokémon,365,"The pumpkin body is inhabited by a spirit trapped in this world. As the sun sets, it becomes restless and active.",https://raw.githubusercontent.com/PokeAPI/sprites/master/sprites/pokemon/10027.png,0.1692913385826771,0.3297297297297297,0.2653061224489796,0.1650485436893204,0.1521739130434782,0.2615384615384615
1052,10028,Pumpkaboo-Large,Ghost,Grass,54,66,70,44,55,46,335,0.5,7.5,67.0,"['pickup', 'frisk', 'insomnia']",insomnia,generation-6,,,False,brown,ball,indeterminate,,medium,120,70,Pumpkin Pokémon,365,"The pumpkin body is inhabited by a spirit trapped in this world. As the sun sets, it becomes restless and active.",https://raw.githubusercontent.com/PokeAPI/sprites/master/sprites/pokemon/10028.png,0.2086614173228346,0.3297297297297297,0.2653061224489796,0.1650485436893204,0.1521739130434782,0.2102564102564102
1053,10029,Pumpkaboo-Super,Ghost,Grass,59,66,70,44,55,41,335,0.8,15.0,67.0,"['pickup', 'frisk', 'insomnia']",insomnia,generation-6,,,False,brown,ball,indeterminate,,medium,120,70,Pumpkin Pokémon,365,"The pumpkin body is inhabited by a spirit trapped in this world. As the sun sets, it becomes restless and active.",https://raw.githubusercontent.com/PokeAPI/sprites/master/sprites/pokemon/10029.png,0.2283464566929134,0.3297297297297297,0.2653061224489796,0.1650485436893204,0.1521739130434782,0.1846153846153846
1054,10030,Gourgeist-Small,Ghost,Grass,55,85,122,58,75,99,494,0.7,9.5,173.0,"['pickup', 'frisk', 'insomnia']",insomnia,generation-6,,,False,brown,blob,indeterminate,,medium,60,70,Pumpkin Pokémon,365,"Singing in eerie voices, they wander town streets on the night of the new moon. Anyone who hears their song is cursed.",https://raw.githubusercontent.com/PokeAPI/sprites/master/sprites/pokemon/10030.png,0.2125984251968504,0.4324324324324324,0.4775510204081633,0.233009708737864,0.2391304347826087,0.482051282051282
1055,10031,Gourgeist-Large,Ghost,Grass,75,95,122,58,75,69,494,1.1,14.0,173.0,"['pickup', 'frisk', 'insomnia']",insomnia,generation-6,,,False,brown,blob,indeterminate,,medium,60,70,Pumpkin Pokémon,365,"Singing in eerie voices, they wander town streets on the night of the new moon. Anyone who hears their song is cursed.",https://raw.githubusercontent.com/PokeAPI/sprites/master/sprites/pokemon/10031.png,0.2913385826771653,0.4864864864864865,0.4775510204081633,0.233009708737864,0.2391304347826087,0.3282051282051282
1056,10032,Gourgeist-Super,Ghost,Grass,85,100,122,58,75,54,494,1.7,39.0,173.0,"['pickup', 'frisk', 'insomnia']",insomnia,generation-6,,,False,brown,blob,indeterminate,,medium,60,70,Pumpkin Pokémon,365,"Singing in eerie voices, they wander town streets on the night of the new moon. Anyone who hears their song is cursed.",https://raw.githubusercontent.com/PokeAPI/sprites/master/sprites/pokemon/10032.png,0.3307086614173228,0.5135135135135135,0.4775510204081633,0.233009708737864,0.2391304347826087,0.2512820512820513
1057,10033,Venusaur-Mega,Grass,Poison,80,100,123,122,120,80,625,2.4,155.5,281.0,['thick-fat'],,generation-1,,,False,green,quadruped,monster|plant,grassland,medium-slow,45,70,Seed Pokémon,1,The plant blooms when it is absorbing solar energy. It stays on the move to seek sunlight.,https://raw.githubusercontent.com/PokeAPI/sprites/master/sprites/pokemon/10033.png,0.3110236220472441,0.5135135135135135,0.4816326530612245,0.5436893203883495,0.4347826086956521,0.3846153846153846
1058,10034,Charizard-Mega-X,Fire,Dragon,78,130,111,130,85,100,634,1.7,110.5,285.0,['tough-claws'],,generation-1,,,False,red,upright,monster|dragon,mountain,medium-slow,45,70,Flame Pokémon,2,Spits fire that is hot enough to melt boulders. Known to cause forest fires unintentionally.,https://raw.githubusercontent.com/PokeAPI/sprites/master/sprites/pokemon/10034.png,0.3031496062992126,0.6756756756756757,0.4326530612244898,0.5825242718446602,0.2826086956521739,0.4871794871794871
1059,10035,Charizard-Mega-Y,Fire,Flying,78,104,78,159,115,100,634,1.7,100.5,285.0,['drought'],,generation-1,,,False,red,upright,monster|dragon,mountain,medium-slow,45,70,Flame Pokémon,2,Spits fire that is hot enough to melt boulders. Known to cause forest fires unintentionally.,https://raw.githubusercontent.com/PokeAPI/sprites/master/sprites/pokemon/10035.png,0.3031496062992126,0.5351351351351351,0.2979591836734694,0.7233009708737864,0.4130434782608695,0.4871794871794871
1060,10036,Blastoise-Mega,Water,None,79,103,120,135,115,78,630,1.6,101.1,284.0,['mega-launcher'],,generation-1,,,False,blue,upright,monster|water1,waters-edge,medium-slow,45,70,Shellfish Pokémon,3,A brutal POKéMON with pressurized water jets on its shell. They are used for high speed tackles.,https://raw.githubusercontent.com/PokeAPI/sprites/master/sprites/pokemon/10036.png,0.3070866141732283,0.5297297297297298,0.4693877551020408,0.6067961165048543,0.4130434782608695,0.3743589743589743
1061,10037,Alakazam-Mega,Psychic,None,55,50,65,175,105,150,600,1.2,48.0,270.0,['trace'],,generation-1,,,False,brown,humanoid,humanshape,urban,medium-slow,50,70,Psi Pokémon,27,"Its brain can out­ perform a super­ computer. Its intelligence quotient is said to be 5,000.",https://raw.githubusercontent.com/PokeAPI/sprites/master/sprites/pokemon/10037.png,0.2125984251968504,0.2432432432432432,0.2448979591836734,0.8009708737864077,0.3695652173913043,0.7435897435897436
1062,10038,Gengar-Mega,Ghost,Poison,60,65,80,170,95,130,600,1.4,40.5,270.0,['shadow-tag'],,generation-1,,,False,purple,upright,indeterminate,cave,medium-slow,45,70,Shadow Pokémon,40,"Under a full moon, this POKéMON likes to mimic the shadows of people and laugh at their fright.",https://raw.githubusercontent.com/PokeAPI/sprites/master/sprites/pokemon/10038.png,0.2322834645669291,0.3243243243243243,0.3061224489795918,0.7766990291262136,0.3260869565217391,0.6410256410256411
1063,10039,Kangaskhan-Mega,Normal,None,105,125,100,60,100,100,590,2.2,100.0,207.0,['parental-bond'],,generation-1,,,False,brown,upright,monster,grassland,medium,45,70,Parent Pokémon,53,The infant rarely ventures out of its mother's protective pouch until it is 3 years old.,https://raw.githubusercontent.com/PokeAPI/sprites/master/sprites/pokemon/10039.png,0.4094488188976378,0.6486486486486487,0.3877551020408163,0.2427184466019417,0.3478260869565217,0.4871794871794871
1064,10040,Pinsir-Mega,Bug,Flying,65,155,120,65,90,105,600,1.7,59.0,210.0,['aerilate'],,generation-1,,,False,brown,humanoid,bug,forest,slow,45,70,Stag Beetle Pokémon,62,"If it fails to crush the victim in its pincers, it will swing it around and toss it hard.",https://raw.githubusercontent.com/PokeAPI/sprites/master/sprites/pokemon/10040.png,0.2519685039370078,0.8108108108108109,0.4693877551020408,0.2669902912621359,0.3043478260869565,0.5128205128205128
1065,10041,Gyarados-Mega,Water,Dark,95,155,109,70,130,81,640,6.5,305.0,224.0,['mold-breaker'],,generation-1,,,False,blue,squiggle,water2|dragon,waters-edge,slow,45,70,Atrocious Pokémon,64,"Once it begins to rampage, a GYARADOS will burn everything down, even in a harsh storm.",https://raw.githubusercontent.com/PokeAPI/sprites/master/sprites/pokemon/10041.png,0.3700787401574803,0.8108108108108109,0.4244897959183673,0.2912621359223301,0.4782608695652174,0.3897435897435897
1066,10042,Aerodactyl-Mega,Rock,Flying,80,135,85,70,95,150,615,2.1,79.0,215.0,['tough-claws'],,generation-1,,,False,purple,wings,flying,mountain,slow,45,70,Fossil Pokémon,71,A Pokémon that roamed the skies in the dinosaur era. Its teeth are like saw blades.,https://raw.githubusercontent.com/PokeAPI/sprites/master/sprites/pokemon/10042.png,0.3110236220472441,0.7027027027027027,0.3265306122448979,0.2912621359223301,0.3260869565217391,0.7435897435897436
1067,10043,Mewtwo-Mega-X,Psychic,Fighting,106,190,100,154,100,130,780,2.3,127.0,351.0,['steadfast'],,generation-1,,,False,purple,upright,no-eggs,rare,slow,3,0,Genetic Pokémon,77,It was created by a scientist after years of horrific gene splicing and DNA engineering experiments.,https://raw.githubusercontent.com/PokeAPI/sprites/master/sprites/pokemon/10043.png,0.4133858267716535,1.0,0.3877551020408163,0.6990291262135923,0.3478260869565217,0.6410256410256411
1068,10044,Mewtwo-Mega-Y,Psychic,None,106,150,70,194,120,140,780,1.5,33.0,351.0,['insomnia'],,generation-1,,,False,purple,upright,no-eggs,rare,slow,3,0,Genetic Pokémon,77,It was created by a scientist after years of horrific gene splicing and DNA engineering experiments.,https://raw.githubusercontent.com/PokeAPI/sprites/master/sprites/pokemon/10044.png,0.4133858267716535,0.7837837837837838,0.2653061224489796,0.8932038834951457,0.4347826086956521,0.6923076923076923
1069,10045,Ampharos-Mega,Electric,Dragon,90,95,105,165,110,45,610,1.4,61.5,275.0,['mold-breaker'],,generation-2,,,False,yellow,upright,monster|ground,grassland,medium-slow,45,70,Light Pokémon,89,The tail's tip shines brightly and can be seen from far away. It acts as a beacon for lost people.,https://raw.githubusercontent.com/PokeAPI/sprites/master/sprites/pokemon/10045.png,0.3503937007874015,0.4864864864864865,0.4081632653061224,0.7524271844660194,0.391304347826087,0.2051282051282051
1070,10046,Scizor-Mega,Bug,Steel,70,150,140,65,100,75,600,2.0,125.0,210.0,['technician'],,generation-2,,,False,red,bug-wings,bug,grassland,medium,25,70,Pincer Pokémon,58,It has a steel-hard body. It intimidates foes by upraising its eye-patterned pincers.,https://raw.githubusercontent.com/PokeAPI/sprites/master/sprites/pokemon/10046.png,0.2716535433070866,0.7837837837837838,0.5510204081632653,0.2669902912621359,0.3478260869565217,0.358974358974359
1071,10047,Heracross-Mega,Bug,Fighting,80,185,115,40,105,75,600,1.7,62.5,210.0,['skill-link'],,generation-2,,,False,blue,humanoid,bug,forest,slow,45,70,Single Horn Pokémon,108,"It is usually docile, but if it is disturbed while sipping honey, it chases off the intruder with its horn.",https://raw.githubusercontent.com/PokeAPI/sprites/master/sprites/pokemon/10047.png,0.3110236220472441,0.972972972972973,0.4489795918367347,0.145631067961165,0.3695652173913043,0.358974358974359
1072,10048,Houndoom-Mega,Dark,Fire,75,90,90,140,90,115,600,1.9,49.5,210.0,['solar-power'],,generation-2,,,False,black,quadruped,ground,rough-terrain,slow,45,35,Dark Pokémon,118,"If you are burned by the flames it shoots from its mouth, the pain will never go away.",https://raw.githubusercontent.com/PokeAPI/sprites/master/sprites/pokemon/10048.png,0.2913385826771653,0.4594594594594595,0.3469387755102041,0.6310679611650486,0.3043478260869565,0.5641025641025641
1073,10049,Tyranitar-Mega,Rock,Dark,100,164,150,95,120,71,700,2.5,255.0,315.0,['sand-stream'],,generation-2,,,False,green,upright,monster,mountain,slow,45,35,Armor Pokémon,126,"Its body can't be harmed by any sort of attack, so it is very eager to make challenges against enemies.",https://raw.githubusercontent.com/PokeAPI/sprites/master/sprites/pokemon/10049.png,0.389763779527559,0.8594594594594595,0.5918367346938775,0.4126213592233009,0.4347826086956521,0.3384615384615385
1074,10050,Blaziken-Mega,Fire,Fighting,80,160,80,130,80,100,630,1.9,52.0,284.0,['speed-boost'],,generation-3,,,False,red,upright,ground,grassland,medium-slow,45,70,Blaze Pokémon,131,"In battle, BLAZIKEN blows out intense flames from its wrists and attacks foes courageously. The stronger the foe, the more intensely this POKéMON’s wrists burn.",https://raw.githubusercontent.com/PokeAPI/sprites/master/sprites/pokemon/10050.png,0.3110236220472441,0.8378378378378378,0.3061224489795918,0.5825242718446602,0.2608695652173913,0.4871794871794871
1075,10051,Gardevoir-Mega,Psychic,Fairy,68,85,65,165,135,100,618,1.6,48.4,278.0,['pixilate'],,generation-3,,,False,white,humanoid,humanshape|indeterminate,urban,slow,45,35,Embrace Pokémon,140,"GARDEVOIR has the ability to read the future. If it senses impending danger to its TRAINER, this POKéMON is said to unleash its psychokinetic energy at full power.",https://raw.githubusercontent.com/PokeAPI/sprites/master/sprites/pokemon/10051.png,0.2637795275590551,0.4324324324324324,0.2448979591836734,0.7524271844660194,0.5,0.4871794871794871
1076,10052,Mawile-Mega,Steel,Fairy,50,105,125,55,95,50,480,1.0,23.5,168.0,['huge-power'],,generation-3,,,False,black,humanoid,ground|fairy,cave,fast,45,70,Deceiver Pokémon,150,"MAWHILE’s huge jaws are actually steel horns that have been transformed. Its docile-looking face serves to lull its foe into letting down its guard. When the foe least expects it, MAWHILE chomps it with its gaping jaws.",https://raw.githubusercontent.com/PokeAPI/sprites/master/sprites/pokemon/10052.png,0.1929133858267716,0.5405405405405406,0.4897959183673469,0.2184466019417475,0.3260869565217391,0.2307692307692307
1077,10053,Aggron-Mega,Steel,None,70,140,230,60,80,50,630,2.2,395.0,284.0,['filter'],,generation-3,,,False,gray,upright,monster,mountain,slow,45,35,Iron Armor Pokémon,151,AGGRON claims an entire mountain as its own territory. It mercilessly beats up anything that violates its environment. This POKéMON vigilantly patrols its territory at all times.,https://raw.githubusercontent.com/PokeAPI/sprites/master/sprites/pokemon/10053.png,0.2716535433070866,0.7297297297297297,0.9183673469387756,0.2427184466019417,0.2608695652173913,0.2307692307692307
1078,10054,Medicham-Mega,Fighting,Psychic,60,100,85,80,85,100,510,1.3,31.5,179.0,['pure-power'],,generation-3,,,False,red,humanoid,humanshape,mountain,medium,90,70,Meditate Pokémon,152,"It is said that through meditation, MEDICHAM heightens energy inside its body and sharpens its sixth sense. This POKéMON hides its presence by merging itself with fields and mountains.",https://raw.githubusercontent.com/PokeAPI/sprites/master/sprites/pokemon/10054.png,0.2322834645669291,0.5135135135135135,0.3265306122448979,0.3398058252427184,0.2826086956521739,0.4871794871794871
1079,10055,Manectric-Mega,Electric,None,70,75,80,135,80,135,575,1.8,44.0,201.0,['intimidate'],,generation-3,,,False,yellow,quadruped,ground,grassland,slow,45,70,Discharge Pokémon,153,"MANECTRIC is constantly discharging electricity from its mane. The sparks sometimes ignite forest fires. When it enters a battle, this POKéMON creates thunderclouds.",https://raw.githubusercontent.com/PokeAPI/sprites/master/sprites/pokemon/10055.png,0.2716535433070866,0.3783783783783784,0.3061224489795918,0.6067961165048543,0.2608695652173913,0.6666666666666666
1080,10056,Banette-Mega,Ghost,None,64,165,75,93,83,75,555,1.2,13.0,194.0,['prankster'],,generation-3,,,False,black,upright,indeterminate,urban,fast,45,35,Marionette Pokémon,181,BANETTE generates energy for laying strong curses by sticking pins into its own body. This POKéMON was originally a pitiful plush doll that was thrown away.,https://raw.githubusercontent.com/PokeAPI/sprites/master/sprites/pokemon/10056.png,0.2480314960629921,0.8648648648648649,0.2857142857142857,0.4029126213592233,0.2739130434782608,0.358974358974359
1081,10057,Absol-Mega,Dark,None,65,150,60,115,60,115,565,1.2,49.0,198.0,['magic-bounce'],,generation-3,,,False,white,quadruped,ground,mountain,medium-slow,30,35,Disaster Pokémon,185,"Every time ABSOL appears before people, it is followed by a disaster such as an earthquake or a tidal wave. As a result, it came to be known as the disaster POKéMON.",https://raw.githubusercontent.com/PokeAPI/sprites/master/sprites/pokemon/10057.png,0.2519685039370078,0.7837837837837838,0.2244897959183673,0.5097087378640777,0.1739130434782608,0.5641025641025641
1082,10058,Garchomp-Mega,Dragon,Ground,108,170,115,120,95,92,700,1.9,95.0,315.0,['sand-force'],,generation-4,,,False,blue,upright,monster|dragon,,slow,45,70,Mach Pokémon,230,"When it folds up its body and extends its wings, it looks like a jet plane. It flies at sonic speed.",https://raw.githubusercontent.com/PokeAPI/sprites/master/sprites/pokemon/10058.png,0.421259842519685,0.8918918918918919,0.4489795918367347,0.5339805825242718,0.3260869565217391,0.4461538461538462
1083,10059,Lucario-Mega,Fighting,Steel,70,145,88,140,70,112,625,1.3,57.5,219.0,['adaptability'],,generation-4,,,False,blue,upright,ground|humanshape,,medium-slow,45,70,Aura Pokémon,232,It has the ability to sense the auras of all things. It understands human speech.,https://raw.githubusercontent.com/PokeAPI/sprites/master/sprites/pokemon/10059.png,0.2716535433070866,0.7567567567567568,0.3387755102040816,0.6310679611650486,0.217391304347826,0.5487179487179488
1084,10060,Abomasnow-Mega,Grass,Ice,90,132,105,132,105,30,594,2.7,185.0,208.0,['snow-warning'],,generation-4,,,False,white,upright,monster|plant,,slow,60,70,Frost Tree Pokémon,239,It whips up blizzards in mountains that are always buried in snow. It is the abominable snowman.,https://raw.githubusercontent.com/PokeAPI/sprites/master/sprites/pokemon/10060.png,0.3503937007874015,0.6864864864864865,0.4081632653061224,0.5922330097087378,0.3695652173913043,0.1282051282051282
1085,10061,Floette-Eternal,Fairy,None,74,65,67,125,128,92,551,0.2,0.9,243.0,"['flower-veil', 'symbiosis']",symbiosis,generation-6,,,False,white,arms,fairy,,medium,120,70,Single Bloom Pokémon,344,It flutters around fields of flowers and cares for flowers that are starting to wilt. It draws out the hidden power of flowers to battle.,https://raw.githubusercontent.com/PokeAPI/sprites/master/sprites/pokemon/10061.png,0.2874015748031496,0.3243243243243243,0.2530612244897959,0.558252427184466,0.4695652173913043,0.4461538461538462
1086,10062,Latias-Mega,Dragon,Psychic,80,100,120,140,150,110,700,1.8,52.0,315.0,['levitate'],,generation-3,,,False,red,wings,no-eggs,waters-edge,slow,3,90,Eon Pokémon,196,"LATIAS is highly sensitive to the emotions of people. If it senses any hostility, this POKéMON ruffles the feathers all over its body and cries shrilly to intimidate the foe.",https://raw.githubusercontent.com/PokeAPI/sprites/master/sprites/pokemon/10062.png,0.3110236220472441,0.5135135135135135,0.4693877551020408,0.6310679611650486,0.5652173913043478,0.5384615384615384
1087,10063,Latios-Mega,Dragon,Psychic,80,130,100,160,120,110,700,2.3,70.0,315.0,['levitate'],,generation-3,,,False,blue,wings,no-eggs,waters-edge,slow,3,90,Eon Pokémon,197,LATIOS has the ability to make its foe see an image of what it has seen or imagines in its head. This POKéMON is intelligent and understands human speech.,https://raw.githubusercontent.com/PokeAPI/sprites/master/sprites/pokemon/10063.png,0.3110236220472441,0.6756756756756757,0.3877551020408163,0.7281553398058253,0.4347826086956521,0.5384615384615384
1088,10064,Swampert-Mega,Water,Ground,100,150,110,95,110,70,635,1.9,102.0,286.0,['swift-swim'],,generation-3,,,False,blue,upright,monster|water1,waters-edge,medium-slow,45,70,Mud Fish Pokémon,132,SWAMPERT is very strong. It has enough power to easily drag a boulder weighing more than a ton. This POKéMON also has powerful vision that lets it see even in murky water.,https://raw.githubusercontent.com/PokeAPI/sprites/master/sprites/pokemon/10064.png,0.389763779527559,0.7837837837837838,0.4285714285714285,0.4126213592233009,0.391304347826087,0.3333333333333333
1089,10065,Sceptile-Mega,Grass,Dragon,70,110,75,145,85,145,630,1.9,55.2,284.0,['lightning-rod'],,generation-3,,,False,green,upright,monster|dragon,forest,medium-slow,45,70,Forest Pokémon,130,The leaves growing on SCEPTILE’s body are very sharp edged. This POKéMON is very agile - it leaps all over the branches of trees and jumps on its foe from above or behind.,https://raw.githubusercontent.com/PokeAPI/sprites/master/sprites/pokemon/10065.png,0.2716535433070866,0.5675675675675675,0.2857142857142857,0.6553398058252428,0.2826086956521739,0.717948717948718
1090,10066,Sableye-Mega,Dark,Ghost,50,85,125,85,115,20,480,0.5,161.0,168.0,['magic-bounce'],,generation-3,,,False,purple,humanoid,humanshape,cave,medium-slow,45,35,Darkness Pokémon,149,"SABLEYE lead quiet lives deep inside caverns. They are feared, however, because these POKéMON are thought to steal the spirits of people when their eyes burn with a sinister glow in the darkness.",https://raw.githubusercontent.com/PokeAPI/sprites/master/sprites/pokemon/10066.png,0.1929133858267716,0.4324324324324324,0.4897959183673469,0.3640776699029126,0.4130434782608695,0.0769230769230769
1091,10067,Altaria-Mega,Dragon,Fairy,75,110,110,110,105,80,590,1.5,20.6,207.0,['pixilate'],,generation-3,,,False,blue,wings,flying|dragon,forest,slow-then-very-fast,45,70,Humming Pokémon,168,"ALTARIA dances and wheels through the sky among billowing, cotton-like clouds. By singing melodies in its crystal-clear voice, this POKéMON makes its listeners experience dreamy wonderment.",https://raw.githubusercontent.com/PokeAPI/sprites/master/sprites/pokemon/10067.png,0.2913385826771653,0.5675675675675675,0.4285714285714285,0.4854368932038835,0.3695652173913043,0.3846153846153846
1092,10068,Gallade-Mega,Psychic,Fighting,68,165,95,65,115,110,618,1.6,56.4,278.0,['inner-focus'],,generation-4,,,False,white,humanoid,humanshape|indeterminate,,slow,45,35,Blade Pokémon,140,"A master of courtesy and swordsmanship, it fights using extending swords on its elbows.",https://raw.githubusercontent.com/PokeAPI/sprites/master/sprites/pokemon/10068.png,0.2637795275590551,0.8648648648648649,0.3673469387755102,0.2669902912621359,0.4130434782608695,0.5384615384615384
1093,10069,Audino-Mega,Normal,Fairy,103,60,126,80,126,50,545,1.5,32.0,425.0,['healer'],,generation-5,,,False,pink,upright,fairy,,fast,255,70,Hearing Pokémon,271,"It touches others with the feelers on its ears, using the sound of their heartbeats to tell how they are feeling.",https://raw.githubusercontent.com/PokeAPI/sprites/master/sprites/pokemon/10069.png,0.4015748031496063,0.2972972972972973,0.4938775510204081,0.3398058252427184,0.4608695652173913,0.2307692307692307
1094,10070,Sharpedo-Mega,Water,Dark,70,140,70,110,65,105,560,2.5,130.3,196.0,['strong-jaw'],,generation-3,,,False,blue,fish,water2,sea,slow,60,35,Brutal Pokémon,160,"Nicknamed “the bully of the sea,” SHARPEDO is widely feared. Its cruel fangs grow back immediately if they snap off. Just one of these POKéMON can thoroughly tear apart a supertanker.",https://raw.githubusercontent.com/PokeAPI/sprites/master/sprites/pokemon/10070.png,0.2716535433070866,0.7297297297297297,0.2653061224489796,0.4854368932038835,0.1956521739130435,0.5128205128205128
1095,10071,Slowbro-Mega,Water,Psychic,95,75,180,130,80,30,590,2.0,120.0,207.0,['shell-armor'],,generation-1,,,False,pink,upright,monster|water1,waters-edge,medium,75,70,Hermit Crab Pokémon,33,The SHELLDER that is latched onto SLOWPOKE's tail is said to feed on the host's left over scraps.,https://raw.githubusercontent.com/PokeAPI/sprites/master/sprites/pokemon/10071.png,0.3700787401574803,0.3783783783783784,0.7142857142857143,0.5825242718446602,0.2608695652173913,0.1282051282051282
1096,10072,Steelix-Mega,Steel,Ground,75,125,230,55,95,30,610,10.5,740.0,214.0,['sand-force'],,generation-2,,,False,gray,squiggle,mineral,cave,medium,25,70,Iron Snake Pokémon,41,It is thought its body transformed as a result of iron accumulating internally from swallowing soil.,https://raw.githubusercontent.com/PokeAPI/sprites/master/sprites/pokemon/10072.png,0.2913385826771653,0.6486486486486487,0.9183673469387756,0.2184466019417475,0.3260869565217391,0.1282051282051282
1097,10073,Pidgeot-Mega,Normal,Flying,83,80,80,135,80,121,579,2.2,50.5,261.0,['no-guard'],,generation-1,,,False,brown,wings,flying,forest,medium-slow,45,70,Bird Pokémon,6,"When hunting, it skims the surface of water at high speed to pick off unwary prey such as MAGIKARP.",https://raw.githubusercontent.com/PokeAPI/sprites/master/sprites/pokemon/10073.png,0.3228346456692913,0.4054054054054054,0.3061224489795918,0.6067961165048543,0.2608695652173913,0.5948717948717949
1098,10074,Glalie-Mega,Ice,None,80,120,80,120,80,100,580,2.1,350.2,203.0,['refrigerate'],,generation-3,,,False,gray,ball,fairy|mineral,cave,medium,75,70,Face Pokémon,186,"GLALIE has a body made of rock, which it hardens with an armor of ice. This POKéMON has the ability to freeze moisture in the atmosphere into any shape it desires.",https://raw.githubusercontent.com/PokeAPI/sprites/master/sprites/pokemon/10074.png,0.3110236220472441,0.6216216216216216,0.3061224489795918,0.5339805825242718,0.2608695652173913,0.4871794871794871
1099,10075,Diancie-Mega,Rock,Fairy,50,160,110,160,110,110,700,1.1,27.8,315.0,['magic-bounce'],,generation-6,,,False,pink,arms,no-eggs,,slow,3,70,Jewel Pokémon,371,"A sudden transformation of Carbink, its pink, glimmering body is said to be the loveliest sight in the whole world.",https://raw.githubusercontent.com/PokeAPI/sprites/master/sprites/pokemon/10075.png,0.1929133858267716,0.8378378378378378,0.4285714285714285,0.7281553398058253,0.391304347826087,0.5384615384615384
1100,10076,Metagross-Mega,Steel,Psychic,80,145,150,105,110,110,700,2.5,942.9,315.0,['tough-claws'],,generation-3,,,False,blue,heads,mineral,rough-terrain,slow,3,35,Iron Leg Pokémon,192,"METAGROSS has four brains in total. Combined, the four brains can breeze through difficult calculations faster than a supercomputer. This POKéMON can float in the air by tucking in its four legs.",https://raw.githubusercontent.com/PokeAPI/sprites/master/sprites/pokemon/10076.png,0.3110236220472441,0.7567567567567568,0.5918367346938775,0.4611650485436893,0.391304347826087,0.5384615384615384
1101,10077,Kyogre-Primal,Water,None,100,150,90,180,160,90,770,9.8,430.0,347.0,['primordial-sea'],,generation-3,,,False,blue,fish,no-eggs,sea,slow,3,0,Sea Basin Pokémon,198,KYOGRE has the power to create massive rain clouds that cover the entire sky and bring about torrential downpours. This POKéMON saved people who were suffering from droughts.,https://raw.githubusercontent.com/PokeAPI/sprites/master/sprites/pokemon/10077.png,0.389763779527559,0.7837837837837838,0.3469387755102041,0.8252427184466019,0.6086956521739131,0.4358974358974359
1102,10078,Groudon-Primal,Ground,Fire,100,180,160,150,90,90,770,5.0,999.7,347.0,['desolate-land'],,generation-3,,,False,red,upright,no-eggs,rough-terrain,slow,3,0,Continent Pokémon,199,GROUDON has long been described in  mythology as the POKéMON that raised lands and expanded continents. This POKéMON took to sleep after a cataclysmic battle with KYOGRE.,https://raw.githubusercontent.com/PokeAPI/sprites/master/sprites/pokemon/10078.png,0.389763779527559,0.945945945945946,0.6326530612244898,0.6796116504854369,0.3043478260869565,0.4358974358974359
1103,10079,Rayquaza-Mega,Dragon,Flying,105,180,100,180,100,115,780,10.8,392.0,351.0,['delta-stream'],,generation-3,,,False,green,squiggle,no-eggs,rare,slow,45,0,Sky High Pokémon,200,"RAYQUAZA lived for hundreds of millions of years in the earth’s ozone layer,  never descending to the ground. This POKéMON appears to feed on water and particles in the atmosphere.",https://raw.githubusercontent.com/PokeAPI/sprites/master/sprites/pokemon/10079.png,0.4094488188976378,0.945945945945946,0.3877551020408163,0.8252427184466019,0.3478260869565217,0.5641025641025641
1104,10080,Pikachu-Rock-Star,Electric,None,35,55,40,50,50,90,320,0.4,6.0,112.0,"['static', 'lightning-rod']",lightning-rod,generation-1,,,False,yellow,quadruped,ground|fairy,forest,medium,190,70,Mouse Pokémon,10,"When several of these POKéMON gather, their electricity could build and cause lightning storms.",https://raw.githubusercontent.com/PokeAPI/sprites/master/sprites/pokemon/10080.png,0.1338582677165354,0.2702702702702703,0.1428571428571428,0.1941747572815534,0.1304347826086956,0.4358974358974359
1105,10081,Pikachu-Belle,Electric,None,35,55,40,50,50,90,320,0.4,6.0,112.0,"['static', 'lightning-rod']",lightning-rod,generation-1,,,False,yellow,quadruped,ground|fairy,forest,medium,190,70,Mouse Pokémon,10,"When several of these POKéMON gather, their electricity could build and cause lightning storms.",https://raw.githubusercontent.com/PokeAPI/sprites/master/sprites/pokemon/10081.png,0.1338582677165354,0.2702702702702703,0.1428571428571428,0.1941747572815534,0.1304347826086956,0.4358974358974359
1106,10082,Pikachu-Pop-Star,Electric,None,35,55,40,50,50,90,320,0.4,6.0,112.0,"['static', 'lightning-rod']",lightning-rod,generation-1,,,False,yellow,quadruped,ground|fairy,forest,medium,190,70,Mouse Pokémon,10,"When several of these POKéMON gather, their electricity could build and cause lightning storms.",https://raw.githubusercontent.com/PokeAPI/sprites/master/sprites/pokemon/10082.png,0.1338582677165354,0.2702702702702703,0.1428571428571428,0.1941747572815534,0.1304347826086956,0.4358974358974359
1107,10083,Pikachu-Phd,Electric,None,35,55,40,50,50,90,320,0.4,6.0,112.0,"['static', 'lightning-rod']",lightning-rod,generation-1,,,False,yellow,quadruped,ground|fairy,forest,medium,190,70,Mouse Pokémon,10,"When several of these POKéMON gather, their electricity could build and cause lightning storms.",https://raw.githubusercontent.com/PokeAPI/sprites/master/sprites/pokemon/10083.png,0.1338582677165354,0.2702702702702703,0.1428571428571428,0.1941747572815534,0.1304347826086956,0.4358974358974359
1108,10084,Pikachu-Libre,Electric,None,35,55,40,50,50,90,320,0.4,6.0,112.0,"['static', 'lightning-rod']",lightning-rod,generation-1,,,False,yellow,quadruped,ground|fairy,forest,medium,190,70,Mouse Pokémon,10,"When several of these POKéMON gather, their electricity could build and cause lightning storms.",https://raw.githubusercontent.com/PokeAPI/sprites/master/sprites/pokemon/10084.png,0.1338582677165354,0.2702702702702703,0.1428571428571428,0.1941747572815534,0.1304347826086956,0.4358974358974359
1109,10085,Pikachu-Cosplay,Electric,None,35,55,40,50,50,90,320,0.4,6.0,112.0,"['static', 'lightning-rod']",lightning-rod,generation-1,,,False,yellow,quadruped,ground|fairy,forest,medium,190,70,Mouse Pokémon,10,"When several of these POKéMON gather, their electricity could build and cause lightning storms.",https://raw.githubusercontent.com/PokeAPI/sprites/master/sprites/pokemon/10085.png,0.1338582677165354,0.2702702702702703,0.1428571428571428,0.1941747572815534,0.1304347826086956,0.4358974358974359
1110,10086,Hoopa-Unbound,Psychic,Dark,80,160,60,170,130,80,680,6.5,490.0,306.0,['magician'],,generation-6,,,False,purple,arms,no-eggs,,slow,3,100,Mischief Pokémon,372,"This troublemaker sends anything and everything to faraway places using its loop, which can warp space.",https://raw.githubusercontent.com/PokeAPI/sprites/master/sprites/pokemon/10086.png,0.3110236220472441,0.8378378378378378,0.2244897959183673,0.7766990291262136,0.4782608695652174,0.3846153846153846
1111,10087,Camerupt-Mega,Fire,Ground,70,120,100,145,105,20,560,2.5,320.5,196.0,['sheer-force'],,generation-3,,,False,red,quadruped,ground,mountain,medium,150,70,Eruption Pokémon,162,"CAMERUPT has a volcano inside its body. Magma of 18,000 degrees F courses through its body. Occasionally, the humps on this POKéMON’s back erupt, spewing the superheated magma.",https://raw.githubusercontent.com/PokeAPI/sprites/master/sprites/pokemon/10087.png,0.2716535433070866,0.6216216216216216,0.3877551020408163,0.6553398058252428,0.3695652173913043,0.0769230769230769
1112,10088,Lopunny-Mega,Normal,Fighting,65,136,94,54,96,135,580,1.3,28.3,203.0,['scrappy'],,generation-4,,,False,brown,upright,ground|humanshape,,medium,60,140,Rabbit Pokémon,220,An extremely cautious Pokémon. It cloaks its body with its fluffy ear fur when it senses danger.,https://raw.githubusercontent.com/PokeAPI/sprites/master/sprites/pokemon/10088.png,0.2519685039370078,0.7081081081081081,0.363265306122449,0.2135922330097087,0.3304347826086956,0.6666666666666666
1113,10089,Salamence-Mega,Dragon,Flying,95,145,130,120,90,120,700,1.8,112.6,315.0,['aerilate'],,generation-3,,,False,blue,quadruped,dragon,rough-terrain,slow,45,35,Dragon Pokémon,191,"SALAMENCE came about as a result of a strong, long-held dream of growing wings. It is said that this powerful desire triggered a sudden mutation in this POKéMON’s cells, causing it to sprout its magnificent wings.",https://raw.githubusercontent.com/PokeAPI/sprites/master/sprites/pokemon/10089.png,0.3700787401574803,0.7567567567567568,0.5102040816326531,0.5339805825242718,0.3043478260869565,0.5897435897435898
1114,10090,Beedrill-Mega,Bug,Poison,65,150,40,15,80,145,495,1.4,40.5,223.0,['adaptability'],,generation-1,,,False,yellow,bug-wings,bug,forest,medium,45,70,Poison Bee Pokémon,5,It has three poisonous stingers on its forelegs and its tail. They are used to jab its enemy repeatedly.,https://raw.githubusercontent.com/PokeAPI/sprites/master/sprites/pokemon/10090.png,0.2519685039370078,0.7837837837837838,0.1428571428571428,0.0242718446601941,0.2608695652173913,0.717948717948718
1115,10091,Rattata-Alola,Dark,Normal,30,56,35,25,35,72,253,0.3,3.8,51.0,"['gluttony', 'hustle', 'thick-fat']",thick-fat,generation-1,,,False,purple,quadruped,ground,grassland,medium,255,70,Mouse Pokémon,7,"Bites anything when it attacks. Small and very quick, it is a common sight in many places.",https://raw.githubusercontent.com/PokeAPI/sprites/master/sprites/pokemon/10091.png,0.1141732283464567,0.2756756756756757,0.1224489795918367,0.0728155339805825,0.0652173913043478,0.3435897435897436
1116,10092,Raticate-Alola,Dark,Normal,75,71,70,40,80,77,413,0.7,25.5,145.0,"['gluttony', 'hustle', 'thick-fat']",thick-fat,generation-1,,,False,brown,quadruped,ground,grassland,medium,127,70,Mouse Pokémon,7,It uses its whis­ kers to maintain its balance. It apparently slows down if they are cut off.,https://raw.githubusercontent.com/PokeAPI/sprites/master/sprites/pokemon/10092.png,0.2913385826771653,0.3567567567567568,0.2653061224489796,0.145631067961165,0.2608695652173913,0.3692307692307692
1117,10093,Raticate-Totem-Alola,Dark,Normal,75,71,70,40,80,77,413,1.4,105.0,145.0,"['gluttony', 'hustle', 'thick-fat']",thick-fat,generation-1,,,False,brown,quadruped,ground,grassland,medium,127,70,Mouse Pokémon,7,It uses its whis­ kers to maintain its balance. It apparently slows down if they are cut off.,https://raw.githubusercontent.com/PokeAPI/sprites/master/sprites/pokemon/10093.png,0.2913385826771653,0.3567567567567568,0.2653061224489796,0.145631067961165,0.2608695652173913,0.3692307692307692
1118,10094,Pikachu-Original-Cap,Electric,None,35,55,40,50,50,90,320,0.4,6.0,112.0,"['static', 'lightning-rod']",lightning-rod,generation-1,,,False,yellow,quadruped,ground|fairy,forest,medium,190,70,Mouse Pokémon,10,"When several of these POKéMON gather, their electricity could build and cause lightning storms.",https://raw.githubusercontent.com/PokeAPI/sprites/master/sprites/pokemon/10094.png,0.1338582677165354,0.2702702702702703,0.1428571428571428,0.1941747572815534,0.1304347826086956,0.4358974358974359
1119,10095,Pikachu-Hoenn-Cap,Electric,None,35,55,40,50,50,90,320,0.4,6.0,112.0,"['static', 'lightning-rod']",lightning-rod,generation-1,,,False,yellow,quadruped,ground|fairy,forest,medium,190,70,Mouse Pokémon,10,"When several of these POKéMON gather, their electricity could build and cause lightning storms.",https://raw.githubusercontent.com/PokeAPI/sprites/master/sprites/pokemon/10095.png,0.1338582677165354,0.2702702702702703,0.1428571428571428,0.1941747572815534,0.1304347826086956,0.4358974358974359
1120,10096,Pikachu-Sinnoh-Cap,Electric,None,35,55,40,50,50,90,320,0.4,6.0,112.0,"['static', 'lightning-rod']",lightning-rod,generation-1,,,False,yellow,quadruped,ground|fairy,forest,medium,190,70,Mouse Pokémon,10,"When several of these POKéMON gather, their electricity could build and cause lightning storms.",https://raw.githubusercontent.com/PokeAPI/sprites/master/sprites/pokemon/10096.png,0.1338582677165354,0.2702702702702703,0.1428571428571428,0.1941747572815534,0.1304347826086956,0.4358974358974359
1121,10097,Pikachu-Unova-Cap,Electric,None,35,55,40,50,50,90,320,0.4,6.0,112.0,"['static', 'lightning-rod']",lightning-rod,generation-1,,,False,yellow,quadruped,ground|fairy,forest,medium,190,70,Mouse Pokémon,10,"When several of these POKéMON gather, their electricity could build and cause lightning storms.",https://raw.githubusercontent.com/PokeAPI/sprites/master/sprites/pokemon/10097.png,0.1338582677165354,0.2702702702702703,0.1428571428571428,0.1941747572815534,0.1304347826086956,0.4358974358974359
1122,10098,Pikachu-Kalos-Cap,Electric,None,35,55,40,50,50,90,320,0.4,6.0,112.0,"['static', 'lightning-rod']",lightning-rod,generation-1,,,False,yellow,quadruped,ground|fairy,forest,medium,190,70,Mouse Pokémon,10,"When several of these POKéMON gather, their electricity could build and cause lightning storms.",https://raw.githubusercontent.com/PokeAPI/sprites/master/sprites/pokemon/10098.png,0.1338582677165354,0.2702702702702703,0.1428571428571428,0.1941747572815534,0.1304347826086956,0.4358974358974359
1123,10099,Pikachu-Alola-Cap,Electric,None,35,55,40,50,50,90,320,0.4,6.0,112.0,"['static', 'lightning-rod']",lightning-rod,generation-1,,,False,yellow,quadruped,ground|fairy,forest,medium,190,70,Mouse Pokémon,10,"When several of these POKéMON gather, their electricity could build and cause lightning storms.",https://raw.githubusercontent.com/PokeAPI/sprites/master/sprites/pokemon/10099.png,0.1338582677165354,0.2702702702702703,0.1428571428571428,0.1941747572815534,0.1304347826086956,0.4358974358974359
1124,10100,Raichu-Alola,Electric,Psychic,60,85,50,95,85,110,485,0.7,21.0,243.0,['surge-surfer'],,generation-1,,,False,yellow,upright,ground|fairy,forest,medium,75,70,Mouse Pokémon,10,Its long tail serves as a ground to protect itself from its own high-voltage power.,https://raw.githubusercontent.com/PokeAPI/sprites/master/sprites/pokemon/10100.png,0.2322834645669291,0.4324324324324324,0.1836734693877551,0.4126213592233009,0.2826086956521739,0.5384615384615384
1125,10101,Sandshrew-Alola,Ice,Steel,50,75,90,10,35,40,300,0.7,40.0,60.0,"['snow-cloak', 'slush-rush']",slush-rush,generation-1,,,False,yellow,upright,ground,rough-terrain,medium,255,70,Mouse Pokémon,11,Burrows deep underground in arid locations far from water. It only emerges to hunt for food.,https://raw.githubusercontent.com/PokeAPI/sprites/master/sprites/pokemon/10101.png,0.1929133858267716,0.3783783783783784,0.3469387755102041,0.0,0.0652173913043478,0.1794871794871795
1126,10102,Sandslash-Alola,Ice,Steel,75,100,120,25,65,65,450,1.2,55.0,158.0,"['snow-cloak', 'slush-rush']",slush-rush,generation-1,,,False,yellow,upright,ground,rough-terrain,medium,90,70,Mouse Pokémon,11,Curls up into a spiny ball when threatened. It can roll while curled up to attack or escape.,https://raw.githubusercontent.com/PokeAPI/sprites/master/sprites/pokemon/10102.png,0.2913385826771653,0.5135135135135135,0.4693877551020408,0.0728155339805825,0.1956521739130435,0.3076923076923077
1127,10103,Vulpix-Alola,Ice,None,38,41,40,50,65,65,299,0.6,9.9,60.0,"['snow-cloak', 'snow-warning']",snow-warning,generation-1,,,False,brown,quadruped,ground,grassland,medium,190,70,Fox Pokémon,15,"At the time of birth, it has just one tail. The tail splits from its tip as it grows older.",https://raw.githubusercontent.com/PokeAPI/sprites/master/sprites/pokemon/10103.png,0.1456692913385826,0.1945945945945946,0.1428571428571428,0.1941747572815534,0.1956521739130435,0.3076923076923077
1128,10104,Ninetales-Alola,Ice,Fairy,73,67,75,81,100,109,505,1.1,19.9,177.0,"['snow-cloak', 'snow-warning']",snow-warning,generation-1,,,False,yellow,quadruped,ground,grassland,medium,75,70,Fox Pokémon,15,Very smart and very vengeful. Grabbing one of its many tails could result in a 1000-year curse.,https://raw.githubusercontent.com/PokeAPI/sprites/master/sprites/pokemon/10104.png,0.2834645669291338,0.3351351351351351,0.2857142857142857,0.3446601941747573,0.3478260869565217,0.5333333333333333
1129,10105,Diglett-Alola,Ground,Steel,10,55,30,35,45,90,265,0.2,1.0,53.0,"['sand-veil', 'tangling-hair', 'sand-force']",sand-force,generation-1,,,False,brown,blob,ground,cave,medium,255,70,Mole Pokémon,21,Lives about one yard underground where it feeds on plant roots. It sometimes appears above ground.,https://raw.githubusercontent.com/PokeAPI/sprites/master/sprites/pokemon/10105.png,0.0354330708661417,0.2702702702702703,0.1020408163265306,0.1213592233009708,0.108695652173913,0.4358974358974359
1130,10106,Dugtrio-Alola,Ground,Steel,35,100,60,50,70,110,425,0.7,66.6,149.0,"['sand-veil', 'tangling-hair', 'sand-force']",sand-force,generation-1,,,False,brown,heads,ground,cave,medium,50,70,Mole Pokémon,21,A team of DIGLETT triplets. It triggers huge earthquakes by burrowing 60 miles underground.,https://raw.githubusercontent.com/PokeAPI/sprites/master/sprites/pokemon/10106.png,0.1338582677165354,0.5135135135135135,0.2244897959183673,0.1941747572815534,0.217391304347826,0.5384615384615384
1131,10107,Meowth-Alola,Dark,None,40,35,35,50,40,90,290,0.4,4.2,58.0,"['pickup', 'technician', 'rattled']",rattled,generation-1,,,False,yellow,quadruped,ground,urban,medium,255,70,Scratch Cat Pokémon,22,It washes its face regularly to keep the coin on its forehead spotless. It doesn’t get along with Galarian Meowth.,https://raw.githubusercontent.com/PokeAPI/sprites/master/sprites/pokemon/10107.png,0.1535433070866141,0.1621621621621621,0.1224489795918367,0.1941747572815534,0.0869565217391304,0.4358974358974359
1132,10108,Persian-Alola,Dark,None,65,60,60,75,65,115,440,1.1,33.0,154.0,"['fur-coat', 'technician', 'rattled']",rattled,generation-1,,,False,yellow,quadruped,ground,urban,medium,90,70,Classy Cat Pokémon,22,"Although its fur has many admirers, it is tough to raise as a pet because of its fickle meanness.",https://raw.githubusercontent.com/PokeAPI/sprites/master/sprites/pokemon/10108.png,0.2519685039370078,0.2972972972972973,0.2244897959183673,0.3155339805825243,0.1956521739130435,0.5641025641025641
1133,10109,Geodude-Alola,Rock,Electric,40,80,100,30,30,20,300,0.4,20.3,60.0,"['magnet-pull', 'sturdy', 'galvanize']",galvanize,generation-1,,,False,brown,arms,mineral,mountain,medium-slow,255,70,Rock Pokémon,31,"Found in fields and mountains. Mistaking them for boulders, people often step or trip on them.",https://raw.githubusercontent.com/PokeAPI/sprites/master/sprites/pokemon/10109.png,0.1535433070866141,0.4054054054054054,0.3877551020408163,0.0970873786407767,0.0434782608695652,0.0769230769230769
1134,10110,Graveler-Alola,Rock,Electric,55,95,115,45,45,35,390,1.0,110.0,137.0,"['magnet-pull', 'sturdy', 'galvanize']",galvanize,generation-1,,,False,brown,humanoid,mineral,mountain,medium-slow,120,70,Rock Pokémon,31,Rolls down slopes to move. It rolls over any obstacle without slowing or changing its direction.,https://raw.githubusercontent.com/PokeAPI/sprites/master/sprites/pokemon/10110.png,0.2125984251968504,0.4864864864864865,0.4489795918367347,0.1699029126213592,0.108695652173913,0.1538461538461538
1135,10111,Golem-Alola,Rock,Electric,80,120,130,55,65,45,495,1.7,316.0,223.0,"['magnet-pull', 'sturdy', 'galvanize']",galvanize,generation-1,,,False,brown,humanoid,mineral,mountain,medium-slow,45,70,Megaton Pokémon,31,Its boulder-like body is extremely hard. It can easily withstand dynamite blasts without damage.,https://raw.githubusercontent.com/PokeAPI/sprites/master/sprites/pokemon/10111.png,0.3110236220472441,0.6216216216216216,0.5102040816326531,0.2184466019417475,0.1956521739130435,0.2051282051282051
1136,10112,Grimer-Alola,Poison,Dark,80,80,50,40,50,25,325,0.7,42.0,65.0,"['poison-touch', 'gluttony', 'power-of-alchemy']",power-of-alchemy,generation-1,,,False,purple,arms,indeterminate,urban,medium,190,70,Sludge Pokémon,38,Appears in filthy areas. Thrives by sucking up polluted sludge that is pumped out of factories.,https://raw.githubusercontent.com/PokeAPI/sprites/master/sprites/pokemon/10112.png,0.3110236220472441,0.4054054054054054,0.1836734693877551,0.145631067961165,0.1304347826086956,0.1025641025641025
1137,10113,Muk-Alola,Poison,Dark,105,105,75,65,100,50,500,1.0,52.0,175.0,"['poison-touch', 'gluttony', 'power-of-alchemy']",power-of-alchemy,generation-1,,,False,purple,arms,indeterminate,urban,medium,75,70,Sludge Pokémon,38,"Thickly covered with a filthy, vile sludge. It is so toxic, even its footprints contain poison.",https://raw.githubusercontent.com/PokeAPI/sprites/master/sprites/pokemon/10113.png,0.4094488188976378,0.5405405405405406,0.2857142857142857,0.2669902912621359,0.3478260869565217,0.2307692307692307
1138,10114,Exeggutor-Alola,Grass,Dragon,95,105,85,125,75,45,530,10.9,415.6,186.0,"['frisk', 'harvest']",harvest,generation-1,,,False,yellow,legs,plant,forest,slow,45,70,Coconut Pokémon,45,"Legend has it that on rare occasions, one of its heads will drop off and continue on as an EXEGGCUTE.",https://raw.githubusercontent.com/PokeAPI/sprites/master/sprites/pokemon/10114.png,0.3700787401574803,0.5405405405405406,0.3265306122448979,0.558252427184466,0.2391304347826087,0.2051282051282051
1139,10115,Marowak-Alola,Fire,Ghost,60,80,110,50,80,45,425,1.0,34.0,149.0,"['cursed-body', 'lightning-rod', 'rock-head']",rock-head,generation-1,,,False,brown,upright,monster,mountain,medium,75,70,Bone Keeper Pokémon,46,The bone it holds is its key weapon. It throws the bone skillfully like a boomerang to KO targets.,https://raw.githubusercontent.com/PokeAPI/sprites/master/sprites/pokemon/10115.png,0.2322834645669291,0.4054054054054054,0.4285714285714285,0.1941747572815534,0.2608695652173913,0.2051282051282051
1140,10116,Greninja-Battle-Bond,Water,Dark,72,95,67,103,71,122,530,1.5,40.0,239.0,['battle-bond'],,generation-6,,,False,blue,humanoid,water1,,medium-slow,45,70,Ninja Pokémon,339,"It creates throwing stars out of compressed water. When it spins them and throws them at high speed, these stars can split metal in two.",https://raw.githubusercontent.com/PokeAPI/sprites/master/sprites/pokemon/10116.png,0.2795275590551181,0.4864864864864865,0.2530612244897959,0.4514563106796116,0.2217391304347826,0.6
1141,10117,Greninja-Ash,Water,Dark,72,145,67,153,71,132,640,1.5,40.0,288.0,['battle-bond'],,generation-6,,,False,blue,humanoid,water1,,medium-slow,45,70,Ninja Pokémon,339,"It creates throwing stars out of compressed water. When it spins them and throws them at high speed, these stars can split metal in two.",https://raw.githubusercontent.com/PokeAPI/sprites/master/sprites/pokemon/10117.png,0.2795275590551181,0.7567567567567568,0.2530612244897959,0.6941747572815534,0.2217391304347826,0.6512820512820513
1142,10118,Zygarde-10-Power-Construct,Dragon,Ground,54,100,71,61,85,115,486,1.2,33.5,243.0,['power-construct'],,generation-6,,,False,green,squiggle,no-eggs,,slow,3,0,Order Pokémon,370,"When the Kalos region’s ecosystem falls into disarray, it appears and reveals its secret power.",https://raw.githubusercontent.com/PokeAPI/sprites/master/sprites/pokemon/10118.png,0.2086614173228346,0.5135135135135135,0.2693877551020408,0.2475728155339805,0.2826086956521739,0.5641025641025641
1143,10119,Zygarde-50-Power-Construct,Dragon,Ground,108,100,121,81,95,95,600,5.0,305.0,300.0,['power-construct'],,generation-6,,,False,green,squiggle,no-eggs,,slow,3,0,Order Pokémon,370,"When the Kalos region’s ecosystem falls into disarray, it appears and reveals its secret power.",https://raw.githubusercontent.com/PokeAPI/sprites/master/sprites/pokemon/10119.png,0.421259842519685,0.5135135135135135,0.473469387755102,0.3446601941747573,0.3260869565217391,0.4615384615384615
1144,10120,Zygarde-Complete,Dragon,Ground,216,100,121,91,95,85,708,4.5,610.0,354.0,['power-construct'],,generation-6,,,False,green,squiggle,no-eggs,,slow,3,0,Order Pokémon,370,"When the Kalos region’s ecosystem falls into disarray, it appears and reveals its secret power.",https://raw.githubusercontent.com/PokeAPI/sprites/master/sprites/pokemon/10120.png,0.8464566929133859,0.5135135135135135,0.473469387755102,0.3932038834951456,0.3260869565217391,0.4102564102564102
1145,10121,Gumshoos-Totem,Normal,None,88,110,60,55,60,45,418,1.4,60.0,146.0,"['stakeout', 'strong-jaw', 'adaptability']",adaptability,generation-7,,,False,brown,quadruped,ground,,medium,127,70,Stakeout Pokémon,378,"When it finds a trace of its prey, it patiently stakes out the location...but it’s always snoozing by nightfall.",https://raw.githubusercontent.com/PokeAPI/sprites/master/sprites/pokemon/10121.png,0.3425196850393701,0.5675675675675675,0.2244897959183673,0.2184466019417475,0.1739130434782608,0.2051282051282051
1146,10122,Vikavolt-Totem,Bug,Electric,77,70,90,145,75,43,500,2.6,147.5,225.0,['levitate'],,generation-7,,,False,blue,armor,bug,,medium,45,70,Stag Beetle Pokémon,379,"It zips around, on sharp lookout for an opening. It concentrates electrical energy within its large jaws and uses it to zap its enemies.",https://raw.githubusercontent.com/PokeAPI/sprites/master/sprites/pokemon/10122.png,0.2992125984251969,0.3513513513513513,0.3469387755102041,0.6553398058252428,0.2391304347826087,0.1948717948717948
1147,10123,Oricorio-Pom-Pom,Electric,Flying,75,70,70,98,70,93,476,0.6,3.4,167.0,['dancer'],,generation-7,,,False,red,wings,flying,,medium,45,70,Dancing Pokémon,381,"It beats its wings together to create fire. As it moves in the steps of its beautiful dance, it bathes opponents in intense flames.",https://raw.githubusercontent.com/PokeAPI/sprites/master/sprites/pokemon/10123.png,0.2913385826771653,0.3513513513513513,0.2653061224489796,0.4271844660194174,0.217391304347826,0.4512820512820513
1148,10124,Oricorio-Pau,Psychic,Flying,75,70,70,98,70,93,476,0.6,3.4,167.0,['dancer'],,generation-7,,,False,red,wings,flying,,medium,45,70,Dancing Pokémon,381,"It beats its wings together to create fire. As it moves in the steps of its beautiful dance, it bathes opponents in intense flames.",https://raw.githubusercontent.com/PokeAPI/sprites/master/sprites/pokemon/10124.png,0.2913385826771653,0.3513513513513513,0.2653061224489796,0.4271844660194174,0.217391304347826,0.4512820512820513
1149,10125,Oricorio-Sensu,Ghost,Flying,75,70,70,98,70,93,476,0.6,3.4,167.0,['dancer'],,generation-7,,,False,red,wings,flying,,medium,45,70,Dancing Pokémon,381,"It beats its wings together to create fire. As it moves in the steps of its beautiful dance, it bathes opponents in intense flames.",https://raw.githubusercontent.com/PokeAPI/sprites/master/sprites/pokemon/10125.png,0.2913385826771653,0.3513513513513513,0.2653061224489796,0.4271844660194174,0.217391304347826,0.4512820512820513
1150,10126,Lycanroc-Midnight,Rock,None,85,115,75,55,75,82,487,1.1,25.0,170.0,"['keen-eye', 'vital-spirit', 'no-guard']",no-guard,generation-7,,,False,brown,quadruped,ground,,medium,90,70,Wolf Pokémon,383,"Its quick movements confuse its enemies. Well equipped with claws and fangs, it also uses the sharp rocks in its mane as weapons.",https://raw.githubusercontent.com/PokeAPI/sprites/master/sprites/pokemon/10126.png,0.3307086614173228,0.5945945945945946,0.2857142857142857,0.2184466019417475,0.2391304347826087,0.3948717948717948
1151,10127,Wishiwashi-School,Water,None,45,140,130,140,135,30,620,8.2,78.6,217.0,['schooling'],,generation-7,,,False,blue,fish,water2,,fast,60,70,Small Fry Pokémon,384,"When it’s in trouble, its eyes moisten and begin to shine. The shining light attracts its comrades, and they stand together against their enemies.",https://raw.githubusercontent.com/PokeAPI/sprites/master/sprites/pokemon/10127.png,0.1732283464566929,0.7297297297297297,0.5102040816326531,0.6310679611650486,0.5,0.1282051282051282
1152,10128,Lurantis-Totem,Grass,None,70,105,90,80,90,45,480,1.5,58.0,168.0,"['leaf-guard', 'contrary']",contrary,generation-7,,,False,pink,humanoid,plant,,medium,75,70,Bloom Sickle Pokémon,388,"It requires a lot of effort to maintain Lurantis’s vivid coloring, but some collectors enjoy this work and treat it as their hobby.",,0.2716535433070866,0.5405405405405406,0.3469387755102041,0.3398058252427184,0.3043478260869565,0.2051282051282051
1153,10129,Salazzle-Totem,Poison,Fire,68,64,60,111,60,117,480,2.1,81.0,168.0,"['corrosion', 'oblivious']",oblivious,generation-7,,,False,black,quadruped,monster|dragon,,medium,45,70,Toxic Lizard Pokémon,390,"For some reason, only females have been found. It creates a reverse harem of male Salandit that it lives with.",,0.2637795275590551,0.3189189189189189,0.2244897959183673,0.4902912621359223,0.1739130434782608,0.5743589743589743
1154,10130,Minior-Orange-Meteor,Rock,Flying,60,60,100,60,100,60,440,0.3,40.0,154.0,['shields-down'],,generation-7,,,False,brown,ball,mineral,,medium-slow,30,70,Meteor Pokémon,400,"Originally making its home in the ozone layer, it hurtles to the ground when the shell enclosing its body grows too heavy.",https://raw.githubusercontent.com/PokeAPI/sprites/master/sprites/pokemon/10130.png,0.2322834645669291,0.2972972972972973,0.3877551020408163,0.2427184466019417,0.3478260869565217,0.282051282051282
1155,10131,Minior-Yellow-Meteor,Rock,Flying,60,60,100,60,100,60,440,0.3,40.0,154.0,['shields-down'],,generation-7,,,False,brown,ball,mineral,,medium-slow,30,70,Meteor Pokémon,400,"Originally making its home in the ozone layer, it hurtles to the ground when the shell enclosing its body grows too heavy.",https://raw.githubusercontent.com/PokeAPI/sprites/master/sprites/pokemon/10131.png,0.2322834645669291,0.2972972972972973,0.3877551020408163,0.2427184466019417,0.3478260869565217,0.282051282051282
1156,10132,Minior-Green-Meteor,Rock,Flying,60,60,100,60,100,60,440,0.3,40.0,154.0,['shields-down'],,generation-7,,,False,brown,ball,mineral,,medium-slow,30,70,Meteor Pokémon,400,"Originally making its home in the ozone layer, it hurtles to the ground when the shell enclosing its body grows too heavy.",https://raw.githubusercontent.com/PokeAPI/sprites/master/sprites/pokemon/10132.png,0.2322834645669291,0.2972972972972973,0.3877551020408163,0.2427184466019417,0.3478260869565217,0.282051282051282
1157,10133,Minior-Blue-Meteor,Rock,Flying,60,60,100,60,100,60,440,0.3,40.0,154.0,['shields-down'],,generation-7,,,False,brown,ball,mineral,,medium-slow,30,70,Meteor Pokémon,400,"Originally making its home in the ozone layer, it hurtles to the ground when the shell enclosing its body grows too heavy.",https://raw.githubusercontent.com/PokeAPI/sprites/master/sprites/pokemon/10133.png,0.2322834645669291,0.2972972972972973,0.3877551020408163,0.2427184466019417,0.3478260869565217,0.282051282051282
1158,10134,Minior-Indigo-Meteor,Rock,Flying,60,60,100,60,100,60,440,0.3,40.0,154.0,['shields-down'],,generation-7,,,False,brown,ball,mineral,,medium-slow,30,70,Meteor Pokémon,400,"Originally making its home in the ozone layer, it hurtles to the ground when the shell enclosing its body grows too heavy.",https://raw.githubusercontent.com/PokeAPI/sprites/master/sprites/pokemon/10134.png,0.2322834645669291,0.2972972972972973,0.3877551020408163,0.2427184466019417,0.3478260869565217,0.282051282051282
1159,10135,Minior-Violet-Meteor,Rock,Flying,60,60,100,60,100,60,440,0.3,40.0,154.0,['shields-down'],,generation-7,,,False,brown,ball,mineral,,medium-slow,30,70,Meteor Pokémon,400,"Originally making its home in the ozone layer, it hurtles to the ground when the shell enclosing its body grows too heavy.",https://raw.githubusercontent.com/PokeAPI/sprites/master/sprites/pokemon/10135.png,0.2322834645669291,0.2972972972972973,0.3877551020408163,0.2427184466019417,0.3478260869565217,0.282051282051282
1160,10136,Minior-Red,Rock,Flying,60,100,60,100,60,120,500,0.3,0.3,175.0,['shields-down'],,generation-7,,,False,brown,ball,mineral,,medium-slow,30,70,Meteor Pokémon,400,"Originally making its home in the ozone layer, it hurtles to the ground when the shell enclosing its body grows too heavy.",https://raw.githubusercontent.com/PokeAPI/sprites/master/sprites/pokemon/10136.png,0.2322834645669291,0.5135135135135135,0.2244897959183673,0.4368932038834951,0.1739130434782608,0.5897435897435898
1161,10137,Minior-Orange,Rock,Flying,60,100,60,100,60,120,500,0.3,0.3,175.0,['shields-down'],,generation-7,,,False,brown,ball,mineral,,medium-slow,30,70,Meteor Pokémon,400,"Originally making its home in the ozone layer, it hurtles to the ground when the shell enclosing its body grows too heavy.",https://raw.githubusercontent.com/PokeAPI/sprites/master/sprites/pokemon/10137.png,0.2322834645669291,0.5135135135135135,0.2244897959183673,0.4368932038834951,0.1739130434782608,0.5897435897435898
1162,10138,Minior-Yellow,Rock,Flying,60,100,60,100,60,120,500,0.3,0.3,175.0,['shields-down'],,generation-7,,,False,brown,ball,mineral,,medium-slow,30,70,Meteor Pokémon,400,"Originally making its home in the ozone layer, it hurtles to the ground when the shell enclosing its body grows too heavy.",https://raw.githubusercontent.com/PokeAPI/sprites/master/sprites/pokemon/10138.png,0.2322834645669291,0.5135135135135135,0.2244897959183673,0.4368932038834951,0.1739130434782608,0.5897435897435898
1163,10139,Minior-Green,Rock,Flying,60,100,60,100,60,120,500,0.3,0.3,175.0,['shields-down'],,generation-7,,,False,brown,ball,mineral,,medium-slow,30,70,Meteor Pokémon,400,"Originally making its home in the ozone layer, it hurtles to the ground when the shell enclosing its body grows too heavy.",https://raw.githubusercontent.com/PokeAPI/sprites/master/sprites/pokemon/10139.png,0.2322834645669291,0.5135135135135135,0.2244897959183673,0.4368932038834951,0.1739130434782608,0.5897435897435898
1164,10140,Minior-Blue,Rock,Flying,60,100,60,100,60,120,500,0.3,0.3,175.0,['shields-down'],,generation-7,,,False,brown,ball,mineral,,medium-slow,30,70,Meteor Pokémon,400,"Originally making its home in the ozone layer, it hurtles to the ground when the shell enclosing its body grows too heavy.",https://raw.githubusercontent.com/PokeAPI/sprites/master/sprites/pokemon/10140.png,0.2322834645669291,0.5135135135135135,0.2244897959183673,0.4368932038834951,0.1739130434782608,0.5897435897435898
1165,10141,Minior-Indigo,Rock,Flying,60,100,60,100,60,120,500,0.3,0.3,175.0,['shields-down'],,generation-7,,,False,brown,ball,mineral,,medium-slow,30,70,Meteor Pokémon,400,"Originally making its home in the ozone layer, it hurtles to the ground when the shell enclosing its body grows too heavy.",https://raw.githubusercontent.com/PokeAPI/sprites/master/sprites/pokemon/10141.png,0.2322834645669291,0.5135135135135135,0.2244897959183673,0.4368932038834951,0.1739130434782608,0.5897435897435898
1166,10142,Minior-Violet,Rock,Flying,60,100,60,100,60,120,500,0.3,0.3,175.0,['shields-down'],,generation-7,,,False,brown,ball,mineral,,medium-slow,30,70,Meteor Pokémon,400,"Originally making its home in the ozone layer, it hurtles to the ground when the shell enclosing its body grows too heavy.",https://raw.githubusercontent.com/PokeAPI/sprites/master/sprites/pokemon/10142.png,0.2322834645669291,0.5135135135135135,0.2244897959183673,0.4368932038834951,0.1739130434782608,0.5897435897435898
1167,10143,Mimikyu-Busted,Ghost,Fairy,55,90,80,50,105,96,476,0.2,0.7,167.0,['disguise'],,generation-7,,,False,yellow,squiggle,indeterminate,,medium,45,70,Disguise Pokémon,404,Its actual appearance is unknown. A scholar who saw what was under its rag was overwhelmed by terror and died from the shock.,https://raw.githubusercontent.com/PokeAPI/sprites/master/sprites/pokemon/10143.png,0.2125984251968504,0.4594594594594595,0.3061224489795918,0.1941747572815534,0.3695652173913043,0.4666666666666667
1168,10144,Mimikyu-Totem-Disguised,Ghost,Fairy,55,90,80,50,105,96,476,0.4,2.8,167.0,['disguise'],,generation-7,,,False,yellow,squiggle,indeterminate,,medium,45,70,Disguise Pokémon,404,Its actual appearance is unknown. A scholar who saw what was under its rag was overwhelmed by terror and died from the shock.,https://raw.githubusercontent.com/PokeAPI/sprites/master/sprites/pokemon/10144.png,0.2125984251968504,0.4594594594594595,0.3061224489795918,0.1941747572815534,0.3695652173913043,0.4666666666666667
1169,10145,Mimikyu-Totem-Busted,Ghost,Fairy,55,90,80,50,105,96,476,0.4,2.8,167.0,['disguise'],,generation-7,,,False,yellow,squiggle,indeterminate,,medium,45,70,Disguise Pokémon,404,Its actual appearance is unknown. A scholar who saw what was under its rag was overwhelmed by terror and died from the shock.,https://raw.githubusercontent.com/PokeAPI/sprites/master/sprites/pokemon/10145.png,0.2125984251968504,0.4594594594594595,0.3061224489795918,0.1941747572815534,0.3695652173913043,0.4666666666666667
1170,10146,Kommo-O-Totem,Dragon,Fighting,75,110,125,100,105,85,600,2.4,207.5,270.0,"['bulletproof', 'soundproof', 'overcoat']",overcoat,generation-7,,,False,gray,upright,dragon,,slow,45,70,Scaly Pokémon,408,"When it spots enemies, it threatens them by jingling the scales on its tail. Weak opponents will crack and flee in panic.",https://raw.githubusercontent.com/PokeAPI/sprites/master/sprites/pokemon/10146.png,0.2913385826771653,0.5675675675675675,0.4897959183673469,0.4368932038834951,0.3695652173913043,0.4102564102564102
1171,10147,Magearna-Original,Steel,Fairy,80,95,115,130,115,65,600,1.0,80.5,300.0,['soul-heart'],,generation-7,,,False,gray,humanoid,no-eggs,,slow,3,0,Artificial Pokémon,422,"This artificial Pokémon, constructed more than 500 years ago, can understand human speech but cannot itself speak.",https://raw.githubusercontent.com/PokeAPI/sprites/master/sprites/pokemon/10147.png,0.3110236220472441,0.4864864864864865,0.4489795918367347,0.5825242718446602,0.4130434782608695,0.3076923076923077
1172,10148,Pikachu-Partner-Cap,Electric,None,35,55,40,50,50,90,320,0.4,6.0,112.0,"['static', 'lightning-rod']",lightning-rod,generation-1,,,False,yellow,quadruped,ground|fairy,forest,medium,190,70,Mouse Pokémon,10,"When several of these POKéMON gather, their electricity could build and cause lightning storms.",https://raw.githubusercontent.com/PokeAPI/sprites/master/sprites/pokemon/10148.png,0.1338582677165354,0.2702702702702703,0.1428571428571428,0.1941747572815534,0.1304347826086956,0.4358974358974359
1173,10149,Marowak-Totem,Fire,Ghost,60,80,110,50,80,45,425,1.7,98.0,149.0,"['cursed-body', 'lightning-rod', 'rock-head']",rock-head,generation-1,,,False,brown,upright,monster,mountain,medium,75,70,Bone Keeper Pokémon,46,The bone it holds is its key weapon. It throws the bone skillfully like a boomerang to KO targets.,https://raw.githubusercontent.com/PokeAPI/sprites/master/sprites/pokemon/10149.png,0.2322834645669291,0.4054054054054054,0.4285714285714285,0.1941747572815534,0.2608695652173913,0.2051282051282051
1174,10150,Ribombee-Totem,Bug,Fairy,60,55,60,95,70,124,464,0.4,2.0,162.0,"['honey-gather', 'shield-dust', 'sweet-veil']",sweet-veil,generation-7,,,False,yellow,bug-wings,bug|fairy,,medium,75,70,Bee Fly Pokémon,382,"It rolls up pollen into puffs. It makes many different varieties, some used as food and others used in battle.",https://raw.githubusercontent.com/PokeAPI/sprites/master/sprites/pokemon/10150.png,0.2322834645669291,0.2702702702702703,0.2244897959183673,0.4126213592233009,0.217391304347826,0.6102564102564103
1175,10151,Rockruff-Own-Tempo,Rock,None,45,65,40,30,40,60,280,0.5,9.2,56.0,['own-tempo'],,generation-7,,,False,brown,quadruped,ground,,medium,190,70,Puppy Pokémon,383,"It’s considered to be a good Pokémon for beginners because of its friendliness, but its disposition grows rougher as it grows up.",https://raw.githubusercontent.com/PokeAPI/sprites/master/sprites/pokemon/10151.png,0.1732283464566929,0.3243243243243243,0.1428571428571428,0.0970873786407767,0.0869565217391304,0.282051282051282
1176,10152,Lycanroc-Dusk,Rock,None,75,117,65,55,65,110,487,0.8,25.0,170.0,['tough-claws'],,generation-7,,,False,brown,quadruped,ground,,medium,90,70,Wolf Pokémon,383,"Its quick movements confuse its enemies. Well equipped with claws and fangs, it also uses the sharp rocks in its mane as weapons.",https://raw.githubusercontent.com/PokeAPI/sprites/master/sprites/pokemon/10152.png,0.2913385826771653,0.6054054054054054,0.2448979591836734,0.2184466019417475,0.1956521739130435,0.5384615384615384
1177,10153,Araquanid-Totem,Water,Bug,68,70,92,50,132,42,454,3.1,217.5,159.0,"['water-bubble', 'water-absorb']",water-absorb,generation-7,,,False,green,armor,water1|bug,,medium,100,70,Water Bubble Pokémon,387,"It delivers headbutts with the water bubble on its head. Small Pokémon get sucked into the bubble, where they drown.",,0.2637795275590551,0.3513513513513513,0.3551020408163265,0.1941747572815534,0.4869565217391304,0.1897435897435897
1178,10154,Togedemaru-Totem,Electric,Steel,65,98,63,40,73,96,435,0.6,13.0,152.0,"['iron-barbs', 'lightning-rod', 'sturdy']",sturdy,generation-7,,,False,gray,upright,ground|fairy,,medium,180,70,Roly-Poly Pokémon,403,"The spiny fur on its back is normally at rest. When this Pokémon becomes agitated, its fur stands on end and stabs into its attackers.",,0.2519685039370078,0.5027027027027027,0.236734693877551,0.145631067961165,0.2304347826086956,0.4666666666666667
1179,10155,Necrozma-Dusk,Psychic,Steel,97,157,127,113,109,77,680,3.8,460.0,340.0,['prism-armor'],,generation-7,,,False,black,arms,no-eggs,,slow,255,0,Prism Pokémon,421,"Reminiscent of the Ultra Beasts, this life-form, apparently asleep underground, is thought to have come from another world in ancient times.",https://raw.githubusercontent.com/PokeAPI/sprites/master/sprites/pokemon/10155.png,0.3779527559055118,0.8216216216216217,0.4979591836734693,0.5,0.3869565217391304,0.3692307692307692
1180,10156,Necrozma-Dawn,Psychic,Ghost,97,113,109,157,127,77,680,4.2,350.0,340.0,['prism-armor'],,generation-7,,,False,black,arms,no-eggs,,slow,255,0,Prism Pokémon,421,"Reminiscent of the Ultra Beasts, this life-form, apparently asleep underground, is thought to have come from another world in ancient times.",https://raw.githubusercontent.com/PokeAPI/sprites/master/sprites/pokemon/10156.png,0.3779527559055118,0.5837837837837838,0.4244897959183673,0.7135922330097088,0.4652173913043478,0.3692307692307692
1181,10157,Necrozma-Ultra,Psychic,Dragon,97,167,97,167,97,129,754,7.5,230.0,339.0,['neuroforce'],,generation-7,,,False,black,arms,no-eggs,,slow,255,0,Prism Pokémon,421,"Reminiscent of the Ultra Beasts, this life-form, apparently asleep underground, is thought to have come from another world in ancient times.",https://raw.githubusercontent.com/PokeAPI/sprites/master/sprites/pokemon/10157.png,0.3779527559055118,0.8756756756756757,0.3755102040816326,0.7621359223300971,0.3347826086956522,0.6358974358974359
1182,10158,Pikachu-Starter,Electric,None,45,80,50,75,60,120,430,0.4,6.0,86.0,"['static', 'lightning-rod']",lightning-rod,generation-1,,,False,yellow,quadruped,ground|fairy,forest,medium,190,70,Mouse Pokémon,10,"When several of these POKéMON gather, their electricity could build and cause lightning storms.",,0.1732283464566929,0.4054054054054054,0.1836734693877551,0.3155339805825243,0.1739130434782608,0.5897435897435898
1183,10159,Eevee-Starter,Normal,None,65,75,70,65,85,75,435,0.3,6.5,87.0,"['run-away', 'adaptability', 'anticipation']",anticipation,generation-1,,,False,brown,quadruped,ground,urban,medium,45,70,Evolution Pokémon,67,Its genetic code is irregular. It may mutate if it is exposed to radiation from element STONEs.,,0.2519685039370078,0.3783783783783784,0.2653061224489796,0.2669902912621359,0.2826086956521739,0.358974358974359
1184,10160,Pikachu-World-Cap,Electric,None,35,55,40,50,50,90,320,0.4,6.0,112.0,"['static', 'lightning-rod']",lightning-rod,generation-1,,,False,yellow,quadruped,ground|fairy,forest,medium,190,70,Mouse Pokémon,10,"When several of these POKéMON gather, their electricity could build and cause lightning storms.",https://raw.githubusercontent.com/PokeAPI/sprites/master/sprites/pokemon/10160.png,0.1338582677165354,0.2702702702702703,0.1428571428571428,0.1941747572815534,0.1304347826086956,0.4358974358974359
1185,10161,Meowth-Galar,Steel,None,50,65,55,40,40,40,290,0.4,7.5,58.0,"['pickup', 'tough-claws', 'unnerve']",unnerve,generation-1,,,False,yellow,quadruped,ground,urban,medium,255,70,Scratch Cat Pokémon,22,It washes its face regularly to keep the coin on its forehead spotless. It doesn’t get along with Galarian Meowth.,https://raw.githubusercontent.com/PokeAPI/sprites/master/sprites/pokemon/10161.png,0.1929133858267716,0.3243243243243243,0.2040816326530612,0.145631067961165,0.0869565217391304,0.1794871794871795
1186,10162,Ponyta-Galar,Psychic,None,50,85,55,65,65,90,410,0.8,24.0,82.0,"['run-away', 'pastel-veil', 'anticipation']",anticipation,generation-1,,,False,yellow,quadruped,ground,grassland,medium,190,70,Fire Horse Pokémon,32,Its hooves are 10 times harder than diamonds. It can trample anything completely flat in little time.,https://raw.githubusercontent.com/PokeAPI/sprites/master/sprites/pokemon/10162.png,0.1929133858267716,0.4324324324324324,0.2040816326530612,0.2669902912621359,0.1956521739130435,0.4358974358974359
1187,10163,Rapidash-Galar,Psychic,Fairy,65,100,70,80,80,105,500,1.7,80.0,175.0,"['run-away', 'pastel-veil', 'anticipation']",anticipation,generation-1,,,False,yellow,quadruped,ground,grassland,medium,60,70,Fire Horse Pokémon,32,"Very competitive, this POKéMON will chase anything that moves fast in the hopes of racing it.",https://raw.githubusercontent.com/PokeAPI/sprites/master/sprites/pokemon/10163.png,0.2519685039370078,0.5135135135135135,0.2653061224489796,0.3398058252427184,0.2608695652173913,0.5128205128205128
1188,10164,Slowpoke-Galar,Psychic,None,90,65,65,40,40,15,315,1.2,36.0,63.0,"['gluttony', 'own-tempo', 'regenerator']",regenerator,generation-1,,,False,pink,quadruped,monster|water1,waters-edge,medium,190,70,Dopey Pokémon,33,Incredibly slow and dopey. It takes 5 seconds for it to feel pain when under attack.,https://raw.githubusercontent.com/PokeAPI/sprites/master/sprites/pokemon/10164.png,0.3503937007874015,0.3243243243243243,0.2448979591836734,0.145631067961165,0.0869565217391304,0.0512820512820512
1189,10165,Slowbro-Galar,Poison,Psychic,95,100,95,100,70,30,490,1.6,70.5,172.0,"['quick-draw', 'own-tempo', 'regenerator']",regenerator,generation-1,,,False,pink,upright,monster|water1,waters-edge,medium,75,70,Hermit Crab Pokémon,33,The SHELLDER that is latched onto SLOWPOKE's tail is said to feed on the host's left over scraps.,https://raw.githubusercontent.com/PokeAPI/sprites/master/sprites/pokemon/10165.png,0.3700787401574803,0.5135135135135135,0.3673469387755102,0.4368932038834951,0.217391304347826,0.1282051282051282
1190,10166,Farfetchd-Galar,Fighting,None,52,95,55,58,62,55,377,0.8,42.0,132.0,"['steadfast', 'scrappy']",scrappy,generation-1,,,False,brown,wings,flying|ground,grassland,medium,45,70,Wild Duck Pokémon,35,The sprig of green onions it holds is its weapon. It is used much like a metal sword.,https://raw.githubusercontent.com/PokeAPI/sprites/master/sprites/pokemon/10166.png,0.2007874015748031,0.4864864864864865,0.2040816326530612,0.233009708737864,0.1826086956521739,0.2564102564102564
1191,10167,Weezing-Galar,Poison,Fairy,65,90,120,85,70,60,490,3.0,16.0,172.0,"['levitate', 'neutralizing-gas', 'misty-surge']",misty-surge,generation-1,,,False,purple,heads,indeterminate,urban,medium,60,70,Poison Gas Pokémon,49,"Where two kinds of poison gases meet, 2 KOFFINGs can fuse into a WEEZING over many years.",https://raw.githubusercontent.com/PokeAPI/sprites/master/sprites/pokemon/10167.png,0.2519685039370078,0.4594594594594595,0.4693877551020408,0.3640776699029126,0.217391304347826,0.282051282051282
1192,10168,Mr-Mime-Galar,Ice,Psychic,50,65,65,90,90,100,460,1.4,56.8,161.0,"['vital-spirit', 'screen-cleaner', 'ice-body']",ice-body,generation-1,,,False,pink,humanoid,humanshape,urban,medium,45,70,Barrier Pokémon,57,"If interrupted while it is miming, it will slap around the offender with its broad hands.",https://raw.githubusercontent.com/PokeAPI/sprites/master/sprites/pokemon/10168.png,0.1929133858267716,0.3243243243243243,0.2448979591836734,0.3883495145631068,0.3043478260869565,0.4871794871794871
1193,10169,Articuno-Galar,Psychic,Flying,90,85,85,125,100,95,580,1.7,50.9,290.0,['competitive'],,generation-1,,,False,blue,wings,no-eggs,rare,slow,3,35,Freeze Pokémon,73,A legendary bird POKéMON that is said to appear to doomed people who are lost in icy mountains.,https://raw.githubusercontent.com/PokeAPI/sprites/master/sprites/pokemon/10169.png,0.3503937007874015,0.4324324324324324,0.3265306122448979,0.558252427184466,0.3478260869565217,0.4615384615384615
1194,10170,Zapdos-Galar,Fighting,Flying,90,125,90,85,90,100,580,1.6,58.2,290.0,['defiant'],,generation-1,,,False,yellow,wings,no-eggs,rare,slow,3,35,Electric Pokémon,74,A legendary bird POKéMON that is said to appear from clouds while dropping enormous lightning bolts.,https://raw.githubusercontent.com/PokeAPI/sprites/master/sprites/pokemon/10170.png,0.3503937007874015,0.6486486486486487,0.3469387755102041,0.3640776699029126,0.3043478260869565,0.4871794871794871
1195,10171,Moltres-Galar,Dark,Flying,90,85,90,100,125,90,580,2.0,66.0,290.0,['berserk'],,generation-1,,,False,yellow,wings,no-eggs,rare,slow,3,35,Flame Pokémon,75,Known as the legendary bird of fire. Every flap of its wings creates a dazzling flash of flames.,https://raw.githubusercontent.com/PokeAPI/sprites/master/sprites/pokemon/10171.png,0.3503937007874015,0.4324324324324324,0.3469387755102041,0.4368932038834951,0.4565217391304347,0.4358974358974359
1196,10172,Slowking-Galar,Poison,Psychic,95,65,80,110,110,30,490,1.8,79.5,172.0,"['curious-medicine', 'own-tempo', 'regenerator']",regenerator,generation-2,,,False,pink,upright,monster|water1,waters-edge,medium,70,70,Royal Pokémon,33,"It has incredible intellect and in­ tuition. Whatever the situation, it remains calm and collected.",https://raw.githubusercontent.com/PokeAPI/sprites/master/sprites/pokemon/10172.png,0.3700787401574803,0.3243243243243243,0.3061224489795918,0.4854368932038835,0.391304347826087,0.1282051282051282
1197,10173,Corsola-Galar,Ghost,None,60,55,100,65,100,30,410,0.6,0.5,144.0,"['weak-armor', 'cursed-body']",cursed-body,generation-2,,,False,pink,armor,water1|water3,sea,fast,60,70,Coral Pokémon,113,It continuously sheds and grows. The tip of its head is prized as a treasure for its beauty.,https://raw.githubusercontent.com/PokeAPI/sprites/master/sprites/pokemon/10173.png,0.2322834645669291,0.2702702702702703,0.3877551020408163,0.2669902912621359,0.3478260869565217,0.1282051282051282
1198,10174,Zigzagoon-Galar,Dark,Normal,38,30,41,30,41,60,240,0.4,17.5,56.0,"['pickup', 'gluttony', 'quick-feet']",quick-feet,generation-3,,,False,brown,quadruped,ground,grassland,medium,255,70,Tiny Raccoon Pokémon,134,ZIGZAGOON restlessly wanders everywhere at all times. This POKéMON does so because it is very curious. It becomes interested in anything that it happens to see.,https://raw.githubusercontent.com/PokeAPI/sprites/master/sprites/pokemon/10174.png,0.1456692913385826,0.1351351351351351,0.1469387755102041,0.0970873786407767,0.0913043478260869,0.282051282051282
1199,10175,Linoone-Galar,Dark,Normal,78,70,61,50,61,100,420,0.5,32.5,147.0,"['pickup', 'gluttony', 'quick-feet']",quick-feet,generation-3,,,False,white,quadruped,ground,grassland,medium,90,70,Rushing Pokémon,134,"LINOONE always runs full speed and only in straight lines. If facing an obstacle, it makes a right-angle turn to evade it. This POKéMON is very challenged by gently curving roads.",https://raw.githubusercontent.com/PokeAPI/sprites/master/sprites/pokemon/10175.png,0.3031496062992126,0.3513513513513513,0.2285714285714285,0.1941747572815534,0.1782608695652174,0.4871794871794871
1200,10176,Darumaka-Galar,Ice,None,70,90,45,15,45,50,315,0.7,40.0,63.0,"['hustle', 'inner-focus']",inner-focus,generation-5,,,False,red,humanoid,ground,,medium-slow,120,70,Zen Charm Pokémon,282,"When its internal fire is burning, it cannot calm down and it runs around. When the fire diminishes, it falls asleep.",https://raw.githubusercontent.com/PokeAPI/sprites/master/sprites/pokemon/10176.png,0.2716535433070866,0.4594594594594595,0.1632653061224489,0.0242718446601941,0.108695652173913,0.2307692307692307
1201,10177,Darmanitan-Galar-Standard,Ice,None,105,140,55,30,55,95,480,1.7,120.0,168.0,"['gorilla-tactics', 'zen-mode']",zen-mode,generation-5,,,False,red,quadruped,ground,,medium-slow,60,70,Blazing Pokémon,282,"Its internal fire burns at 2,500° F, making enough power that it can destroy a dump truck with one punch.",https://raw.githubusercontent.com/PokeAPI/sprites/master/sprites/pokemon/10177.png,0.4094488188976378,0.7297297297297297,0.2040816326530612,0.0970873786407767,0.1521739130434782,0.4615384615384615
1202,10178,Darmanitan-Galar-Zen,Ice,Fire,105,160,55,30,55,135,540,1.7,120.0,189.0,"['gorilla-tactics', 'zen-mode']",zen-mode,generation-5,,,False,red,quadruped,ground,,medium-slow,60,70,Blazing Pokémon,282,"Its internal fire burns at 2,500° F, making enough power that it can destroy a dump truck with one punch.",https://raw.githubusercontent.com/PokeAPI/sprites/master/sprites/pokemon/10178.png,0.4094488188976378,0.8378378378378378,0.2040816326530612,0.0970873786407767,0.1521739130434782,0.6666666666666666
1203,10179,Yamask-Galar,Ground,Ghost,38,55,85,30,65,30,303,0.5,1.5,61.0,['wandering-spirit'],,generation-5,,,False,black,arms,mineral|indeterminate,,medium,190,70,Spirit Pokémon,287,Each of them carries a mask that used to be its face when it was human. Sometimes they look at it and cry.,https://raw.githubusercontent.com/PokeAPI/sprites/master/sprites/pokemon/10179.png,0.1456692913385826,0.2702702702702703,0.3265306122448979,0.0970873786407767,0.1956521739130435,0.1282051282051282
1204,10180,Stunfisk-Galar,Ground,Steel,109,81,99,66,84,32,471,0.7,20.5,165.0,['mimicry'],,generation-5,,,False,brown,fish,water1|indeterminate,,medium,75,70,Trap Pokémon,313,"Its skin is very hard, so it is unhurt even if stepped on by sumo wrestlers. It smiles when transmitting electricity.",https://raw.githubusercontent.com/PokeAPI/sprites/master/sprites/pokemon/10180.png,0.4251968503937008,0.4108108108108108,0.3836734693877551,0.2718446601941747,0.2782608695652174,0.1384615384615384
1205,10181,Zygarde-10,Dragon,Ground,54,100,71,61,85,115,486,1.2,33.5,243.0,['aura-break'],,generation-6,,,False,green,squiggle,no-eggs,,slow,3,0,Order Pokémon,370,"When the Kalos region’s ecosystem falls into disarray, it appears and reveals its secret power.",https://raw.githubusercontent.com/PokeAPI/sprites/master/sprites/pokemon/10181.png,0.2086614173228346,0.5135135135135135,0.2693877551020408,0.2475728155339805,0.2826086956521739,0.5641025641025641
1206,10182,Cramorant-Gulping,Flying,Water,70,85,55,85,95,85,475,0.8,18.0,166.0,['gulp-missile'],,generation-8,,,False,blue,wings,water1|flying,,medium,45,50,Gulp Pokémon,444,"It’s so strong that it can knock out some opponents in a single hit, but it also may forget what it’s battling midfight.",https://raw.githubusercontent.com/PokeAPI/sprites/master/sprites/pokemon/10182.png,0.2716535433070866,0.4324324324324324,0.2040816326530612,0.3640776699029126,0.3260869565217391,0.4102564102564102
1207,10183,Cramorant-Gorging,Flying,Water,70,85,55,85,95,85,475,0.8,18.0,166.0,['gulp-missile'],,generation-8,,,False,blue,wings,water1|flying,,medium,45,50,Gulp Pokémon,444,"It’s so strong that it can knock out some opponents in a single hit, but it also may forget what it’s battling midfight.",https://raw.githubusercontent.com/PokeAPI/sprites/master/sprites/pokemon/10183.png,0.2716535433070866,0.4324324324324324,0.2040816326530612,0.3640776699029126,0.3260869565217391,0.4102564102564102
1208,10184,Toxtricity-Low-Key,Electric,Poison,75,98,70,114,70,75,502,1.6,40.0,176.0,"['punk-rock', 'minus', 'technician']",technician,generation-8,,,False,purple,upright,humanshape,,medium-slow,45,50,Punk Pokémon,446,"When this Pokémon sounds as if it’s strumming a guitar, it’s actually clawing at the protrusions on its chest to generate electricity.",https://raw.githubusercontent.com/PokeAPI/sprites/master/sprites/pokemon/10184.png,0.2913385826771653,0.5027027027027027,0.2653061224489796,0.5048543689320388,0.217391304347826,0.358974358974359
1209,10185,Eiscue-Noice,Ice,None,75,80,70,65,50,130,470,1.4,89.0,165.0,['ice-face'],,generation-8,,,False,blue,upright,water1|ground,,slow,60,50,Penguin Pokémon,457,It drifted in on the flow of ocean waters from a frigid place. It keeps its head iced constantly to make sure it stays nice and cold.,https://raw.githubusercontent.com/PokeAPI/sprites/master/sprites/pokemon/10185.png,0.2913385826771653,0.4054054054054054,0.2653061224489796,0.2669902912621359,0.1304347826086956,0.6410256410256411
1210,10186,Indeedee-Female,Psychic,Normal,70,55,65,95,105,85,475,0.9,28.0,166.0,"['own-tempo', 'synchronize', 'psychic-surge']",psychic-surge,generation-8,,,False,purple,upright,fairy,,fast,30,140,Emotion Pokémon,458,"It uses the horns on its head to sense the emotions of others. Males will act as valets for those they serve, looking after their every need.",https://raw.githubusercontent.com/PokeAPI/sprites/master/sprites/pokemon/10186.png,0.2716535433070866,0.2702702702702703,0.2448979591836734,0.4126213592233009,0.3695652173913043,0.4102564102564102
1211,10187,Morpeko-Hangry,Electric,Dark,58,95,58,70,58,97,436,0.3,3.0,153.0,['hunger-switch'],,generation-8,,,False,yellow,humanoid,ground|fairy,,medium,180,50,Two-Sided Pokémon,459,"As it eats the seeds stored up in its pocket-like pouches, this Pokémon is not just satisfying its constant hunger. It’s also generating electricity.",https://raw.githubusercontent.com/PokeAPI/sprites/master/sprites/pokemon/10187.png,0.2244094488188976,0.4864864864864865,0.2163265306122449,0.2912621359223301,0.1652173913043478,0.4717948717948718
1212,10188,Zacian-Crowned,Fairy,Steel,92,150,115,80,115,148,700,2.8,355.0,360.0,['intrepid-sword'],,generation-8,,,False,blue,quadruped,no-eggs,,slow,10,0,Warrior Pokémon,467,"Known as a legendary hero, this Pokémon absorbs metal particles, transforming them into a weapon it uses to battle.",https://raw.githubusercontent.com/PokeAPI/sprites/master/sprites/pokemon/10188.png,0.358267716535433,0.7837837837837838,0.4489795918367347,0.3398058252427184,0.4130434782608695,0.7333333333333333
1213,10189,Zamazenta-Crowned,Fighting,Steel,92,120,140,80,140,128,700,2.9,785.0,360.0,['dauntless-shield'],,generation-8,,,False,red,quadruped,no-eggs,,slow,10,0,Warrior Pokémon,468,"In times past, it worked together with a king of the people to save the Galar region. It absorbs metal that it then uses in battle.",https://raw.githubusercontent.com/PokeAPI/sprites/master/sprites/pokemon/10189.png,0.358267716535433,0.6216216216216216,0.5510204081632653,0.3398058252427184,0.5217391304347826,0.6307692307692307
1214,10190,Eternatus-Eternamax,Poison,Dragon,255,115,250,125,250,130,1125,100.0,0.0,563.0,['pressure'],,generation-8,,,False,purple,wings,no-eggs,,slow,255,0,Gigantic Pokémon,469,The core on its chest absorbs energy emanating from the lands of the Galar region. This energy is what allows Eternatus to stay active.,https://raw.githubusercontent.com/PokeAPI/sprites/master/sprites/pokemon/10190.png,1.0,0.5945945945945946,1.0,0.558252427184466,1.0,0.6410256410256411
1215,10191,Urshifu-Rapid-Strike,Fighting,Water,100,130,100,63,60,97,550,1.9,105.0,275.0,['unseen-fist'],,generation-8,,,False,gray,humanoid,no-eggs,,slow,3,50,Wushu Pokémon,470,This form of Urshifu is a strong believer in the one-hit KO. Its strategy is to leap in close to foes and land a devastating blow with a hardened fist.,https://raw.githubusercontent.com/PokeAPI/sprites/master/sprites/pokemon/10191.png,0.389763779527559,0.6756756756756757,0.3877551020408163,0.2572815533980582,0.1739130434782608,0.4717948717948718
1216,10192,Zarude-Dada,Dark,Grass,105,120,105,70,95,105,600,1.8,70.0,300.0,['leaf-guard'],,generation-8,,,False,green,upright,no-eggs,,slow,3,0,Rogue Monkey Pokémon,471,"Within dense forests, this Pokémon lives in a pack with others of its kind. It’s incredibly aggressive, and the other Pokémon of the forest fear it.",https://raw.githubusercontent.com/PokeAPI/sprites/master/sprites/pokemon/10192.png,0.4094488188976378,0.6216216216216216,0.4081632653061224,0.2912621359223301,0.3260869565217391,0.5128205128205128
1217,10193,Calyrex-Ice,Psychic,Ice,100,165,150,85,130,50,680,2.4,809.1,340.0,['as-one-glastrier'],,generation-8,,,False,green,humanoid,no-eggs,,slow,3,100,King Pokémon,476,"Calyrex is a merciful Pokémon, capable of providing healing and blessings. It reigned over the Galar region in times of yore.",https://raw.githubusercontent.com/PokeAPI/sprites/master/sprites/pokemon/10193.png,0.389763779527559,0.8648648648648649,0.5918367346938775,0.3640776699029126,0.4782608695652174,0.2307692307692307
1218,10194,Calyrex-Shadow,Psychic,Ghost,100,85,80,165,100,150,680,2.4,53.6,340.0,['as-one-spectrier'],,generation-8,,,False,green,humanoid,no-eggs,,slow,3,100,King Pokémon,476,"Calyrex is a merciful Pokémon, capable of providing healing and blessings. It reigned over the Galar region in times of yore.",https://raw.githubusercontent.com/PokeAPI/sprites/master/sprites/pokemon/10194.png,0.389763779527559,0.4324324324324324,0.3061224489795918,0.7524271844660194,0.3478260869565217,0.7435897435897436
1219,10195,Venusaur-Gmax,Grass,Poison,80,82,83,100,100,80,525,24.0,1000.0,236.0,"['overgrow', 'chlorophyll']",chlorophyll,generation-1,,,False,green,quadruped,monster|plant,grassland,medium-slow,45,70,Seed Pokémon,1,The plant blooms when it is absorbing solar energy. It stays on the move to seek sunlight.,https://raw.githubusercontent.com/PokeAPI/sprites/master/sprites/pokemon/10195.png,0.3110236220472441,0.4162162162162162,0.3183673469387755,0.4368932038834951,0.3478260869565217,0.3846153846153846
1220,10196,Charizard-Gmax,Fire,Flying,78,84,78,109,85,100,534,28.0,1000.0,240.0,"['blaze', 'solar-power']",solar-power,generation-1,,,False,red,upright,monster|dragon,mountain,medium-slow,45,70,Flame Pokémon,2,Spits fire that is hot enough to melt boulders. Known to cause forest fires unintentionally.,https://raw.githubusercontent.com/PokeAPI/sprites/master/sprites/pokemon/10196.png,0.3031496062992126,0.427027027027027,0.2979591836734694,0.4805825242718446,0.2826086956521739,0.4871794871794871
1221,10197,Blastoise-Gmax,Water,None,79,83,100,85,105,78,530,25.0,1000.0,239.0,"['torrent', 'rain-dish']",rain-dish,generation-1,,,False,blue,upright,monster|water1,waters-edge,medium-slow,45,70,Shellfish Pokémon,3,A brutal POKéMON with pressurized water jets on its shell. They are used for high speed tackles.,https://raw.githubusercontent.com/PokeAPI/sprites/master/sprites/pokemon/10197.png,0.3070866141732283,0.4216216216216216,0.3877551020408163,0.3640776699029126,0.3695652173913043,0.3743589743589743
1222,10198,Butterfree-Gmax,Bug,Flying,60,45,50,90,80,70,395,17.0,1000.0,178.0,"['compound-eyes', 'tinted-lens']",tinted-lens,generation-1,,,False,white,bug-wings,bug,forest,medium,45,70,Butterfly Pokémon,4,"In battle, it flaps its wings at high speed to release highly toxic dust into the air.",https://raw.githubusercontent.com/PokeAPI/sprites/master/sprites/pokemon/10198.png,0.2322834645669291,0.2162162162162162,0.1836734693877551,0.3883495145631068,0.2608695652173913,0.3333333333333333
1223,10199,Pikachu-Gmax,Electric,None,35,55,40,50,50,90,320,21.0,1000.0,112.0,"['static', 'lightning-rod']",lightning-rod,generation-1,,,False,yellow,quadruped,ground|fairy,forest,medium,190,70,Mouse Pokémon,10,"When several of these POKéMON gather, their electricity could build and cause lightning storms.",https://raw.githubusercontent.com/PokeAPI/sprites/master/sprites/pokemon/10199.png,0.1338582677165354,0.2702702702702703,0.1428571428571428,0.1941747572815534,0.1304347826086956,0.4358974358974359
1224,10200,Meowth-Gmax,Normal,None,40,45,35,40,40,90,290,33.0,1000.0,58.0,"['pickup', 'technician', 'unnerve']",unnerve,generation-1,,,False,yellow,quadruped,ground,urban,medium,255,70,Scratch Cat Pokémon,22,It washes its face regularly to keep the coin on its forehead spotless. It doesn’t get along with Galarian Meowth.,https://raw.githubusercontent.com/PokeAPI/sprites/master/sprites/pokemon/10200.png,0.1535433070866141,0.2162162162162162,0.1224489795918367,0.145631067961165,0.0869565217391304,0.4358974358974359
1225,10201,Machamp-Gmax,Fighting,None,90,130,80,65,85,55,505,25.0,1000.0,227.0,"['guts', 'no-guard', 'steadfast']",steadfast,generation-1,,,False,gray,humanoid,humanshape,mountain,medium-slow,45,70,Superpower Pokémon,28,"Using its heavy muscles, it throws powerful punches that can send the victim clear over the horizon.",https://raw.githubusercontent.com/PokeAPI/sprites/master/sprites/pokemon/10201.png,0.3503937007874015,0.6756756756756757,0.3061224489795918,0.2669902912621359,0.2826086956521739,0.2564102564102564
1226,10202,Gengar-Gmax,Ghost,Poison,60,65,60,130,75,110,500,20.0,1000.0,225.0,['cursed-body'],,generation-1,,,False,purple,upright,indeterminate,cave,medium-slow,45,70,Shadow Pokémon,40,"Under a full moon, this POKéMON likes to mimic the shadows of people and laugh at their fright.",https://raw.githubusercontent.com/PokeAPI/sprites/master/sprites/pokemon/10202.png,0.2322834645669291,0.3243243243243243,0.2244897959183673,0.5825242718446602,0.2391304347826087,0.5384615384615384
1227,10203,Kingler-Gmax,Water,None,55,130,115,50,50,75,475,19.0,1000.0,166.0,"['hyper-cutter', 'shell-armor', 'sheer-force']",sheer-force,generation-1,,,False,red,armor,water3,waters-edge,medium,60,70,Pincer Pokémon,43,"The large pincer has 10000 hp of crushing power. However, its huge size makes it unwieldy to use.",https://raw.githubusercontent.com/PokeAPI/sprites/master/sprites/pokemon/10203.png,0.2125984251968504,0.6756756756756757,0.4489795918367347,0.1941747572815534,0.1304347826086956,0.358974358974359
1228,10204,Lapras-Gmax,Water,Ice,130,85,80,85,95,60,535,24.0,1000.0,187.0,"['water-absorb', 'shell-armor', 'hydration']",hydration,generation-1,,,False,blue,fish,monster|water1,sea,slow,45,70,Transport Pokémon,65,A POKéMON that has been over­ hunted almost to extinction. It can ferry people across the water.,https://raw.githubusercontent.com/PokeAPI/sprites/master/sprites/pokemon/10204.png,0.5078740157480315,0.4324324324324324,0.3061224489795918,0.3640776699029126,0.3260869565217391,0.282051282051282
1229,10205,Eevee-Gmax,Normal,None,55,55,50,45,65,55,325,18.0,1000.0,65.0,"['run-away', 'adaptability', 'anticipation']",anticipation,generation-1,,,False,brown,quadruped,ground,urban,medium,45,70,Evolution Pokémon,67,Its genetic code is irregular. It may mutate if it is exposed to radiation from element STONEs.,https://raw.githubusercontent.com/PokeAPI/sprites/master/sprites/pokemon/10205.png,0.2125984251968504,0.2702702702702703,0.1836734693877551,0.1699029126213592,0.1956521739130435,0.2564102564102564
1230,10206,Snorlax-Gmax,Normal,None,160,110,65,65,110,30,540,35.0,1000.0,189.0,"['immunity', 'thick-fat', 'gluttony']",gluttony,generation-1,,,False,black,humanoid,monster,mountain,slow,25,70,Sleeping Pokémon,72,"Very lazy. Just eats and sleeps. As its rotund bulk builds, it becomes steadily more slothful.",https://raw.githubusercontent.com/PokeAPI/sprites/master/sprites/pokemon/10206.png,0.6259842519685039,0.5675675675675675,0.2448979591836734,0.2669902912621359,0.391304347826087,0.1282051282051282
1231,10207,Garbodor-Gmax,Poison,None,80,95,82,60,82,75,474,21.0,1000.0,166.0,"['stench', 'weak-armor', 'aftermath']",aftermath,generation-5,,,False,green,humanoid,mineral,,medium,60,70,Trash Heap Pokémon,290,It clenches opponents with its left arm and finishes them off with foul-smelling poison gas belched from its mouth.,https://raw.githubusercontent.com/PokeAPI/sprites/master/sprites/pokemon/10207.png,0.3110236220472441,0.4864864864864865,0.3142857142857143,0.2427184466019417,0.2695652173913043,0.358974358974359
1232,10208,Melmetal-Gmax,Steel,None,135,143,143,80,65,34,600,25.0,1000.0,270.0,['iron-fist'],,generation-7,,,False,gray,humanoid,no-eggs,,slow,3,0,Hex Nut Pokémon,429,"Revered long ago for its capacity to create iron from nothing, for some reason it has come back to life after 3,000 years.",https://raw.githubusercontent.com/PokeAPI/sprites/master/sprites/pokemon/10208.png,0.5275590551181102,0.745945945945946,0.563265306122449,0.3398058252427184,0.1956521739130435,0.1487179487179487
1233,10209,Rillaboom-Gmax,Grass,None,100,125,90,60,70,85,530,28.0,1000.0,265.0,"['overgrow', 'grassy-surge']",grassy-surge,generation-8,,,False,green,humanoid,ground|plant,,medium-slow,45,50,Drummer Pokémon,430,"By drumming, it taps into the power of its special tree stump. The roots of the stump follow its direction in battle.",https://raw.githubusercontent.com/PokeAPI/sprites/master/sprites/pokemon/10209.png,0.389763779527559,0.6486486486486487,0.3469387755102041,0.2427184466019417,0.217391304347826,0.4102564102564102
1234,10210,Cinderace-Gmax,Fire,None,80,116,75,65,75,119,530,27.0,1000.0,265.0,"['blaze', 'libero']",libero,generation-8,,,False,white,upright,ground|humanshape,,medium-slow,45,50,Striker Pokémon,431,"It juggles a pebble with its feet, turning it into a burning soccer ball. Its shots strike opponents hard and leave them scorched.",https://raw.githubusercontent.com/PokeAPI/sprites/master/sprites/pokemon/10210.png,0.3110236220472441,0.6,0.2857142857142857,0.2669902912621359,0.2391304347826087,0.5846153846153846
1235,10211,Inteleon-Gmax,Water,None,70,85,65,125,65,120,530,40.0,1000.0,265.0,"['torrent', 'sniper']",sniper,generation-8,,,False,blue,upright,water1|ground,,medium-slow,45,50,Secret Agent Pokémon,432,"It has many hidden capabilities, such as fingertips that can shoot water and a membrane on its back that it can use to glide through the air.",https://raw.githubusercontent.com/PokeAPI/sprites/master/sprites/pokemon/10211.png,0.2716535433070866,0.4324324324324324,0.2448979591836734,0.558252427184466,0.1956521739130435,0.5897435897435898
1236,10212,Corviknight-Gmax,Flying,Steel,98,87,105,53,85,67,495,14.0,1000.0,248.0,"['pressure', 'unnerve', 'mirror-armor']",mirror-armor,generation-8,,,False,purple,wings,flying,,medium-slow,45,50,Raven Pokémon,434,This Pokémon reigns supreme in the skies of the Galar region. The black luster of its steel body could drive terror into the heart of any foe.,https://raw.githubusercontent.com/PokeAPI/sprites/master/sprites/pokemon/10212.png,0.3818897637795275,0.4432432432432432,0.4081632653061224,0.2087378640776699,0.2826086956521739,0.3179487179487179
1237,10213,Orbeetle-Gmax,Bug,Psychic,60,45,110,80,120,90,505,14.0,1000.0,253.0,"['swarm', 'frisk', 'telepathy']",telepathy,generation-8,,,False,red,wings,bug,,medium,45,50,Seven Spot Pokémon,435,"It’s famous for its high level of intelligence, and the large size of its brain is proof that it also possesses immense psychic power.",https://raw.githubusercontent.com/PokeAPI/sprites/master/sprites/pokemon/10213.png,0.2322834645669291,0.2162162162162162,0.4285714285714285,0.3398058252427184,0.4347826086956521,0.4358974358974359
1238,10214,Drednaw-Gmax,Water,Rock,90,115,90,48,68,74,485,24.0,1000.0,170.0,"['strong-jaw', 'shell-armor', 'swift-swim']",swift-swim,generation-8,,,False,green,quadruped,monster|water1,,medium,75,50,Bite Pokémon,439,"With jaws that can shear through steel rods, this highly aggressive Pokémon chomps down on its unfortunate prey.",https://raw.githubusercontent.com/PokeAPI/sprites/master/sprites/pokemon/10214.png,0.3503937007874015,0.5945945945945946,0.3469387755102041,0.1844660194174757,0.208695652173913,0.3538461538461538
1239,10215,Coalossal-Gmax,Rock,Fire,110,80,120,80,90,30,510,42.0,1000.0,255.0,"['steam-engine', 'flame-body', 'flash-fire']",flash-fire,generation-8,,,False,black,humanoid,mineral,,medium-slow,45,50,Coal Pokémon,441,"It’s usually peaceful, but the vandalism of mines enrages it. Offenders will be incinerated with flames that reach 2,700 degrees Fahrenheit.",https://raw.githubusercontent.com/PokeAPI/sprites/master/sprites/pokemon/10215.png,0.4291338582677165,0.4054054054054054,0.4693877551020408,0.3398058252427184,0.3043478260869565,0.1282051282051282
1240,10216,Flapple-Gmax,Grass,Dragon,70,110,80,95,60,70,485,24.0,1000.0,170.0,"['ripen', 'gluttony', 'hustle']",hustle,generation-8,,,False,green,wings,plant|dragon,,slow-then-very-fast,45,50,Apple Wing Pokémon,442,"It ate a sour apple, and that induced its evolution. In its cheeks, it stores an acid capable of causing chemical burns.",https://raw.githubusercontent.com/PokeAPI/sprites/master/sprites/pokemon/10216.png,0.2716535433070866,0.5675675675675675,0.3061224489795918,0.4126213592233009,0.1739130434782608,0.3333333333333333
1241,10217,Appletun-Gmax,Grass,Dragon,110,85,80,100,80,30,485,24.0,1000.0,170.0,"['ripen', 'gluttony', 'thick-fat']",thick-fat,generation-8,,,False,green,quadruped,plant|dragon,,slow-then-very-fast,45,50,Apple Nectar Pokémon,442,"Eating a sweet apple caused its evolution. A nectarous scent wafts from its body, luring in the bug Pokémon it preys on.",https://raw.githubusercontent.com/PokeAPI/sprites/master/sprites/pokemon/10217.png,0.4291338582677165,0.4324324324324324,0.3061224489795918,0.4368932038834951,0.2608695652173913,0.1282051282051282
1242,10218,Sandaconda-Gmax,Ground,None,72,107,125,65,70,71,510,22.0,1000.0,179.0,"['sand-spit', 'shed-skin', 'sand-veil']",sand-veil,generation-8,,,False,green,squiggle,ground|dragon,,medium,120,50,Sand Snake Pokémon,443,"When it contracts its body, over 220 pounds of sand sprays from its nose. If it ever runs out of sand, it becomes disheartened.",https://raw.githubusercontent.com/PokeAPI/sprites/master/sprites/pokemon/10218.png,0.2795275590551181,0.5513513513513514,0.4897959183673469,0.2669902912621359,0.217391304347826,0.3384615384615385
1243,10219,Toxtricity-Amped-Gmax,Electric,Poison,75,98,70,114,70,75,502,24.0,1000.0,176.0,"['punk-rock', 'plus', 'technician']",technician,generation-8,,,False,purple,upright,humanshape,,medium-slow,45,50,Punk Pokémon,446,"When this Pokémon sounds as if it’s strumming a guitar, it’s actually clawing at the protrusions on its chest to generate electricity.",https://raw.githubusercontent.com/PokeAPI/sprites/master/sprites/pokemon/10219.png,0.2913385826771653,0.5027027027027027,0.2653061224489796,0.5048543689320388,0.217391304347826,0.358974358974359
1244,10220,Centiskorch-Gmax,Fire,Bug,100,115,65,90,90,65,525,75.0,1000.0,184.0,"['flash-fire', 'white-smoke', 'flame-body']",flame-body,generation-8,,,False,red,tentacles,bug,,medium,75,50,Radiator Pokémon,447,"When it heats up, its body temperature reaches about 1,500 degrees Fahrenheit. It lashes its body like a whip and launches itself at enemies.",https://raw.githubusercontent.com/PokeAPI/sprites/master/sprites/pokemon/10220.png,0.389763779527559,0.5945945945945946,0.2448979591836734,0.3883495145631068,0.3043478260869565,0.3076923076923077
1245,10221,Hatterene-Gmax,Psychic,Fairy,57,90,95,136,103,29,510,26.0,1000.0,255.0,"['healer', 'anticipation', 'magic-bounce']",magic-bounce,generation-8,,,False,pink,blob,fairy,,slow,45,50,Silent Pokémon,450,It emits psychic power strong enough to cause headaches as a deterrent to the approach of others.,https://raw.githubusercontent.com/PokeAPI/sprites/master/sprites/pokemon/10221.png,0.2204724409448819,0.4594594594594595,0.3673469387755102,0.6116504854368932,0.3608695652173913,0.123076923076923
1246,10222,Grimmsnarl-Gmax,Dark,Fairy,95,120,65,95,75,60,510,32.0,1000.0,255.0,"['prankster', 'frisk', 'pickpocket']",pickpocket,generation-8,,,False,purple,humanoid,fairy|humanshape,,medium,45,50,Bulk Up Pokémon,451,"With the hair wrapped around its body helping to enhance its muscles, this Pokémon can overwhelm even Machamp.",https://raw.githubusercontent.com/PokeAPI/sprites/master/sprites/pokemon/10222.png,0.3700787401574803,0.6216216216216216,0.2448979591836734,0.4126213592233009,0.2391304347826087,0.282051282051282
1247,10223,Alcremie-Gmax,Fairy,None,65,60,75,110,121,64,495,30.0,1000.0,173.0,"['sweet-veil', 'aroma-veil']",aroma-veil,generation-8,,,False,white,blob,fairy|indeterminate,,medium,100,50,Cream Pokémon,452,"When it trusts a Trainer, it will treat them to berries it’s decorated with cream.",https://raw.githubusercontent.com/PokeAPI/sprites/master/sprites/pokemon/10223.png,0.2519685039370078,0.2972972972972973,0.2857142857142857,0.4854368932038835,0.4391304347826087,0.3025641025641025
1248,10224,Copperajah-Gmax,Steel,None,122,130,69,80,69,30,500,23.0,1000.0,175.0,"['sheer-force', 'heavy-metal']",heavy-metal,generation-8,,,False,green,quadruped,ground|mineral,,medium,90,50,Copperderm Pokémon,460,They came over from another region long ago and worked together with humans. Their green skin is resistant to water.,https://raw.githubusercontent.com/PokeAPI/sprites/master/sprites/pokemon/10224.png,0.4763779527559055,0.6756756756756757,0.2612244897959184,0.3398058252427184,0.2130434782608695,0.1282051282051282
1249,10225,Duraludon-Gmax,Steel,Dragon,70,95,115,120,50,85,535,43.0,1000.0,187.0,"['light-metal', 'heavy-metal', 'stalwart']",stalwart,generation-8,,,False,white,upright,mineral|dragon,,medium,45,50,Alloy Pokémon,465,"Its body resembles polished metal, and it’s both lightweight and strong. The only drawback is that it rusts easily.",https://raw.githubusercontent.com/PokeAPI/sprites/master/sprites/pokemon/10225.png,0.2716535433070866,0.4864864864864865,0.4489795918367347,0.5339805825242718,0.1304347826086956,0.4102564102564102
1250,10226,Urshifu-Single-Strike-Gmax,Fighting,Dark,100,130,100,63,60,97,550,29.0,1000.0,275.0,['unseen-fist'],,generation-8,,,False,gray,humanoid,no-eggs,,slow,3,50,Wushu Pokémon,470,This form of Urshifu is a strong believer in the one-hit KO. Its strategy is to leap in close to foes and land a devastating blow with a hardened fist.,https://raw.githubusercontent.com/PokeAPI/sprites/master/sprites/pokemon/10226.png,0.389763779527559,0.6756756756756757,0.3877551020408163,0.2572815533980582,0.1739130434782608,0.4717948717948718
1251,10227,Urshifu-Rapid-Strike-Gmax,Fighting,Water,100,130,100,63,60,97,550,26.0,1000.0,275.0,['unseen-fist'],,generation-8,,,False,gray,humanoid,no-eggs,,slow,3,50,Wushu Pokémon,470,This form of Urshifu is a strong believer in the one-hit KO. Its strategy is to leap in close to foes and land a devastating blow with a hardened fist.,https://raw.githubusercontent.com/PokeAPI/sprites/master/sprites/pokemon/10227.png,0.389763779527559,0.6756756756756757,0.3877551020408163,0.2572815533980582,0.1739130434782608,0.4717948717948718
1252,10228,Toxtricity-Low-Key-Gmax,Electric,Poison,75,98,70,114,70,75,502,24.0,1000.0,176.0,"['punk-rock', 'minus', 'technician']",technician,generation-8,,,False,purple,upright,humanshape,,medium-slow,45,50,Punk Pokémon,446,"When this Pokémon sounds as if it’s strumming a guitar, it’s actually clawing at the protrusions on its chest to generate electricity.",https://raw.githubusercontent.com/PokeAPI/sprites/master/sprites/pokemon/10228.png,0.2913385826771653,0.5027027027027027,0.2653061224489796,0.5048543689320388,0.217391304347826,0.358974358974359
1253,10229,Growlithe-Hisui,Fire,Rock,60,75,45,65,50,55,350,0.8,22.7,70.0,"['intimidate', 'flash-fire', 'rock-head']",rock-head,generation-1,,,False,brown,quadruped,ground,grassland,slow,190,70,Puppy Pokémon,25,Very protective of its territory. It will bark and bite to repel intruders from its space.,https://raw.githubusercontent.com/PokeAPI/sprites/master/sprites/pokemon/10229.png,0.2322834645669291,0.3783783783783784,0.1632653061224489,0.2669902912621359,0.1304347826086956,0.2564102564102564
1254,10230,Arcanine-Hisui,Fire,Rock,95,115,80,95,80,90,555,2.0,168.0,194.0,"['intimidate', 'flash-fire', 'rock-head']",rock-head,generation-1,,,False,brown,quadruped,ground,grassland,slow,75,70,Legendary Pokémon,25,A POKéMON that has been admired since the past for its beauty. It runs agilely as if on wings.,https://raw.githubusercontent.com/PokeAPI/sprites/master/sprites/pokemon/10230.png,0.3700787401574803,0.5945945945945946,0.3061224489795918,0.4126213592233009,0.2608695652173913,0.4358974358974359
1255,10231,Voltorb-Hisui,Electric,Grass,40,30,50,55,55,100,330,0.5,13.0,66.0,"['soundproof', 'static', 'aftermath']",aftermath,generation-1,,,False,red,ball,mineral,urban,medium,190,70,Ball Pokémon,44,"Usually found in power plants. Easily mistaken for a POKé BALL, they have zapped many people.",https://raw.githubusercontent.com/PokeAPI/sprites/master/sprites/pokemon/10231.png,0.1535433070866141,0.1351351351351351,0.1836734693877551,0.2184466019417475,0.1521739130434782,0.4871794871794871
1256,10232,Electrode-Hisui,Electric,Grass,60,50,70,80,80,150,490,1.2,71.0,172.0,"['soundproof', 'static', 'aftermath']",aftermath,generation-1,,,False,red,ball,mineral,urban,medium,60,70,Ball Pokémon,44,It stores electric energy under very high pressure. It often explodes with little or no provocation.,https://raw.githubusercontent.com/PokeAPI/sprites/master/sprites/pokemon/10232.png,0.2322834645669291,0.2432432432432432,0.2653061224489796,0.3398058252427184,0.2608695652173913,0.7435897435897436
1257,10233,Typhlosion-Hisui,Fire,Ghost,73,84,78,119,85,95,534,1.6,69.8,240.0,"['blaze', 'frisk']",frisk,generation-2,,,False,yellow,quadruped,ground,grassland,medium-slow,45,70,Volcano Pokémon,80,"If its rage peaks, it becomes so hot that anything that touches it will instantly go up in flames.",https://raw.githubusercontent.com/PokeAPI/sprites/master/sprites/pokemon/10233.png,0.2834645669291338,0.427027027027027,0.2979591836734694,0.529126213592233,0.2826086956521739,0.4615384615384615
1258,10234,Qwilfish-Hisui,Dark,Poison,65,95,85,55,55,85,440,0.5,3.9,88.0,"['poison-point', 'swift-swim', 'intimidate']",intimidate,generation-2,,,False,gray,fish,water2,sea,medium,45,70,Balloon Pokémon,106,"To fire its poison spikes, it must inflate its body by drinking over 2.6 gallons of water all at once.",https://raw.githubusercontent.com/PokeAPI/sprites/master/sprites/pokemon/10234.png,0.2519685039370078,0.4864864864864865,0.3265306122448979,0.2184466019417475,0.1521739130434782,0.4102564102564102
1259,10235,Sneasel-Hisui,Fighting,Poison,55,95,55,35,75,115,430,0.9,27.0,86.0,"['inner-focus', 'keen-eye', 'pickpocket']",pickpocket,generation-2,,,False,black,upright,ground,forest,medium-slow,60,35,Sharp Claw Pokémon,109,"Its paws conceal sharp claws. If attacked, it sud­ denly extends the claws and startles its enemy.",https://raw.githubusercontent.com/PokeAPI/sprites/master/sprites/pokemon/10235.png,0.2125984251968504,0.4864864864864865,0.2040816326530612,0.1213592233009708,0.2391304347826087,0.5641025641025641
1260,10236,Samurott-Hisui,Water,Dark,90,108,80,100,65,85,528,1.5,58.2,238.0,"['torrent', 'sharpness']",sharpness,generation-5,,,False,blue,quadruped,ground,,medium-slow,45,70,Formidable Pokémon,258,One swing of the sword incorporated in its armor can fell an opponent. A simple glare from one of them quiets everybody.,https://raw.githubusercontent.com/PokeAPI/sprites/master/sprites/pokemon/10236.png,0.3503937007874015,0.5567567567567567,0.3061224489795918,0.4368932038834951,0.1956521739130435,0.4102564102564102
1261,10237,Lilligant-Hisui,Grass,Fighting,70,105,75,50,75,105,480,1.2,19.2,168.0,"['chlorophyll', 'hustle', 'leaf-guard']",leaf-guard,generation-5,,,False,green,blob,plant,,medium,75,70,Flowering Pokémon,279,Even veteran Trainers face a challenge in getting its beautiful flower to bloom. This Pokémon is popular with celebrities.,https://raw.githubusercontent.com/PokeAPI/sprites/master/sprites/pokemon/10237.png,0.2716535433070866,0.5405405405405406,0.2857142857142857,0.1941747572815534,0.2391304347826087,0.5128205128205128
1262,10238,Zorua-Hisui,Normal,Ghost,35,60,40,85,40,70,330,0.7,12.5,66.0,['illusion'],,generation-5,,,False,gray,quadruped,ground,,medium-slow,75,70,Tricky Fox Pokémon,291,"It changes into the forms of others to surprise them. Apparently, it often transforms into a silent child.",https://raw.githubusercontent.com/PokeAPI/sprites/master/sprites/pokemon/10238.png,0.1338582677165354,0.2972972972972973,0.1428571428571428,0.3640776699029126,0.0869565217391304,0.3333333333333333
1263,10239,Zoroark-Hisui,Normal,Ghost,55,100,60,125,60,110,510,1.6,73.0,179.0,['illusion'],,generation-5,,,False,gray,upright,ground,,medium-slow,45,70,Illusion Fox Pokémon,291,Bonds between these Pokémon are very strong. It protects the safety of its pack by tricking its opponents.,https://raw.githubusercontent.com/PokeAPI/sprites/master/sprites/pokemon/10239.png,0.2125984251968504,0.5135135135135135,0.2244897959183673,0.558252427184466,0.1739130434782608,0.5384615384615384
1264,10240,Braviary-Hisui,Psychic,Flying,110,83,70,112,70,65,510,1.7,43.4,179.0,"['keen-eye', 'sheer-force', 'tinted-lens']",tinted-lens,generation-5,,,False,red,wings,flying,,slow,60,70,Valiant Pokémon,319,They fight for their friends without any thought about danger to themselves. One can carry a car while flying.,https://raw.githubusercontent.com/PokeAPI/sprites/master/sprites/pokemon/10240.png,0.4291338582677165,0.4216216216216216,0.2653061224489796,0.4951456310679611,0.217391304347826,0.3076923076923077
1265,10241,Sliggoo-Hisui,Steel,Dragon,58,75,83,83,113,40,452,0.7,68.5,158.0,"['sap-sipper', 'shell-armor', 'gooey']",gooey,generation-6,,,False,purple,squiggle,dragon,,slow,45,35,Soft Tissue Pokémon,362,"It drives away opponents by excreting a sticky liquid that can dissolve anything. Its eyes devolved, so it can’t see anything.",https://raw.githubusercontent.com/PokeAPI/sprites/master/sprites/pokemon/10241.png,0.2244094488188976,0.3783783783783784,0.3183673469387755,0.3543689320388349,0.4043478260869565,0.1794871794871795
1266,10242,Goodra-Hisui,Steel,Dragon,80,100,100,110,150,60,600,1.7,334.1,270.0,"['sap-sipper', 'shell-armor', 'gooey']",gooey,generation-6,,,False,purple,upright,dragon,,slow,45,35,Dragon Pokémon,362,"This very friendly Dragon-type Pokémon will hug its beloved Trainer, leaving that Trainer covered in sticky slime.",https://raw.githubusercontent.com/PokeAPI/sprites/master/sprites/pokemon/10242.png,0.3110236220472441,0.5135135135135135,0.3877551020408163,0.4854368932038835,0.5652173913043478,0.282051282051282
1267,10243,Avalugg-Hisui,Ice,Rock,95,127,184,34,36,38,514,1.4,262.4,180.0,"['strong-jaw', 'ice-body', 'sturdy']",sturdy,generation-6,,,False,blue,quadruped,monster|mineral,,medium,55,70,Iceberg Pokémon,366,Its ice-covered body is as hard as steel. Its cumbersome frame crushes anything that stands in its way.,https://raw.githubusercontent.com/PokeAPI/sprites/master/sprites/pokemon/10243.png,0.3700787401574803,0.6594594594594595,0.7306122448979592,0.116504854368932,0.0695652173913043,0.1692307692307692
1268,10244,Decidueye-Hisui,Grass,Fighting,88,112,80,95,95,60,530,1.6,37.0,239.0,"['overgrow', 'scrappy']",scrappy,generation-7,,,False,brown,wings,flying,,medium-slow,45,70,Arrow Quill Pokémon,374,"It fires arrow quills from its wings with such precision, they can pierce a pebble at distances over a hundred yards.",https://raw.githubusercontent.com/PokeAPI/sprites/master/sprites/pokemon/10244.png,0.3425196850393701,0.5783783783783784,0.3061224489795918,0.4126213592233009,0.3260869565217391,0.282051282051282
1269,10245,Dialga-Origin,Steel,Dragon,100,100,120,150,120,90,680,7.0,848.7,306.0,"['pressure', 'telepathy']",telepathy,generation-4,,,False,white,quadruped,no-eggs,,slow,3,0,Temporal Pokémon,244,It has the power to control time. It appears in Sinnoh-region myths as an ancient deity.,https://raw.githubusercontent.com/PokeAPI/sprites/master/sprites/pokemon/10245.png,0.389763779527559,0.5135135135135135,0.4693877551020408,0.6796116504854369,0.4347826086956521,0.4358974358974359
1270,10246,Palkia-Origin,Water,Dragon,90,100,100,150,120,120,680,6.3,659.0,306.0,"['pressure', 'telepathy']",telepathy,generation-4,,,False,purple,upright,no-eggs,,slow,3,0,Spatial Pokémon,245,It has the ability to distort space. It is described as a deity in Sinnoh-region mythology.,https://raw.githubusercontent.com/PokeAPI/sprites/master/sprites/pokemon/10246.png,0.3503937007874015,0.5135135135135135,0.3877551020408163,0.6796116504854369,0.4347826086956521,0.5897435897435898
1271,10247,Basculin-White-Striped,Water,None,70,92,65,80,55,98,460,1.0,18.0,161.0,"['rattled', 'adaptability', 'mold-breaker']",mold-breaker,generation-5,,,False,green,fish,water2,,medium,25,70,Hostile Pokémon,280,"Red and blue Basculin get along so poorly, they’ll start fighting instantly. These Pokémon are very hostile.",https://raw.githubusercontent.com/PokeAPI/sprites/master/sprites/pokemon/10247.png,0.2716535433070866,0.4702702702702703,0.2448979591836734,0.3398058252427184,0.1521739130434782,0.4769230769230769
1272,10248,Basculegion-Female,Water,Ghost,120,92,65,100,75,78,530,3.0,110.0,265.0,"['swift-swim', 'adaptability', 'mold-breaker']",mold-breaker,generation-8,,,False,green,fish,water2,,medium,135,50,Big Fish Pokémon,280,Clads itself in the souls of comrades that perished before fulfilling their goals of journeying upstream. No other species throughout all Hisui's rivers is Basculegion's equal.,https://raw.githubusercontent.com/PokeAPI/sprites/master/sprites/pokemon/10248.png,0.468503937007874,0.4702702702702703,0.2448979591836734,0.4368932038834951,0.2391304347826087,0.3743589743589743
1273,10249,Enamorus-Therian,Fairy,Flying,74,115,110,135,100,46,580,1.6,48.0,116.0,['overcoat'],,generation-8,,,False,pink,arms,no-eggs,,slow,3,50,Love-Hate Pokémon,477,"When it flies to this land from across the sea, the bitter winter comes to an end. According to legend, this Pokémon's love gives rise to the budding of fresh life across Hisui.",https://raw.githubusercontent.com/PokeAPI/sprites/master/sprites/pokemon/10249.png,0.2874015748031496,0.5945945945945946,0.4285714285714285,0.6067961165048543,0.3478260869565217,0.2102564102564102
1274,10250,Tauros-Paldea-Combat-Breed,Fighting,None,75,110,105,30,70,100,490,1.4,115.0,172.0,"['intimidate', 'anger-point', 'cud-chew']",cud-chew,generation-1,,,False,brown,quadruped,ground,grassland,slow,45,70,Wild Bull Pokémon,63,"When it targets an enemy, it charges furiously while whipping its body with its long tails.",https://raw.githubusercontent.com/PokeAPI/sprites/master/sprites/pokemon/10250.png,0.2913385826771653,0.5675675675675675,0.4081632653061224,0.0970873786407767,0.217391304347826,0.4871794871794871
1275,10251,Tauros-Paldea-Blaze-Breed,Fighting,Fire,75,110,105,30,70,100,490,1.4,85.0,172.0,"['intimidate', 'anger-point', 'cud-chew']",cud-chew,generation-1,,,False,brown,quadruped,ground,grassland,slow,45,70,Wild Bull Pokémon,63,"When it targets an enemy, it charges furiously while whipping its body with its long tails.",https://raw.githubusercontent.com/PokeAPI/sprites/master/sprites/pokemon/10251.png,0.2913385826771653,0.5675675675675675,0.4081632653061224,0.0970873786407767,0.217391304347826,0.4871794871794871
1276,10252,Tauros-Paldea-Aqua-Breed,Fighting,Water,75,110,105,30,70,100,490,1.4,110.0,172.0,"['intimidate', 'anger-point', 'cud-chew']",cud-chew,generation-1,,,False,brown,quadruped,ground,grassland,slow,45,70,Wild Bull Pokémon,63,"When it targets an enemy, it charges furiously while whipping its body with its long tails.",https://raw.githubusercontent.com/PokeAPI/sprites/master/sprites/pokemon/10252.png,0.2913385826771653,0.5675675675675675,0.4081632653061224,0.0970873786407767,0.217391304347826,0.4871794871794871
1277,10253,Wooper-Paldea,Poison,Ground,55,45,45,25,25,15,210,0.4,11.0,42.0,"['poison-point', 'water-absorb', 'unaware']",unaware,generation-2,,,False,blue,legs,water1|ground,waters-edge,medium,255,70,Water Fish Pokémon,96,This POKéMON lives in cold water. It will leave the water to search for food when it gets cold outside.,https://raw.githubusercontent.com/PokeAPI/sprites/master/sprites/pokemon/10253.png,0.2125984251968504,0.2162162162162162,0.1632653061224489,0.0728155339805825,0.0217391304347826,0.0512820512820512
1278,10254,Oinkologne-Female,Normal,None,115,90,70,59,90,65,489,1.0,120.0,171.0,"['aroma-veil', 'gluttony', 'thick-fat']",thick-fat,generation-9,,,False,gray,quadruped,ground,,medium,100,50,Hog Pokémon,481,"Oinkologne is proud of its fine, glossy skin. It emits a concentrated scent from the tip of its tail.",https://raw.githubusercontent.com/PokeAPI/sprites/master/sprites/pokemon/10254.png,0.4488188976377952,0.4594594594594595,0.2653061224489796,0.2378640776699029,0.3043478260869565,0.3076923076923077
1279,10255,Dudunsparce-Three-Segment,Normal,None,125,100,80,85,75,55,520,4.5,47.4,182.0,"['serene-grace', 'run-away', 'rattled']",rattled,generation-9,,,False,yellow,squiggle,ground,,medium,45,50,Land Snake Pokémon,103,This Pokémon uses its hard tail to make its nest by boring holes into bedrock deep underground. The nest can reach lengths of over six miles.,https://raw.githubusercontent.com/PokeAPI/sprites/master/sprites/pokemon/10255.png,0.4881889763779528,0.5135135135135135,0.3061224489795918,0.3640776699029126,0.2391304347826087,0.2564102564102564
1280,10256,Palafin-Hero,Water,None,100,160,97,106,87,100,650,1.8,97.4,160.0,['zero-to-hero'],,generation-9,,,False,blue,fish,ground|water2,,slow,45,50,Dolphin Pokémon,504,This Pokémon changes its appearance if it hears its allies calling for help. Palafin will never show anybody its moment of transformation.,https://raw.githubusercontent.com/PokeAPI/sprites/master/sprites/pokemon/10256.png,0.389763779527559,0.8378378378378378,0.3755102040816326,0.4660194174757281,0.2913043478260869,0.4871794871794871
1281,10257,Maushold-Family-Of-Three,Normal,None,74,75,70,65,75,111,470,0.3,2.8,165.0,"['friend-guard', 'cheek-pouch', 'technician']",technician,generation-9,,,False,white,heads,ground|fairy,,fast,75,50,Family Pokémon,485,"The two little ones just appeared one day. The group might be a family of related Pokémon, but nobody knows for sure.",https://raw.githubusercontent.com/PokeAPI/sprites/master/sprites/pokemon/10257.png,0.2874015748031496,0.3783783783783784,0.2653061224489796,0.2669902912621359,0.2391304347826087,0.5435897435897435
1282,10258,Tatsugiri-Droopy,Dragon,Water,68,50,60,120,95,82,475,0.3,8.0,166.0,"['commander', 'storm-drain']",storm-drain,generation-9,,,False,pink,fish,water2,,medium-slow,100,50,Mimicry Pokémon,514,This is a small dragon Pokémon. It lives inside the mouth of Dondozo to protect itself from enemies on the outside.,https://raw.githubusercontent.com/PokeAPI/sprites/master/sprites/pokemon/10258.png,0.2637795275590551,0.2432432432432432,0.2244897959183673,0.5339805825242718,0.3260869565217391,0.3948717948717948
1283,10259,Tatsugiri-Stretchy,Dragon,Water,68,50,60,120,95,82,475,0.3,8.0,166.0,"['commander', 'storm-drain']",storm-drain,generation-9,,,False,pink,fish,water2,,medium-slow,100,50,Mimicry Pokémon,514,This is a small dragon Pokémon. It lives inside the mouth of Dondozo to protect itself from enemies on the outside.,https://raw.githubusercontent.com/PokeAPI/sprites/master/sprites/pokemon/10259.png,0.2637795275590551,0.2432432432432432,0.2244897959183673,0.5339805825242718,0.3260869565217391,0.3948717948717948
1284,10260,Squawkabilly-Blue-Plumage,Normal,Flying,82,96,51,45,51,92,417,0.6,2.4,146.0,"['intimidate', 'hustle', 'guts']",guts,generation-9,,,False,green,wings,flying,,slow-then-very-fast,190,50,Parrot Pokémon,488,"These Pokémon prefer to live in cities. They form flocks based on the color of their feathers, and they fight over territory.",https://raw.githubusercontent.com/PokeAPI/sprites/master/sprites/pokemon/10260.png,0.3188976377952756,0.4918918918918919,0.1877551020408163,0.1699029126213592,0.1347826086956521,0.4461538461538462
1285,10261,Squawkabilly-Yellow-Plumage,Normal,Flying,82,96,51,45,51,92,417,0.6,2.4,146.0,"['intimidate', 'hustle', 'sheer-force']",sheer-force,generation-9,,,False,green,wings,flying,,slow-then-very-fast,190,50,Parrot Pokémon,488,"These Pokémon prefer to live in cities. They form flocks based on the color of their feathers, and they fight over territory.",https://raw.githubusercontent.com/PokeAPI/sprites/master/sprites/pokemon/10261.png,0.3188976377952756,0.4918918918918919,0.1877551020408163,0.1699029126213592,0.1347826086956521,0.4461538461538462
1286,10262,Squawkabilly-White-Plumage,Normal,Flying,82,96,51,45,51,92,417,0.6,2.4,146.0,"['intimidate', 'hustle', 'sheer-force']",sheer-force,generation-9,,,False,green,wings,flying,,slow-then-very-fast,190,50,Parrot Pokémon,488,"These Pokémon prefer to live in cities. They form flocks based on the color of their feathers, and they fight over territory.",https://raw.githubusercontent.com/PokeAPI/sprites/master/sprites/pokemon/10262.png,0.3188976377952756,0.4918918918918919,0.1877551020408163,0.1699029126213592,0.1347826086956521,0.4461538461538462
1287,10263,Gimmighoul-Roaming,Ghost,None,45,30,25,75,45,80,300,0.1,1.0,60.0,['run-away'],,generation-9,,,False,brown,blob,no-eggs,,slow,45,50,Coin Chest Pokémon,528,"This Pokémon was born inside a treasure chest about 1,500 years ago. It sucks the life-force out of scoundrels who try to steal the treasure.",https://raw.githubusercontent.com/PokeAPI/sprites/master/sprites/pokemon/10263.png,0.1732283464566929,0.1351351351351351,0.0816326530612244,0.3155339805825243,0.108695652173913,0.3846153846153846
1288,10264,Koraidon-Limited-Build,Fighting,Dragon,100,135,115,85,100,135,670,3.5,303.0,335.0,['orichalcum-pulse'],,generation-9,,,False,red,upright,no-eggs,,slow,3,0,Paradox Pokémon,535,This seems to be the Winged King mentioned in an old expedition journal. It was said to have split the land with its bare fists.,,0.389763779527559,0.7027027027027027,0.4489795918367347,0.3640776699029126,0.3478260869565217,0.6666666666666666
1289,10265,Koraidon-Sprinting-Build,Fighting,Dragon,100,135,115,85,100,135,670,3.5,303.0,335.0,['orichalcum-pulse'],,generation-9,,,False,red,upright,no-eggs,,slow,3,0,Paradox Pokémon,535,This seems to be the Winged King mentioned in an old expedition journal. It was said to have split the land with its bare fists.,,0.389763779527559,0.7027027027027027,0.4489795918367347,0.3640776699029126,0.3478260869565217,0.6666666666666666
1290,10266,Koraidon-Swimming-Build,Fighting,Dragon,100,135,115,85,100,135,670,3.5,303.0,335.0,['orichalcum-pulse'],,generation-9,,,False,red,upright,no-eggs,,slow,3,0,Paradox Pokémon,535,This seems to be the Winged King mentioned in an old expedition journal. It was said to have split the land with its bare fists.,,0.389763779527559,0.7027027027027027,0.4489795918367347,0.3640776699029126,0.3478260869565217,0.6666666666666666
1291,10267,Koraidon-Gliding-Build,Fighting,Dragon,100,135,115,85,100,135,670,3.5,303.0,335.0,['orichalcum-pulse'],,generation-9,,,False,red,upright,no-eggs,,slow,3,0,Paradox Pokémon,535,This seems to be the Winged King mentioned in an old expedition journal. It was said to have split the land with its bare fists.,,0.389763779527559,0.7027027027027027,0.4489795918367347,0.3640776699029126,0.3478260869565217,0.6666666666666666
1292,10268,Miraidon-Low-Power-Mode,Electric,Dragon,100,85,100,135,115,135,670,2.8,240.0,335.0,['hadron-engine'],,generation-9,,,False,blue,quadruped,no-eggs,,slow,3,0,Paradox Pokémon,536,"Much remains unknown about this creature. It resembles Cyclizar, but it is far more ruthless and powerful.",,0.389763779527559,0.4324324324324324,0.3877551020408163,0.6067961165048543,0.4130434782608695,0.6666666666666666
1293,10269,Miraidon-Drive-Mode,Electric,Dragon,100,85,100,135,115,135,670,2.8,240.0,335.0,['hadron-engine'],,generation-9,,,False,blue,quadruped,no-eggs,,slow,3,0,Paradox Pokémon,536,"Much remains unknown about this creature. It resembles Cyclizar, but it is far more ruthless and powerful.",,0.389763779527559,0.4324324324324324,0.3877551020408163,0.6067961165048543,0.4130434782608695,0.6666666666666666
1294,10270,Miraidon-Aquatic-Mode,Electric,Dragon,100,85,100,135,115,135,670,2.8,240.0,335.0,['hadron-engine'],,generation-9,,,False,blue,quadruped,no-eggs,,slow,3,0,Paradox Pokémon,536,"Much remains unknown about this creature. It resembles Cyclizar, but it is far more ruthless and powerful.",,0.389763779527559,0.4324324324324324,0.3877551020408163,0.6067961165048543,0.4130434782608695,0.6666666666666666
1295,10271,Miraidon-Glide-Mode,Electric,Dragon,100,85,100,135,115,135,670,2.8,240.0,335.0,['hadron-engine'],,generation-9,,,False,blue,quadruped,no-eggs,,slow,3,0,Paradox Pokémon,536,"Much remains unknown about this creature. It resembles Cyclizar, but it is far more ruthless and powerful.",,0.389763779527559,0.4324324324324324,0.3877551020408163,0.6067961165048543,0.4130434782608695,0.6666666666666666
1296,10272,Ursaluna-Bloodmoon,Ground,Normal,113,70,120,135,65,52,555,2.4,290.0,275.0,['minds-eye'],,generation-8,,,False,brown,quadruped,ground,,medium,75,50,Peat Pokémon,110,I believe it was Hisui's swampy terrain that gave Ursaluna its burly physique and newfound capacity to manipulate peat at will.,https://raw.githubusercontent.com/PokeAPI/sprites/master/sprites/pokemon/10272.png,0.4409448818897638,0.3513513513513513,0.4693877551020408,0.6067961165048543,0.1956521739130435,0.241025641025641
1297,10273,Ogerpon-Wellspring-Mask,Grass,Water,80,120,84,60,96,110,550,1.2,39.8,275.0,['water-absorb'],,generation-9,,,False,green,humanoid,no-eggs,,slow,5,50,Mask Pokémon,543,This Pokémon's type changes based on which mask it's wearing. It confounds its enemies with nimble movements and kicks.,https://raw.githubusercontent.com/PokeAPI/sprites/master/sprites/pokemon/10273.png,0.3110236220472441,0.6216216216216216,0.3224489795918367,0.2427184466019417,0.3304347826086956,0.5384615384615384
1298,10274,Ogerpon-Hearthflame-Mask,Grass,Fire,80,120,84,60,96,110,550,1.2,39.8,275.0,['mold-breaker'],,generation-9,,,False,green,humanoid,no-eggs,,slow,5,50,Mask Pokémon,543,This Pokémon's type changes based on which mask it's wearing. It confounds its enemies with nimble movements and kicks.,https://raw.githubusercontent.com/PokeAPI/sprites/master/sprites/pokemon/10274.png,0.3110236220472441,0.6216216216216216,0.3224489795918367,0.2427184466019417,0.3304347826086956,0.5384615384615384
1299,10275,Ogerpon-Cornerstone-Mask,Grass,Rock,80,120,84,60,96,110,550,1.2,39.8,275.0,['sturdy'],,generation-9,,,False,green,humanoid,no-eggs,,slow,5,50,Mask Pokémon,543,This Pokémon's type changes based on which mask it's wearing. It confounds its enemies with nimble movements and kicks.,https://raw.githubusercontent.com/PokeAPI/sprites/master/sprites/pokemon/10275.png,0.3110236220472441,0.6216216216216216,0.3224489795918367,0.2427184466019417,0.3304347826086956,0.5384615384615384
1300,10276,Terapagos-Terastal,Normal,None,95,95,110,105,110,85,600,0.3,16.0,90.0,['tera-shell'],,generation-9,,,False,blue,quadruped,no-eggs,,slow,255,50,Tera Pokémon,548,Terapagos protects itself using its power to transform energy into hard crystals. This Pokémon is the source of the Terastal phenomenon.,https://raw.githubusercontent.com/PokeAPI/sprites/master/sprites/pokemon/10276.png,0.3700787401574803,0.4864864864864865,0.4285714285714285,0.4611650485436893,0.391304347826087,0.4102564102564102
1301,10277,Terapagos-Stellar,Normal,None,160,105,110,130,110,85,700,1.7,77.0,90.0,['teraform-zero'],,generation-9,,,False,blue,quadruped,no-eggs,,slow,255,50,Tera Pokémon,548,Terapagos protects itself using its power to transform energy into hard crystals. This Pokémon is the source of the Terastal phenomenon.,https://raw.githubusercontent.com/PokeAPI/sprites/master/sprites/pokemon/10277.png,0.6259842519685039,0.5405405405405406,0.4285714285714285,0.5825242718446602,0.391304347826087,0.4102564102564102
1302,10278,Clefable-Mega,Fairy,Flying,95,80,93,135,110,70,583,1.7,42.3,,['magic-bounce'],,generation-1,,,False,pink,upright,fairy,mountain,fast,25,140,Fairy Pokémon,14,A timid fairy POKéMON that is rarely seen. It will run and hide the moment it senses people.,,0.3700787401574803,0.4054054054054054,0.3591836734693877,0.6067961165048543,0.391304347826087,0.3333333333333333
1303,10279,Victreebel-Mega,Grass,Poison,80,125,85,135,95,70,590,4.5,125.5,,['innards-out'],,generation-1,,,False,green,blob,plant,forest,medium-slow,45,70,Flycatcher Pokémon,29,"Said to live in huge colonies deep in jungles, although no one has ever returned from there.",https://raw.githubusercontent.com/PokeAPI/sprites/master/sprites/pokemon/10279.png,0.3110236220472441,0.6486486486486487,0.3265306122448979,0.6067961165048543,0.3260869565217391,0.3333333333333333
1304,10280,Starmie-Mega,Water,Psychic,60,100,105,130,105,120,620,2.3,80.0,,['huge-power'],,generation-1,,,False,purple,blob,water3,sea,slow,60,70,Mysterious Pokémon,56,Its central core glows with the seven colors of the rainbow. Some people value the core as a gem.,,0.2322834645669291,0.5135135135135135,0.4081632653061224,0.5825242718446602,0.3695652173913043,0.5897435897435898
1305,10281,Dragonite-Mega,Dragon,Flying,91,124,115,145,125,100,700,2.2,290.0,,['multiscale'],,generation-1,,,False,brown,upright,water1|dragon,waters-edge,slow,45,35,Dragon Pokémon,76,An extremely rarely seen marine POKéMON. Its intelligence is said to match that of humans.,https://raw.githubusercontent.com/PokeAPI/sprites/master/sprites/pokemon/10281.png,0.3543307086614173,0.6432432432432432,0.4489795918367347,0.6553398058252428,0.4565217391304347,0.4871794871794871
1306,10282,Meganium-Mega,Grass,Fairy,80,92,115,143,115,80,625,2.4,201.0,,['mega-sol'],,generation-2,,,False,green,quadruped,monster|plant,grassland,medium-slow,45,70,Herb Pokémon,79,The aroma that rises from its petals contains a substance that calms aggressive feelings.,,0.3110236220472441,0.4702702702702703,0.4489795918367347,0.6456310679611651,0.4130434782608695,0.3846153846153846
1307,10283,Feraligatr-Mega,Water,Dragon,85,160,125,89,93,78,630,2.3,108.8,,['dragonize'],,generation-2,,,False,blue,upright,monster|water1,waters-edge,medium-slow,45,70,Big Jaw Pokémon,81,"When it bites with its massive and powerful jaws, it shakes its head and savagely tears its victim up.",,0.3307086614173228,0.8378378378378378,0.4897959183673469,0.3834951456310679,0.3173913043478261,0.3743589743589743
1308,10284,Skarmory-Mega,Steel,Flying,65,140,110,40,100,110,565,1.7,40.4,,['stalwart'],,generation-2,,,False,gray,wings,flying,rough-terrain,slow,25,70,Armor Bird Pokémon,117,"Its sturdy wings look heavy, but they are actually hollow and light, allowing it to fly freely in the sky.",,0.2519685039370078,0.7297297297297297,0.4285714285714285,0.145631067961165,0.3478260869565217,0.5384615384615384
1309,10285,Froslass-Mega,Ice,Ghost,70,80,70,140,100,120,580,2.6,29.6,,['snow-warning'],,generation-4,,,False,white,arms,fairy|mineral,,medium,75,70,Snow Land Pokémon,186,It freezes foes with an icy breath nearly -60 degrees F. What seems to be its body is actually hollow.,,0.2716535433070866,0.4054054054054054,0.2653061224489796,0.6310679611650486,0.3478260869565217,0.5897435897435898
1310,10286,Emboar-Mega,Fire,Fighting,110,148,75,110,110,75,628,1.8,180.3,,['mold-breaker'],,generation-5,,,False,red,upright,ground,,medium-slow,45,70,Mega Fire Pig Pokémon,257,It can throw a fire punch by setting its fists on fire with its fiery chin. It cares deeply about its friends.,,0.4291338582677165,0.772972972972973,0.2857142857142857,0.4854368932038835,0.391304347826087,0.358974358974359
1311,10287,Excadrill-Mega,Ground,Steel,110,165,100,65,65,103,608,0.9,60.0,,['piercing-drill'],,generation-5,,,False,gray,humanoid,ground,,medium,60,70,Subterrene Pokémon,270,It can help in tunnel construction. Its drill has evolved into steel strong enough to bore through iron plates.,,0.4291338582677165,0.8648648648648649,0.3877551020408163,0.2669902912621359,0.1956521739130435,0.5025641025641026
1312,10288,Scolipede-Mega,Bug,Poison,60,140,149,75,99,62,585,3.2,230.5,,,,generation-5,,,False,red,armor,bug,,medium-slow,45,70,Megapede Pokémon,277,"With quick movements, it chases down its foes, attacking relentlessly with its horns until it prevails.",,0.2322834645669291,0.7297297297297297,0.5877551020408164,0.3155339805825243,0.3434782608695652,0.2923076923076923
1313,10289,Scrafty-Mega,Dark,Fighting,65,130,135,55,135,68,588,1.1,31.0,,,,generation-5,,,False,red,upright,ground|dragon,,medium,90,70,Hoodlum Pokémon,285,Groups of them beat up anything that enters their territory. Each can spit acidic liquid from its mouth.,,0.2519685039370078,0.6756756756756757,0.5306122448979592,0.2184466019417475,0.5,0.3230769230769231
1314,10290,Eelektross-Mega,Electric,None,85,145,80,135,90,80,615,3.0,180.0,,,,generation-5,,,False,blue,fish,indeterminate,,slow,30,70,EleFish Pokémon,306,They crawl out of the ocean using their arms. They will attack prey on shore and immediately drag it into the ocean.,,0.3307086614173228,0.7567567567567568,0.3061224489795918,0.6067961165048543,0.3043478260869565,0.3846153846153846
1315,10291,Chandelure-Mega,Ghost,Fire,60,75,110,175,110,90,620,2.5,69.6,,['infiltrator'],,generation-5,,,False,black,arms,indeterminate,,medium-slow,45,70,Luring Pokémon,308,"It absorbs a spirit, which it then burns. By waving the flames on its arms, it puts its foes into a hypnotic trance.",,0.2322834645669291,0.3783783783783784,0.4285714285714285,0.8009708737864077,0.391304347826087,0.4358974358974359
1316,10292,Chesnaught-Mega,Grass,Fighting,88,137,172,74,115,44,630,1.6,90.0,,['bulletproof'],,generation-6,,,False,green,upright,ground,,medium-slow,45,70,Spiny Armor Pokémon,337,Its Tackle is forceful enough to flip a 50-ton tank. It shields its allies from danger with its own body.,,0.3425196850393701,0.7135135135135136,0.6816326530612244,0.3106796116504854,0.4130434782608695,0.2
1317,10293,Delphox-Mega,Fire,Psychic,75,69,72,159,125,134,634,1.5,39.0,,['levitate'],,generation-6,,,False,red,upright,ground,,medium-slow,45,70,Fox Pokémon,338,"It gazes into the flame at the tip of its branch to achieve a focused state, which allows it to see into the future.",,0.2913385826771653,0.3459459459459459,0.273469387755102,0.7233009708737864,0.4565217391304347,0.6615384615384615
1318,10294,Greninja-Mega,Water,Dark,72,125,77,133,81,142,630,1.5,40.0,,['protean'],,generation-6,,,False,blue,humanoid,water1,,medium-slow,45,70,Ninja Pokémon,339,"It creates throwing stars out of compressed water. When it spins them and throws them at high speed, these stars can split metal in two.",,0.2795275590551181,0.6486486486486487,0.2938775510204082,0.5970873786407767,0.2652173913043478,0.7025641025641025
1319,10295,Pyroar-Mega,Fire,Normal,86,88,92,129,86,126,607,1.5,93.3,,,,generation-6,,,False,brown,quadruped,ground,,medium-slow,65,70,Royal Pokémon,343,The male with the largest mane of fire is the leader of the pride.,,0.3346456692913386,0.4486486486486487,0.3551020408163265,0.5776699029126213,0.2869565217391304,0.6205128205128205
1320,10296,Floette-Mega,Fairy,None,74,85,87,155,148,102,651,0.2,100.8,,['fairy-aura'],,generation-6,,,False,white,arms,fairy,,medium,120,70,Single Bloom Pokémon,344,It flutters around fields of flowers and cares for flowers that are starting to wilt. It draws out the hidden power of flowers to battle.,,0.2874015748031496,0.4324324324324324,0.3346938775510204,0.7038834951456311,0.5565217391304348,0.4974358974358974
1321,10297,Malamar-Mega,Dark,Psychic,86,102,88,98,120,88,582,2.9,69.8,,,,generation-6,,,False,blue,blob,water1|water2,,medium,80,70,Overturning Pokémon,352,"It wields the most compelling hypnotic powers of any Pokémon, and it forces others to do whatever it wants.",,0.3346456692913386,0.5243243243243243,0.3387755102040816,0.4271844660194174,0.4347826086956521,0.4256410256410256
1322,10298,Barbaracle-Mega,Rock,Fighting,72,140,130,64,106,88,600,2.2,100.0,,,,generation-6,,,False,brown,heads,water3,,medium,45,70,Collective Pokémon,353,"When they evolve, two Binacle multiply into seven. They fight with the power of seven Binacle.",,0.2795275590551181,0.7297297297297297,0.5102040816326531,0.2621359223300971,0.3739130434782609,0.4256410256410256
1323,10299,Dragalge-Mega,Poison,Dragon,65,85,105,132,163,44,594,2.1,100.3,,,,generation-6,,,False,brown,blob,water1|dragon,,medium,55,70,Mock Kelp Pokémon,354,"Their poison is strong enough to eat through the hull of a tanker, and they spit it indiscriminately at anything that enters their territory.",,0.2519685039370078,0.4324324324324324,0.4081632653061224,0.5922330097087378,0.6217391304347826,0.2
1324,10300,Hawlucha-Mega,Fighting,Flying,78,137,100,74,93,118,600,1.0,25.0,,['no-guard'],,generation-6,,,False,green,humanoid,flying|humanshape,,medium,100,70,Wrestling Pokémon,359,"Although its body is small, its proficient fighting skills enable it to keep up with big bruisers like Machamp and Hariyama.",,0.3031496062992126,0.7135135135135136,0.3877551020408163,0.3106796116504854,0.3173913043478261,0.5794871794871795
1325,10301,Zygarde-Mega,Dragon,Ground,216,70,91,216,85,100,778,7.7,610.0,,,,generation-6,,,False,green,squiggle,no-eggs,,slow,3,0,Order Pokémon,370,"When the Kalos region’s ecosystem falls into disarray, it appears and reveals its secret power.",,0.8464566929133859,0.3513513513513513,0.3510204081632653,1.0,0.2826086956521739,0.4871794871794871
1326,10302,Drampa-Mega,Normal,Dragon,78,85,110,160,116,36,585,3.0,240.5,,['berserk'],,generation-7,,,False,white,squiggle,monster|dragon,,medium,70,70,Placid Pokémon,406,"It has a compassionate personality, but if it is angered, it completely destroys its surroundings with its intense breath.",,0.3031496062992126,0.4324324324324324,0.4285714285714285,0.7281553398058253,0.417391304347826,0.1589743589743589
1327,10303,Falinks-Mega,Fighting,None,65,135,135,70,65,100,570,1.6,99.0,,,,generation-8,,,False,yellow,heads,fairy|mineral,,medium,45,50,Formation Pokémon,453,"Five of them are troopers, and one is the brass. The brass’s orders are absolute.",,0.2519685039370078,0.7027027027027027,0.5306122448979592,0.2912621359223301,0.1956521739130435,0.4871794871794871
1328,10304,Raichu-Mega-X,Electric,None,60,135,95,90,95,110,585,1.2,38.0,,,,generation-1,,,False,yellow,upright,ground|fairy,forest,medium,75,70,Mouse Pokémon,10,Its long tail serves as a ground to protect itself from its own high-voltage power.,,0.2322834645669291,0.7027027027027027,0.3673469387755102,0.3883495145631068,0.3260869565217391,0.5384615384615384
1329,10305,Raichu-Mega-Y,Electric,None,60,100,55,160,80,130,585,1.0,26.0,,,,generation-1,,,False,yellow,upright,ground|fairy,forest,medium,75,70,Mouse Pokémon,10,Its long tail serves as a ground to protect itself from its own high-voltage power.,,0.2322834645669291,0.5135135135135135,0.2040816326530612,0.7281553398058253,0.2608695652173913,0.6410256410256411
1330,10306,Chimecho-Mega,Psychic,Steel,75,50,110,135,120,65,555,1.2,8.0,,['levitate'],,generation-3,,,False,blue,arms,indeterminate,grassland,fast,45,70,Wind Chime Pokémon,184,"CHIMECHO makes its cries echo inside its hollow body. When this POKéMON becomes enraged, its cries result in ultrasonic waves that have the power to knock foes flying.",,0.2913385826771653,0.2432432432432432,0.4285714285714285,0.6067961165048543,0.4347826086956521,0.3076923076923077
1331,10307,Absol-Mega-Z,Dark,Ghost,65,154,60,75,60,151,565,1.2,49.0,,,,generation-3,,,False,white,quadruped,ground,mountain,medium-slow,30,35,Disaster Pokémon,185,"Every time ABSOL appears before people, it is followed by a disaster such as an earthquake or a tidal wave. As a result, it came to be known as the disaster POKéMON.",,0.2519685039370078,0.8054054054054054,0.2244897959183673,0.3155339805825243,0.1739130434782608,0.7487179487179487
1332,10308,Staraptor-Mega,Fighting,Flying,85,140,100,60,90,110,585,1.9,50.0,,,,generation-4,,,False,brown,wings,flying,,medium-slow,45,70,Predator Pokémon,206,It has a savage nature. It will courageously challenge foes that are much larger.,,0.3307086614173228,0.7297297297297297,0.3877551020408163,0.2427184466019417,0.3043478260869565,0.5384615384615384
1333,10309,Garchomp-Mega-Z,Dragon,None,108,130,85,141,85,151,700,1.9,99.0,,,,generation-4,,,False,blue,upright,monster|dragon,,slow,45,70,Mach Pokémon,230,"When it folds up its body and extends its wings, it looks like a jet plane. It flies at sonic speed.",,0.421259842519685,0.6756756756756757,0.3265306122448979,0.6359223300970874,0.2826086956521739,0.7487179487179487
1334,10310,Lucario-Mega-Z,Fighting,Steel,70,100,70,164,70,151,625,1.3,49.4,,,,generation-4,,,False,blue,upright,ground|humanshape,,medium-slow,45,70,Aura Pokémon,232,It has the ability to sense the auras of all things. It understands human speech.,,0.2716535433070866,0.5135135135135135,0.2653061224489796,0.7475728155339806,0.217391304347826,0.7487179487179487
1335,10311,Heatran-Mega,Fire,Steel,91,120,106,175,141,67,700,2.8,570.0,,,,generation-4,,,False,brown,quadruped,no-eggs,,slow,3,100,Lava Dome Pokémon,246,It dwells in volcanic caves. It digs in with its cross-shaped feet to crawl on ceilings and walls.,,0.3543307086614173,0.6216216216216216,0.4122448979591837,0.8009708737864077,0.5260869565217391,0.3179487179487179
1336,10312,Darkrai-Mega,Dark,None,70,120,130,165,130,85,700,3.0,240.0,,,,generation-4,,,False,black,humanoid,no-eggs,,slow,3,0,Pitch-Black Pokémon,252,It can lull people to sleep and make them dream. It is active during nights of the new moon.,,0.2716535433070866,0.6216216216216216,0.5102040816326531,0.7524271844660194,0.4782608695652174,0.4102564102564102
1337,10313,Golurk-Mega,Ground,Ghost,89,159,105,70,105,55,583,4.0,330.0,,['unseen-fist'],,generation-5,,,False,green,humanoid,mineral,,medium,90,70,Automaton Pokémon,316,It flies across the sky at Mach speeds. Removing the seal on its chest makes its internal energy go out of control.,,0.3464566929133858,0.8324324324324325,0.4081632653061224,0.2912621359223301,0.3695652173913043,0.2564102564102564
1338,10314,Meowstic-Mega,Psychic,None,74,48,76,143,101,124,566,0.8,10.1,,['trace'],,generation-6,,,False,blue,upright,ground,,medium,75,70,Constraint Pokémon,348,"When in danger, it raises its ears and releases enough psychic power to grind a 10-ton truck into dust.",,0.2874015748031496,0.2324324324324324,0.2897959183673469,0.6456310679611651,0.3521739130434783,0.6102564102564103
1339,10315,Crabominable-Mega,Fighting,Ice,97,157,122,62,107,33,578,2.6,252.8,,['iron-fist'],,generation-7,,,False,white,armor,water3,,medium,60,70,Woolly Crab Pokémon,380,"It aimed for the top but got lost and ended up on a snowy mountain. Being forced to endure the cold, this Pokémon evolved and grew fur.",,0.3779527559055118,0.8216216216216217,0.4775510204081633,0.2524271844660194,0.3782608695652174,0.1435897435897435
1340,10316,Golisopod-Mega,Bug,Steel,75,150,175,70,120,40,630,2.3,148.0,,,,generation-7,,,False,gray,humanoid,bug|water3,,medium,45,70,Hard Scale Pokémon,396,"With a flashing slash of its giant sharp claws, it cleaves seawater—or even air—right in two.",,0.2913385826771653,0.7837837837837838,0.6938775510204082,0.2912621359223301,0.4347826086956521,0.1794871794871795
1341,10317,Magearna-Mega,Steel,Fairy,80,125,115,170,115,95,700,1.3,248.1,,,,generation-7,,,False,gray,humanoid,no-eggs,,slow,3,0,Artificial Pokémon,422,"This artificial Pokémon, constructed more than 500 years ago, can understand human speech but cannot itself speak.",,0.3110236220472441,0.6486486486486487,0.4489795918367347,0.7766990291262136,0.4130434782608695,0.4615384615384615
1342,10318,Magearna-Original-Mega,Steel,Fairy,80,125,115,170,115,95,700,1.3,248.1,,,,generation-7,,,False,gray,humanoid,no-eggs,,slow,3,0,Artificial Pokémon,422,"This artificial Pokémon, constructed more than 500 years ago, can understand human speech but cannot itself speak.",,0.3110236220472441,0.6486486486486487,0.4489795918367347,0.7766990291262136,0.4130434782608695,0.4615384615384615
1343,10319,Zeraora-Mega,Electric,None,88,157,75,147,80,153,700,1.5,44.5,,,,generation-7,,,False,yellow,humanoid,no-eggs,,slow,3,0,Thunderclap Pokémon,427,"It electrifies its claws and tears its opponents apart with them. Even if they dodge its attack, they’ll be electrocuted by the flying sparks.",,0.3425196850393701,0.8216216216216217,0.2857142857142857,0.6650485436893204,0.2608695652173913,0.7589743589743589
1344,10320,Scovillain-Mega,Grass,Fire,65,138,85,138,85,75,586,1.2,22.0,,['spicy-spray'],,generation-9,,,False,green,upright,plant,,medium,75,50,Spicy Pepper Pokémon,498,The red head converts spicy chemicals into fire energy and blasts the surrounding area with a super spicy stream of flame.,,0.2519685039370078,0.7189189189189189,0.3265306122448979,0.6213592233009708,0.2826086956521739,0.358974358974359
1345,10321,Glimmora-Mega,Rock,Poison,83,90,105,150,96,101,625,2.8,77.0,,['adaptability'],,generation-9,,,False,blue,ball,mineral,,medium-slow,25,50,Ore Pokémon,508,"When this Pokémon detects danger, it will open up its crystalline petals and fire beams from its conical body.",,0.3228346456692913,0.4594594594594595,0.4081632653061224,0.6796116504854369,0.3304347826086956,0.4923076923076923
1346,10322,Tatsugiri-Curly-Mega,Dragon,Water,68,65,90,135,125,92,575,0.6,24.0,,,,generation-9,,,False,pink,fish,water2,,medium-slow,100,50,Mimicry Pokémon,514,This is a small dragon Pokémon. It lives inside the mouth of Dondozo to protect itself from enemies on the outside.,,0.2637795275590551,0.3243243243243243,0.3469387755102041,0.6067961165048543,0.4565217391304347,0.4461538461538462
1347,10323,Tatsugiri-Droopy-Mega,Dragon,Water,68,65,90,135,125,92,575,0.6,24.0,,,,generation-9,,,False,pink,fish,water2,,medium-slow,100,50,Mimicry Pokémon,514,This is a small dragon Pokémon. It lives inside the mouth of Dondozo to protect itself from enemies on the outside.,,0.2637795275590551,0.3243243243243243,0.3469387755102041,0.6067961165048543,0.4565217391304347,0.4461538461538462
1348,10324,Tatsugiri-Stretchy-Mega,Dragon,Water,68,65,90,135,125,92,575,0.6,24.0,,,,generation-9,,,False,pink,fish,water2,,medium-slow,100,50,Mimicry Pokémon,514,This is a small dragon Pokémon. It lives inside the mouth of Dondozo to protect itself from enemies on the outside.,,0.2637795275590551,0.3243243243243243,0.3469387755102041,0.6067961165048543,0.4565217391304347,0.4461538461538462
1349,10325,Baxcalibur-Mega,Dragon,Ice,115,175,117,105,101,87,700,2.1,315.0,,,,generation-9,,,False,gray,upright,dragon|mineral,,slow,10,50,Ice Dragon Pokémon,527,This Pokémon blasts cryogenic air out from its mouth. This air can instantly freeze even liquid-hot lava.,,0.4488188976377952,0.918918918918919,0.4571428571428571,0.4611650485436893,0.3521739130434783,0.4205128205128205
